HANDELSID,TID,PRIS,VOLUM,TYPE
1IV251B9R,16:28:08,268.60,557,Trading at last
1IV251B9Q,16:28:08,268.60,750,Trading at last
1IV251B9N,16:28:00,268.60,109,Trading at last
1IV251B9M,16:28:00,268.60,41,Trading at last
1IV251B9L,16:28:00,268.60,109,Trading at last
1IV251B9K,16:28:00,268.60,41,Trading at last
1IV251B9J,16:28:00,268.60,109,Trading at last
1IV251B9I,16:28:00,268.60,41,Trading at last
1IV251B9H,16:28:00,268.60,109,Trading at last
1IV251B9G,16:28:00,268.60,41,Trading at last
1IV251B9F,16:28:00,268.60,109,Trading at last
1IV251B9E,16:28:00,268.60,41,Trading at last
1IV251B9D,16:28:00,268.60,109,Trading at last
1IV251B9C,16:28:00,268.60,41,Trading at last
1IV251B9B,16:28:00,268.60,109,Trading at last
1IV251B9A,16:28:00,268.60,41,Trading at last
1IV251B99,16:28:00,268.60,109,Trading at last
1IV251B98,16:28:00,268.60,41,Trading at last
1IV251B97,16:28:00,268.60,150,Trading at last
1IV251B96,16:28:00,268.60,109,Trading at last
1IV251B95,16:28:00,268.60,41,Trading at last
1IV251B94,16:28:00,268.60,109,Trading at last
1IV251B93,16:28:00,268.60,41,Trading at last
1IV251B92,16:28:00,268.60,109,Trading at last
1IV251B91,16:28:00,268.60,41,Trading at last
1IV251B90,16:28:00,268.60,109,Trading at last
1IV251B8Z,16:28:00,268.60,41,Trading at last
1IV251B8Y,16:28:00,268.60,1 184,Trading at last
1IV251B8X,16:28:00,268.60,109,Trading at last
1IV251B8W,16:28:00,268.60,41,Trading at last
1IV251B8V,16:28:00,268.60,109,Trading at last
1IV251B8U,16:28:00,268.60,41,Trading at last
1IV251B8T,16:28:00,268.60,109,Trading at last
1IV251B8S,16:28:00,268.60,41,Trading at last
1IV251B8R,16:28:00,268.60,109,Trading at last
1IV251B8Q,16:28:00,268.60,41,Trading at last
1IV251B8P,16:28:00,268.60,150,Trading at last
1IV251B8O,16:28:00,268.60,900,Trading at last
1IV251B8N,16:28:00,268.60,726,Trading at last
1IV251B8M,16:28:00,268.60,24,Trading at last
1IV251B8L,16:28:00,268.60,750,Trading at last
1IV251B8K,16:28:00,268.60,919,Trading at last
1IV251B8J,16:28:00,268.60,1 224,Trading at last
1IV251B8I,16:28:00,268.60,857,Trading at last
1IV251B85,16:27:10,268.60,401,Trading at last
1IV251B7L,16:26:15,268.60,150,Trading at last
1IV251B7K,16:26:15,268.60,150,Trading at last
1IV251B7J,16:26:15,268.60,150,Trading at last
1IV251B7I,16:26:15,268.60,150,Trading at last
1IV251B7H,16:26:15,268.60,150,Trading at last
1IV251B7G,16:26:15,268.60,150,Trading at last
1IV251B7F,16:26:15,268.60,150,Trading at last
1IV251B7E,16:26:15,268.60,150,Trading at last
1IV251B7D,16:26:15,268.60,150,Trading at last
1IV251B7C,16:26:15,268.60,150,Trading at last
1IV251B7B,16:26:15,268.60,150,Trading at last
1IV251B7A,16:26:15,268.60,150,Trading at last
1IV251B79,16:26:15,268.60,150,Trading at last
1IV251B78,16:26:15,268.60,150,Trading at last
1IV251B77,16:26:15,268.60,150,Trading at last
1IV251B76,16:26:15,268.60,150,Trading at last
1IV251B75,16:26:15,268.60,150,Trading at last
1IV251B74,16:26:15,268.60,150,Trading at last
1IV251B73,16:26:15,268.60,150,Trading at last
1IV251B72,16:26:15,268.60,150,Trading at last
1IV251B71,16:26:15,268.60,150,Trading at last
1IV251B70,16:26:15,268.60,150,Trading at last
1IV251B6Z,16:26:15,268.60,150,Trading at last
1IV251B6Y,16:26:15,268.60,150,Trading at last
1IV251B6X,16:26:15,268.60,150,Trading at last
1IV251B6W,16:26:15,268.60,150,Trading at last
1IV251B6V,16:26:15,268.60,150,Trading at last
1IV251B6U,16:26:15,268.60,150,Trading at last
1IV251B6T,16:26:15,268.60,150,Trading at last
1IV251B6S,16:26:15,268.60,150,Trading at last
1IV251B6R,16:26:15,268.60,150,Trading at last
1IV251B6Q,16:26:15,268.60,150,Trading at last
1IV251B6P,16:26:15,268.60,150,Trading at last
1IV251B6O,16:26:15,268.60,626,Trading at last
1IV251B6N,16:25:56,268.60,150,Trading at last
1IV251B6M,16:25:56,268.60,150,Trading at last
1IV251B6L,16:25:56,268.60,150,Trading at last
1IV251B6K,16:25:56,268.60,150,Trading at last
1IV251B6J,16:25:56,268.60,150,Trading at last
1IV251B6I,16:25:56,268.60,150,Trading at last
1IV251B6H,16:25:56,268.60,150,Trading at last
1IV251B6G,16:25:56,268.60,150,Trading at last
1IV251B6F,16:25:56,268.60,150,Trading at last
1IV251B6E,16:25:56,268.60,150,Trading at last
1IV251B6D,16:25:56,268.60,150,Trading at last
1IV251B6C,16:25:56,268.60,150,Trading at last
1IV251B6B,16:25:56,268.60,150,Trading at last
1IV251B6A,16:25:56,268.60,150,Trading at last
1IV251B69,16:25:56,268.60,150,Trading at last
1IV251B68,16:25:56,268.60,150,Trading at last
1IV251B67,16:25:53,268.60,150,Trading at last
1IV251B66,16:25:53,268.60,150,Trading at last
1IV251B65,16:25:53,268.60,150,Trading at last
1IV251B64,16:25:53,268.60,150,Trading at last
1IV251B63,16:25:53,268.60,150,Trading at last
1IV251B62,16:25:53,268.60,150,Trading at last
1IV251B61,16:25:53,268.60,150,Trading at last
1IV251B60,16:25:53,268.60,150,Trading at last
1IV251B5Z,16:25:53,268.60,150,Trading at last
1IV251B5Y,16:25:53,268.60,150,Trading at last
1IV251B5X,16:25:53,268.60,150,Trading at last
1IV251B5W,16:25:53,268.60,150,Trading at last
1IV251B5S,16:25:37,268.60,126,Trading at last
1IV251B5R,16:25:37,268.60,24,Trading at last
1IV251B5Q,16:25:37,268.60,150,Trading at last
1IV251B5P,16:25:37,268.60,150,Trading at last
1IV251B5O,16:25:37,268.60,150,Trading at last
1IV251B5N,16:25:37,268.60,150,Trading at last
1IV251B5M,16:25:37,268.60,150,Trading at last
1IV251B5L,16:25:37,268.60,150,Trading at last
1IV251B5K,16:25:37,268.60,150,Trading at last
1IV251B5J,16:25:37,268.60,150,Trading at last
1IV251B5I,16:25:37,268.60,150,Trading at last
1IV251B3N,16:25:11,268.60,150,Trading at last
1IV251B3M,16:25:11,268.60,150,Trading at last
1IV251B3L,16:25:11,268.60,150,Trading at last
1IV251B3K,16:25:11,268.60,150,Trading at last
1IV251B3J,16:25:11,268.60,150,Trading at last
1IV251B3I,16:25:11,268.60,150,Trading at last
1IV251B3H,16:25:11,268.60,150,Trading at last
1IV251B3G,16:25:11,268.60,150,Trading at last
1IV251B3F,16:25:11,268.60,150,Trading at last
1IV251B3E,16:25:11,268.60,150,Trading at last
1IV251B3D,16:25:11,268.60,450,Trading at last
1IV251B3C,16:25:11,268.60,150,Trading at last
1IV251B3B,16:25:11,268.60,150,Trading at last
1IV251B3A,16:25:11,268.60,150,Trading at last
1IV251B39,16:25:11,268.60,150,Trading at last
1IV251B38,16:25:11,268.60,150,Trading at last
1IV251B37,16:25:10,268.60,450,Trading at last
1IV251B36,16:25:10,268.60,150,Trading at last
1IV251B35,16:25:09,268.60,150,Trading at last
1IV251B34,16:25:09,268.60,150,Trading at last
1IV251B33,16:25:09,268.60,150,Trading at last
1IV251B32,16:25:09,268.60,149,Trading at last
1IV251B31,16:25:07,268.60,150,Trading at last
1IV251B30,16:25:07,268.60,150,Trading at last
1IV251B2Z,16:25:07,268.60,150,Trading at last
1IV251B2Y,16:25:07,268.60,150,Trading at last
1IV251B2X,16:25:07,268.60,150,Trading at last
1IV251B2W,16:25:07,268.60,150,Trading at last
1IV251B2V,16:25:07,268.60,150,Trading at last
1IV251B2U,16:25:07,268.60,150,Trading at last
1IV251B2T,16:25:07,268.60,150,Trading at last
1IV251B2S,16:25:07,268.60,150,Trading at last
1IV251B2R,16:25:07,268.60,150,Trading at last
1IV251B2Q,16:25:07,268.60,150,Trading at last
1IV251B2P,16:25:07,268.60,150,Trading at last
1IV251B2O,16:25:07,268.60,150,Trading at last
1IV251B2N,16:25:07,268.60,150,Trading at last
1IV251B2M,16:25:05,268.60,150,Trading at last
1IV251B2L,16:25:05,268.60,150,Trading at last
1IV251B2K,16:25:05,268.60,150,Trading at last
1IV251B2J,16:25:05,268.60,150,Trading at last
1IV251B2I,16:25:05,268.60,150,Trading at last
1IV251B2H,16:25:05,268.60,150,Trading at last
1IV251B2G,16:25:05,268.60,150,Trading at last
1IV251B2F,16:25:05,268.60,150,Trading at last
1IV251B2E,16:25:05,268.60,150,Trading at last
1IV251B2D,16:25:05,268.60,150,Trading at last
1IV251B2C,16:25:05,268.60,150,Trading at last
1IV251B2B,16:25:05,268.60,150,Trading at last
1IV251B2A,16:25:05,268.60,150,Trading at last
1IV251B29,16:25:05,268.60,150,Trading at last
1IV251B28,16:25:05,268.60,150,Trading at last
1IV251B27,16:25:05,268.60,300,Trading at last
1IV251B26,16:25:05,268.60,450,Trading at last
1IV251B25,16:25:01,268.60,400,Trading at last
1IV251B24,16:25:01,268.60,327,Trading at last
1IV251B23,16:25:01,268.60,2 173,Trading at last
1IV251B22,16:25:01,268.60,729,Auction
1IV251B21,16:25:01,268.60,471,Auction
1IV251B20,16:25:01,268.60,734,Auction
1IV251B1Z,16:25:01,268.60,996,Auction
1IV251B1Y,16:25:01,268.60,800,Auction
1IV251B1X,16:25:01,268.60,741,Auction
1IV251B1W,16:25:01,268.60,459,Auction
1IV251B1V,16:25:01,268.60,762,Auction
1IV251B1U,16:25:01,268.60,968,Auction
1IV251B1T,16:25:01,268.60,3 582,Auction
1IV251B1S,16:25:01,268.60,2 754,Auction
1IV251B1R,16:25:01,268.60,1 466,Auction
1IV251B1Q,16:25:01,268.60,100,Auction
1IV251B1P,16:25:01,268.60,292,Auction
1IV251B1O,16:25:01,268.60,2 640,Auction
1IV251B1N,16:25:01,268.60,2 031,Auction
1IV251B1M,16:25:01,268.60,2 492,Auction
1IV251B1L,16:25:01,268.60,1 261,Auction
1IV251B1K,16:25:01,268.60,1 477,Auction
1IV251B1J,16:25:01,268.60,2 763,Auction
1IV251B1I,16:25:01,268.60,4 924,Auction
1IV251B1H,16:25:01,268.60,307,Auction
1IV251B1G,16:25:01,268.60,500,Auction
1IV251B1F,16:25:01,268.60,3 578,Auction
1IV251B1E,16:25:01,268.60,10,Auction
1IV251B1D,16:25:01,268.60,2 920,Auction
1IV251B1C,16:25:01,268.60,5 767,Auction
1IV251B1B,16:25:01,268.60,1 168,Auction
1IV251B1A,16:25:01,268.60,659,Auction
1IV251B19,16:25:01,268.60,3 731,Auction
1IV251B18,16:25:01,268.60,583,Auction
1IV251B17,16:25:01,268.60,1 097,Auction
1IV251B16,16:25:01,268.60,1 826,Auction
1IV251B15,16:25:01,268.60,987,Auction
1IV251B14,16:25:01,268.60,207,Auction
1IV251B13,16:25:01,268.60,261,Auction
1IV251B12,16:25:01,268.60,155,Auction
1IV251B11,16:25:01,268.60,3 716,Auction
1IV251B10,16:25:01,268.60,3 500,Auction
1IV251B0Z,16:25:01,268.60,3 457,Auction
1IV251B0Y,16:25:01,268.60,248,Auction
1IV251B0X,16:25:01,268.60,47,Auction
1IV251B0W,16:25:01,268.60,176,Auction
1IV251B0V,16:25:01,268.60,2 059,Auction
1IV251B0U,16:25:01,268.60,3 205,Auction
1IV251B0T,16:25:01,268.60,176,Auction
1IV251B0S,16:25:01,268.60,1 921,Auction
1IV251B0R,16:25:01,268.60,2 953,Auction
1IV251B0Q,16:25:01,268.60,4 469,Auction
1IV251B0P,16:25:01,268.60,33 524,Auction
1IV251B0O,16:25:01,268.60,11 431,Auction
1IV251B0N,16:25:01,268.60,685,Auction
1IV251B0M,16:25:01,268.60,1 135,Auction
1IV251B0L,16:25:01,268.60,1 008,Auction
1IV251B0K,16:25:01,268.60,1 139,Auction
1IV251B0J,16:25:01,268.60,520,Auction
1IV251B0I,16:25:01,268.60,7 725,Auction
1IV251B0H,16:25:01,268.60,1 219,Auction
1IV251B0G,16:25:01,268.60,3 132,Auction
1IV251B0F,16:25:01,268.60,229,Auction
1IV251B0E,16:25:01,268.60,2 440,Auction
1IV251B0D,16:25:01,268.60,13,Auction
1IV251B0C,16:25:01,268.60,641,Auction
1IV251B0B,16:25:01,268.60,8 569,Auction
1IV251B0A,16:25:01,268.60,1 524,Auction
1IV251B09,16:25:01,268.60,6 614,Auction
1IV251B08,16:25:01,268.60,6 759,Auction
1IV251B07,16:25:01,268.60,741,Auction
1IV251B06,16:25:01,268.60,150,Auction
1IV251B05,16:25:01,268.60,1 776,Auction
1IV251B04,16:25:01,268.60,17 236,Auction
1IV251B03,16:25:01,268.60,12 338,Auction
1IV251B02,16:25:01,268.60,13 594,Auction
1IV251B01,16:25:01,268.60,689,Auction
1IV251B00,16:25:01,268.60,4 380,Auction
1IV251AZZ,16:25:01,268.60,460,Auction
1IV251AZY,16:25:01,268.60,2 644,Auction
1IV251AZX,16:25:01,268.60,2 000,Auction
1IV251AZW,16:25:01,268.60,6 154,Auction
1IV251AZV,16:25:01,268.60,546,Auction
1IV251AZU,16:25:01,268.60,12 668,Auction
1IV251AZT,16:25:01,268.60,594,Auction
1IV251AZS,16:25:01,268.60,658,Auction
1IV251AZR,16:25:01,268.60,3 471,Auction
1IV251AZQ,16:25:01,268.60,502,Auction
1IV251AZP,16:25:01,268.60,12 454,Auction
1IV251AZO,16:25:01,268.60,7 773,Auction
1IV251AZN,16:25:01,268.60,754,Auction
1IV251AZM,16:25:01,268.60,4 565,Auction
1IV251AZL,16:25:01,268.60,10 261,Auction
1IV251AZK,16:25:01,268.60,13 062,Auction
1IV251AZJ,16:25:01,268.60,62,Auction
1IV251AZI,16:25:01,268.60,11 496,Auction
1IV251AZH,16:25:01,268.60,4 797,Auction
1IV251AZG,16:25:01,268.60,465,Auction
1IV251AZF,16:25:01,268.60,3,Auction
1IV251AZE,16:25:01,268.60,3 298,Auction
1IV251AZD,16:25:01,268.60,3 945,Auction
1IV251AZC,16:25:01,268.60,35 924,Auction
1IV251AZB,16:25:01,268.60,5 555,Auction
1IV251AZA,16:25:01,268.60,2 514,Auction
1IV251AZ9,16:25:01,268.60,2 325,Auction
1IV251AZ8,16:25:01,268.60,2 326,Auction
1IV251AZ7,16:25:01,268.60,1 586,Auction
1IV251AZ6,16:25:01,268.60,37,Auction
1IV251AZ5,16:25:01,268.60,36,Auction
1IV251AZ4,16:25:01,268.60,111,Auction
1IV251AZ3,16:25:01,268.60,109,Auction
1IV251AZ2,16:25:01,268.60,42,Auction
1IV251AZ1,16:25:01,268.60,5 057,Auction
1IV251AZ0,16:25:01,268.60,570,Auction
1IV251AYZ,16:25:01,268.60,7 018,Auction
1IV251AYY,16:25:01,268.60,5 868,Auction
1IV251AYX,16:25:01,268.60,505,Auction
1IV251AYW,16:25:01,268.60,5 285,Auction
1IV251AYV,16:25:01,268.60,3 876,Auction
1IV251AYU,16:25:01,268.60,6 580,Auction
1IV251AYT,16:25:01,268.60,5 644,Auction
1IV251AYS,16:25:01,268.60,3 436,Auction
1IV251AYR,16:25:01,268.60,1 430,Auction
1IV251AYQ,16:25:01,268.60,3 530,Auction
1IV251AYP,16:25:01,268.60,2 002,Auction
1IV251AYO,16:25:01,268.60,967,Auction
1IV251AYN,16:25:01,268.60,865,Auction
1IV251AYM,16:25:01,268.60,12 424,Auction
1IV251AYL,16:25:01,268.60,1 130,Auction
1IV251AYK,16:25:01,268.60,1 520,Auction
1IV251AYJ,16:25:01,268.60,5 840,Auction
1IV251AYI,16:25:01,268.60,22 040,Auction
1IV251AYH,16:25:01,268.60,5 478,Auction
1IV251AYG,16:25:01,268.60,3 522,Auction
1IV251AYF,16:25:01,268.60,120,Auction
1IV251AYE,16:25:01,268.60,4 482,Auction
1IV251AYD,16:25:01,268.60,809,Auction
1IV251AYC,16:25:01,268.60,6 748,Auction
1IV251AYB,16:25:01,268.60,1 431,Auction
1IV251AYA,16:25:01,268.60,5 857,Auction
1IV251AY9,16:25:01,268.60,11 238,Auction
1IV251AY8,16:25:01,268.60,2 808,Auction
1IV251AY7,16:25:01,268.60,35,Auction
1IV251AY6,16:25:01,268.60,6 828,Auction
1IV251AY5,16:25:01,268.60,1 099,Auction
1IV251AY4,16:25:01,268.60,1 254,Auction
1IV251AY3,16:25:01,268.60,653,Auction
1IV251AY2,16:25:01,268.60,1 184,Auction
1IV251AY1,16:25:01,268.60,10 877,Auction
1IV251AY0,16:25:01,268.60,58,Auction
1IV251AXZ,16:25:01,268.60,2 042,Auction
1IV251AXY,16:25:01,268.60,169,Auction
1IV251AXX,16:25:01,268.60,2 080,Auction
1IV251AXW,16:25:01,268.60,5 930,Auction
1IV251AXV,16:25:01,268.60,2 289,Auction
1IV251AXU,16:25:01,268.60,11 027,Auction
1IV251AXT,16:25:01,268.60,5 874,Auction
1IV251AXS,16:25:01,268.60,20 867,Auction
1IV251AXR,16:25:01,268.60,7 058,Auction
1IV251AXQ,16:25:01,268.60,1 469,Auction
1IV251AXP,16:25:01,268.60,293,Auction
1IV251AXO,16:25:01,268.60,8 286,Auction
1IV251AXN,16:25:01,268.60,11 118,Auction
1IV251AXM,16:25:01,268.60,2 481,Auction
1IV251AXL,16:25:01,268.60,1 915,Auction
1IV251AXK,16:25:01,268.60,1 952,Auction
1IV251AXJ,16:25:01,268.60,8 644,Auction
1IV251AXI,16:25:01,268.60,8 596,Auction
1IV251AXH,16:25:01,268.60,13 390,Auction
1IV251AXG,16:25:01,268.60,3 555,Auction
1IV251AXF,16:25:01,268.60,4,Auction
1IV251AXE,16:25:01,268.60,1 528,Auction
1IV251AXD,16:25:01,268.60,1 189,Auction
1IV251AXC,16:25:01,268.60,3 285,Auction
1IV251AXB,16:25:01,268.60,7 371,Auction
1IV251AXA,16:25:01,268.60,1 883,Auction
1IV251AX9,16:25:01,268.60,1,Auction
1IV251AX8,16:25:01,268.60,5,Auction
1IV251AX7,16:25:01,268.60,55,Auction
1IV251AX6,16:25:01,268.60,2 084,Auction
1IV251AX5,16:25:01,268.60,4 073,Auction
1IV251AX4,16:25:01,268.60,2,Auction
1IV251AX3,16:25:01,268.60,702,Auction
1IV251AX2,16:25:01,268.60,64,Auction
1IV251AX1,16:25:01,268.60,9 809,Auction
1IV251AX0,16:25:01,268.60,826,Auction
1IV251AWZ,16:25:01,268.60,330,Auction
1IV251AWY,16:25:01,268.60,6,Auction
1IV251AWX,16:25:01,268.60,271,Auction
1IV251AWW,16:25:01,268.60,1 024,Auction
1IV251AWV,16:25:01,268.60,14,Auction
1IV251AWU,16:25:01,268.60,3 413,Auction
1IV251AWT,16:25:01,268.60,1 579,Auction
1IV251AWS,16:25:01,268.60,1 892,Auction
1IV251AWR,16:25:01,268.60,1 543,Auction
1IV251AWQ,16:25:01,268.60,9 034,Auction
1IV251AWP,16:25:01,268.60,485,Auction
1IV251AWO,16:25:01,268.60,2 074,Auction
1IV251AWN,16:25:01,268.60,53,Auction
1IV251AWM,16:25:01,268.60,116,Auction
1IV251AWL,16:25:01,268.60,35,Auction
1IV251AWK,16:25:01,268.60,842,Auction
1IV251AWJ,16:25:01,268.60,1 116,Auction
1IV251AWI,16:25:01,268.60,1 024,Auction
1IV251AWH,16:25:01,268.60,3,Auction
1IV251AWG,16:25:01,268.60,49,Auction
1IV251AV9,16:19:59,268.45,21,Exchange Continuous
1IV251AV8,16:19:58,268.45,17,Exchange Continuous
1IV251AV5,16:19:56,268.45,17,Exchange Continuous
1IV251AV4,16:19:55,268.45,20,Exchange Continuous
1IV251AUR,16:19:10,268.40,436,Exchange Continuous
1IV251AUQ,16:19:08,268.40,169,Exchange Continuous
1IV251AUP,16:19:08,268.45,20,Exchange Continuous
1IV251AUO,16:19:08,268.35,465,Exchange Continuous
1IV251AUH,16:18:33,268.35,73,Exchange Continuous
1IV251AUG,16:18:32,268.25,270,Exchange Continuous
1IV251AUF,16:18:32,268.25,436,Exchange Continuous
1IV251AUE,16:18:32,268.25,70,Exchange Continuous
1IV251AUD,16:18:32,268.20,200,Exchange Continuous
1IV251AUC,16:18:32,268.25,168,Exchange Continuous
1IV251AUB,16:18:32,268.25,436,Exchange Continuous
1IV251AU2,16:18:19,268.35,122,Exchange Continuous
1IV251AU1,16:18:19,268.35,122,Exchange Continuous
1IV251AU0,16:18:19,268.35,236,Exchange Continuous
1IV251ATZ,16:18:19,268.35,270,Exchange Continuous
1IV251ATY,16:18:19,268.35,112,Exchange Continuous
1IV251ATX,16:18:19,268.35,17,Exchange Continuous
1IV251ATW,16:18:19,268.35,14,Exchange Continuous
1IV251ATV,16:18:12,268.40,50,Exchange Continuous
1IV251ATU,16:18:12,268.40,250,Exchange Continuous
1IV251ATT,16:18:12,268.35,461,Exchange Continuous
1IV251ATS,16:18:12,268.35,136,Exchange Continuous
1IV251ATR,16:18:12,268.35,300,Exchange Continuous
1IV251ATP,16:18:01,268.30,14,Exchange Continuous
1IV251ATO,16:18:01,268.30,81,Exchange Continuous
1IV251ATN,16:18:00,268.25,218,Exchange Continuous
1IV251ATM,16:18:00,268.25,218,Exchange Continuous
1IV251ATL,16:17:51,268.30,344,Exchange Continuous
1IV251ATK,16:17:51,268.30,459,Exchange Continuous
1IV251ATJ,16:17:51,268.30,46,Exchange Continuous
1IV251ATI,16:17:51,268.30,390,Exchange Continuous
1IV251ATH,16:17:51,268.30,459,Exchange Continuous
1IV251ATF,16:17:32,268.35,57,Exchange Continuous
1IV251ATE,16:17:32,268.35,183,Exchange Continuous
1IV251ATD,16:17:32,268.35,253,Exchange Continuous
1IV251ATC,16:17:30,268.35,157,Exchange Continuous
1IV251ATA,16:17:16,268.40,388,Exchange Continuous
1IV251AT9,16:17:16,268.40,334,Exchange Continuous
1IV251AT8,16:17:16,268.40,21,Exchange Continuous
1IV251AT7,16:17:07,268.40,245,Exchange Continuous
1IV251AT1,16:16:25,268.35,8,Exchange Continuous
1IV251AT0,16:16:11,268.35,413,Exchange Continuous
1IV251ASZ,16:16:11,268.35,10,Exchange Continuous
1IV251ASP,16:15:32,268.25,3 573,Retail Matching Facility
1IV251ASO,16:15:32,268.25,847,Retail Matching Facility
1IV251ASN,16:15:32,268.25,600,Retail Matching Facility
1IV251ASM,16:15:32,268.30,436,Exchange Continuous
1IV251ASL,16:15:32,268.30,117,Exchange Continuous
1IV251ASK,16:15:32,268.30,600,Retail Matching Facility
1IV251AS9,16:15:05,268.25,7,Exchange Continuous
1IV251AS8,16:15:05,268.25,14,Exchange Continuous
1IV251AS7,16:15:02,268.30,50,Exchange Continuous
1IV251AS6,16:15:00,268.30,213,Exchange Continuous
1IV251AS5,16:15:00,268.30,213,Exchange Continuous
1IV251AS3,16:14:53,268.35,436,Exchange Continuous
1IV251AS2,16:14:53,268.35,70,Exchange Continuous
1IV251AS1,16:14:53,268.35,66,Exchange Continuous
1IV251ARZ,16:14:48,268.35,12,Exchange Continuous
1IV251ARY,16:14:48,268.35,101,Exchange Continuous
1IV251ARX,16:14:48,268.30,245,Exchange Continuous
1IV251ARW,16:14:48,268.30,124,Exchange Continuous
1IV251ARR,16:14:26,268.25,309,Exchange Continuous
1IV251ARQ,16:14:26,268.25,436,Exchange Continuous
1IV251ARP,16:14:26,268.25,51,Exchange Continuous
1IV251ARO,16:14:26,268.25,427,Exchange Continuous
1IV251ARN,16:14:26,268.25,61,Exchange Continuous
1IV251ARM,16:14:26,268.25,55,Exchange Continuous
1IV251ARL,16:14:26,268.25,270,Exchange Continuous
1IV251ARK,16:14:25,268.20,118,Exchange Continuous
1IV251ARJ,16:14:25,268.20,51,Exchange Continuous
1IV251ARI,16:14:25,268.20,1 012,Exchange Continuous
1IV251ARA,16:14:05,268.20,217,Exchange Continuous
1IV251AR9,16:14:05,268.20,10,Exchange Continuous
1IV251AR8,16:14:05,268.20,50,Exchange Continuous
1IV251AR7,16:14:05,268.20,100,Exchange Continuous
1IV251AR6,16:14:05,268.20,30,Exchange Continuous
1IV251AR5,16:14:05,268.20,43,Exchange Continuous
1IV251AR4,16:14:05,268.20,227,Exchange Continuous
1IV251AR3,16:14:05,268.20,43,Exchange Continuous
1IV251AR2,16:14:05,268.20,157,Exchange Continuous
1IV251AR1,16:14:05,268.20,94,Exchange Continuous
1IV251AR0,16:14:05,268.20,436,Exchange Continuous
1IV251AQZ,16:14:05,268.15,429,Exchange Continuous
1IV251AQY,16:14:05,268.15,1 066,Exchange Continuous
1IV251AQX,16:14:05,268.15,70,Exchange Continuous
1IV251AQC,16:13:42,268.15,436,Exchange Continuous
1IV251AQB,16:13:42,268.15,366,Exchange Continuous
1IV251AQA,16:13:42,268.15,500,Exchange Continuous
1IV251AQ9,16:13:40,268.20,366,Exchange Continuous
1IV251AQ8,16:13:40,268.20,70,Exchange Continuous
1IV251AQ7,16:13:40,268.20,126,Exchange Continuous
1IV251AQ6,16:13:40,268.20,120,Exchange Continuous
1IV251AQ5,16:13:40,268.20,316,Exchange Continuous
1IV251AQ4,16:13:16,268.25,70,Exchange Continuous
1IV251AQ3,16:13:16,268.25,183,Exchange Continuous
1IV251AQ2,16:13:16,268.25,253,Exchange Continuous
1IV251AQ0,16:13:09,268.35,180,Exchange Continuous
1IV251APZ,16:13:09,268.30,180,Exchange Continuous
1IV251APY,16:13:09,268.30,50,Exchange Continuous
1IV251APX,16:13:09,268.30,168,Exchange Continuous
1IV251APW,16:13:09,268.25,82,Exchange Continuous
1IV251APV,16:13:09,268.20,70,Exchange Continuous
1IV251APU,16:13:09,268.20,25,Exchange Continuous
1IV251APT,16:13:09,268.20,226,Exchange Continuous
1IV251APS,16:13:09,268.20,575,Exchange Continuous
1IV251APR,16:13:09,268.20,436,Exchange Continuous
1IV251APQ,16:13:09,268.20,25,Retail Matching Facility
1IV251API,16:12:55,268.15,245,Exchange Continuous
1IV251APH,16:12:55,268.15,118,Exchange Continuous
1IV251APG,16:12:55,268.15,82,Exchange Continuous
1IV251APF,16:12:55,268.10,5,Exchange Continuous
1IV251APE,16:12:55,268.10,122,Exchange Continuous
1IV251APD,16:12:55,268.10,436,Exchange Continuous
1IV251AOZ,16:12:14,268.15,3,Retail Matching Facility
1IV251AOH,16:12:03,268.30,218,Exchange Continuous
1IV251AOG,16:12:03,268.30,218,Exchange Continuous
1IV251AO9,16:11:50,268.45,270,Exchange Continuous
1IV251AO8,16:11:50,268.45,355,Exchange Continuous
1IV251AO7,16:11:50,268.45,411,Exchange Continuous
1IV251ANS,16:11:38,268.50,436,Exchange Continuous
1IV251ANR,16:11:38,268.50,70,Exchange Continuous
1IV251ANJ,16:11:14,268.55,436,Exchange Continuous
1IV251ANI,16:11:14,268.55,245,Exchange Continuous
1IV251ANH,16:11:03,268.50,81,Exchange Continuous
1IV251ANF,16:10:59,268.50,380,Exchange Continuous
1IV251ANE,16:10:59,268.50,44,Exchange Continuous
1IV251AND,16:10:59,268.50,336,Exchange Continuous
1IV251AMZ,16:10:24,268.60,436,Exchange Continuous
1IV251AMW,16:10:08,268.70,70,Exchange Continuous
1IV251AMV,16:10:08,268.70,330,Exchange Continuous
1IV251AMU,16:10:08,268.70,436,Exchange Continuous
1IV251AMT,16:10:06,268.75,70,Exchange Continuous
1IV251AMS,16:10:06,268.75,163,Exchange Continuous
1IV251AMR,16:10:06,268.75,3,Exchange Continuous
1IV251AMQ,16:10:06,268.75,147,Exchange Continuous
1IV251AMP,16:10:06,268.75,123,Exchange Continuous
1IV251AMO,16:10:06,268.75,420,Exchange Continuous
1IV251AMN,16:10:06,268.75,436,Exchange Continuous
1IV251AMB,16:09:42,268.70,360,Exchange Continuous
1IV251ALQ,16:09:20,268.75,1,Exchange Continuous
1IV251ALG,16:09:07,268.80,150,Exchange Continuous
1IV251ALF,16:09:07,268.85,14,Exchange Continuous
1IV251ALE,16:09:07,268.90,166,Exchange Continuous
1IV251ALD,16:09:07,268.90,321,Exchange Continuous
1IV251ALC,16:09:07,268.90,273,Exchange Continuous
1IV251ALB,16:09:07,268.90,15,Exchange Continuous
1IV251ALA,16:09:07,268.85,76,Exchange Continuous
1IV251AL9,16:09:07,268.85,30,Exchange Continuous
1IV251AL8,16:09:07,268.85,100,Exchange Continuous
1IV251AL7,16:09:07,268.85,230,Exchange Continuous
1IV251AL6,16:09:07,268.85,410,Exchange Continuous
1IV251AL5,16:09:07,268.80,10,Exchange Continuous
1IV251AL4,16:09:07,268.80,90,Exchange Continuous
1IV251AL3,16:09:07,268.80,160,Exchange Continuous
1IV251AL2,16:09:07,268.80,140,Exchange Continuous
1IV251AL1,16:09:07,268.80,10,Exchange Continuous
1IV251AL0,16:09:07,268.80,126,Exchange Continuous
1IV251AKZ,16:09:07,268.80,436,Exchange Continuous
1IV251AKY,16:09:07,268.75,70,Exchange Continuous
1IV251AJK,16:08:18,268.70,436,Exchange Continuous
1IV251AJJ,16:08:17,268.70,436,Exchange Continuous
1IV251AJH,16:08:11,268.75,30,Exchange Continuous
1IV251AJG,16:08:11,268.75,20,Exchange Continuous
1IV251AJF,16:08:11,268.75,30,Exchange Continuous
1IV251AJE,16:08:11,268.75,20,Exchange Continuous
1IV251AJD,16:08:11,268.75,50,Exchange Continuous
1IV251AJC,16:08:11,268.75,50,Exchange Continuous
1IV251AJB,16:08:11,268.75,50,Exchange Continuous
1IV251AJA,16:08:11,268.70,50,Exchange Continuous
1IV251AJ9,16:08:11,268.70,50,Exchange Continuous
1IV251AJ2,16:07:30,268.80,735,Exchange Continuous
1IV251AJ1,16:07:29,268.80,621,Exchange Continuous
1IV251AJ0,16:07:29,268.80,34,Exchange Continuous
1IV251AIV,16:06:45,268.90,50,Exchange Continuous
1IV251AIU,16:06:45,268.90,50,Exchange Continuous
1IV251AIT,16:06:45,268.80,70,Exchange Continuous
1IV251AIS,16:06:45,268.80,299,Exchange Continuous
1IV251AIR,16:06:45,268.80,270,Exchange Continuous
1IV251AIQ,16:06:45,268.85,375,Exchange Continuous
1IV251AIP,16:06:45,268.85,4,Exchange Continuous
1IV251AIO,16:06:44,268.95,260,Exchange Continuous
1IV251AIN,16:06:44,268.95,343,Exchange Continuous
1IV251AIM,16:06:44,268.95,70,Exchange Continuous
1IV251AIL,16:06:44,268.95,323,Exchange Continuous
1IV251AIK,16:06:44,268.95,114,Exchange Continuous
1IV251AIJ,16:06:44,268.95,116,Exchange Continuous
1IV251AII,16:06:44,268.95,187,Exchange Continuous
1IV251AIH,16:06:44,268.95,436,Exchange Continuous
1IV251AIE,16:06:18,268.90,180,Exchange Continuous
1IV251AID,16:06:18,268.90,256,Exchange Continuous
1IV251AIC,16:06:18,268.90,256,Exchange Continuous
1IV251AIB,16:06:18,268.90,250,Exchange Continuous
1IV251AIA,16:06:18,268.90,436,Exchange Continuous
1IV251AI9,16:06:18,268.95,80,Exchange Continuous
1IV251AI8,16:06:18,268.95,21,Exchange Continuous
1IV251AI7,16:06:18,268.95,100,Exchange Continuous
1IV251AI6,16:06:18,268.95,17,Exchange Continuous
1IV251AI5,16:06:18,268.95,12,Exchange Continuous
1IV251AI4,16:06:18,268.95,110,Exchange Continuous
1IV251AI3,16:06:18,268.95,30,Exchange Continuous
1IV251AI2,16:06:18,268.95,70,Exchange Continuous
1IV251AI1,16:06:18,268.95,18,Exchange Continuous
1IV251AI0,16:06:18,268.95,112,Exchange Continuous
1IV251AHZ,16:06:18,268.95,19,Exchange Continuous
1IV251AHY,16:06:18,268.95,122,Exchange Continuous
1IV251AHX,16:06:18,268.95,19,Exchange Continuous
1IV251AHW,16:06:18,268.90,240,Exchange Continuous
1IV251AHV,16:06:18,268.90,70,Exchange Continuous
1IV251AHU,16:06:18,268.90,160,Exchange Continuous
1IV251AHT,16:06:18,268.90,270,Exchange Continuous
1IV251AHS,16:06:18,268.90,294,Exchange Continuous
1IV251AHR,16:06:18,268.90,58,Exchange Continuous
1IV251AHQ,16:06:18,268.90,129,Exchange Continuous
1IV251AHP,16:06:18,268.90,249,Exchange Continuous
1IV251AHO,16:06:17,268.85,311,Exchange Continuous
1IV251AHM,16:06:03,268.90,195,Exchange Continuous
1IV251AHI,16:06:01,268.90,196,Exchange Continuous
1IV251AHH,16:05:59,268.90,584,Exchange Continuous
1IV251AHG,16:05:59,268.90,436,Exchange Continuous
1IV251AHF,16:05:59,268.90,274,Exchange Continuous
1IV251AHE,16:05:55,268.90,196,Exchange Continuous
1IV251AHD,16:05:55,268.90,274,Exchange Continuous
1IV251AHC,16:05:55,268.90,274,Exchange Continuous
1IV251AH7,16:05:40,268.85,50,Exchange Continuous
1IV251AH6,16:05:39,268.90,49,Exchange Continuous
1IV251AH5,16:05:39,268.90,49,Exchange Continuous
1IV251AH4,16:05:39,268.90,280,Exchange Continuous
1IV251AH3,16:05:39,268.90,317,Exchange Continuous
1IV251AH2,16:05:39,268.90,422,Exchange Continuous
1IV251AH1,16:05:39,268.90,14,Exchange Continuous
1IV251AH0,16:05:39,268.90,294,Exchange Continuous
1IV251AGZ,16:05:39,268.90,226,Exchange Continuous
1IV251AGY,16:05:39,268.90,294,Exchange Continuous
1IV251AGX,16:05:39,268.90,155,Exchange Continuous
1IV251AGW,16:05:39,268.90,281,Exchange Continuous
1IV251AGV,16:05:39,268.90,301,Exchange Continuous
1IV251AGU,16:05:39,268.90,149,Exchange Continuous
1IV251AGT,16:05:39,268.90,287,Exchange Continuous
1IV251AGS,16:05:39,268.90,304,Exchange Continuous
1IV251AGR,16:05:39,268.90,153,Exchange Continuous
1IV251AGQ,16:05:39,268.90,283,Exchange Continuous
1IV251AGP,16:05:39,268.90,14,Exchange Continuous
1IV251AGO,16:05:39,268.90,297,Exchange Continuous
1IV251AGN,16:05:39,268.90,209,Exchange Continuous
1IV251AGM,16:05:39,268.90,311,Exchange Continuous
1IV251AGL,16:05:39,268.90,112,Exchange Continuous
1IV251AGK,16:05:39,268.90,32,Exchange Continuous
1IV251AGJ,16:05:39,268.90,292,Exchange Continuous
1IV251AGI,16:05:39,268.90,305,Exchange Continuous
1IV251AGH,16:05:39,268.90,309,Exchange Continuous
1IV251AGG,16:05:39,268.90,260,Exchange Continuous
1IV251AGF,16:05:39,268.90,23,Exchange Continuous
1IV251AGE,16:05:39,268.90,260,Exchange Continuous
1IV251AGD,16:05:39,268.90,107,Exchange Continuous
1IV251AGC,16:05:39,268.90,213,Exchange Continuous
1IV251AGB,16:05:39,268.90,33,Exchange Continuous
1IV251AGA,16:05:39,268.90,236,Exchange Continuous
1IV251AG9,16:05:39,268.90,39,Exchange Continuous
1IV251AG8,16:05:39,268.90,281,Exchange Continuous
1IV251AFW,16:05:26,268.85,7,Exchange Continuous
1IV251AFV,16:05:26,268.85,436,Exchange Continuous
1IV251AFP,16:05:26,268.85,424,Exchange Continuous
1IV251AFO,16:05:26,268.85,289,Exchange Continuous
1IV251AFN,16:05:23,268.90,309,Exchange Continuous
1IV251AFM,16:05:23,268.90,126,Exchange Continuous
1IV251AFL,16:05:23,268.90,155,Exchange Continuous
1IV251AFK,16:05:23,268.90,275,Exchange Continuous
1IV251AFJ,16:05:23,268.90,5,Exchange Continuous
1IV251AFI,16:05:23,268.90,115,Exchange Continuous
1IV251AFH,16:05:23,268.90,315,Exchange Continuous
1IV251AFG,16:05:23,268.90,257,Exchange Continuous
1IV251AFF,16:04:46,268.80,436,Exchange Continuous
1IV251AFE,16:04:39,268.80,70,Exchange Continuous
1IV251AFD,16:04:39,268.80,436,Exchange Continuous
1IV251AFC,16:04:37,268.80,139,Exchange Continuous
1IV251AFB,16:04:37,268.80,395,Exchange Continuous
1IV251AFA,16:04:37,268.80,28,Exchange Continuous
1IV251AF9,16:04:37,268.80,319,Exchange Continuous
1IV251AF8,16:04:37,268.80,382,Exchange Continuous
1IV251AF7,16:04:30,268.85,19,Exchange Continuous
1IV251AF6,16:04:24,268.85,19,Exchange Continuous
1IV251AF4,16:04:08,268.85,415,Exchange Continuous
1IV251AF3,16:04:08,268.85,70,Exchange Continuous
1IV251AET,16:03:58,268.80,218,Exchange Continuous
1IV251AES,16:03:58,268.80,218,Exchange Continuous
1IV251AEP,16:03:51,268.85,7,Retail Matching Facility
1IV251AEO,16:03:50,268.90,24,Exchange Continuous
1IV251AEN,16:03:50,268.90,270,Exchange Continuous
1IV251AEM,16:03:50,268.90,386,Exchange Continuous
1IV251AEL,16:03:50,268.85,162,Exchange Continuous
1IV251AEK,16:03:50,268.90,50,Exchange Continuous
1IV251AEJ,16:03:50,268.80,383,Exchange Continuous
1IV251AEH,16:03:48,268.80,3,Retail Matching Facility
1IV251AEE,16:03:23,268.75,240,Exchange Continuous
1IV251AED,16:03:23,268.75,520,Exchange Continuous
1IV251AEC,16:03:23,268.75,270,Exchange Continuous
1IV251AEB,16:03:23,268.75,436,Exchange Continuous
1IV251AEA,16:03:23,268.75,70,Exchange Continuous
1IV251AE9,16:03:22,268.75,520,Exchange Continuous
1IV251AE8,16:03:22,268.75,113,Exchange Continuous
1IV251AE7,16:03:22,268.75,138,Exchange Continuous
1IV251AE6,16:03:22,268.75,331,Exchange Continuous
1IV251AE5,16:03:22,268.75,308,Exchange Continuous
1IV251AE4,16:03:22,268.75,436,Exchange Continuous
1IV251AE3,16:03:19,268.75,30,Exchange Continuous
1IV251AE2,16:03:19,268.75,20,Exchange Continuous
1IV251AE1,16:03:18,268.80,10,Exchange Continuous
1IV251AE0,16:03:12,268.85,134,Exchange Continuous
1IV251ADZ,16:03:12,268.85,134,Exchange Continuous
1IV251ADY,16:03:12,268.85,125,Exchange Continuous
1IV251ADW,16:03:06,268.85,70,Exchange Continuous
1IV251ADV,16:03:06,268.85,436,Exchange Continuous
1IV251ADU,16:03:06,268.90,436,Exchange Continuous
1IV251ADT,16:03:06,268.90,293,Exchange Continuous
1IV251ADS,16:03:06,268.90,120,Exchange Continuous
1IV251ADR,16:03:06,268.90,270,Exchange Continuous
1IV251ADQ,16:03:06,268.90,70,Exchange Continuous
1IV251ADP,16:03:06,268.90,178,Exchange Continuous
1IV251ADO,16:03:05,268.90,258,Exchange Continuous
1IV251ADN,16:03:05,268.95,436,Exchange Continuous
1IV251ADM,16:03:04,268.90,240,Exchange Continuous
1IV251ADL,16:03:04,268.90,270,Exchange Continuous
1IV251ADK,16:03:04,268.90,331,Exchange Continuous
1IV251ADJ,16:03:04,268.90,70,Exchange Continuous
1IV251ADI,16:03:04,268.90,436,Exchange Continuous
1IV251ADH,16:03:04,268.90,296,Exchange Continuous
1IV251ADG,16:03:04,268.90,70,Exchange Continuous
1IV251ADF,16:03:04,268.90,270,Exchange Continuous
1IV251ADE,16:03:04,268.90,80,Exchange Continuous
1IV251ADD,16:03:04,268.90,331,Exchange Continuous
1IV251ADC,16:03:04,268.90,436,Exchange Continuous
1IV251ADB,16:03:04,269.00,100,Exchange Continuous
1IV251ADA,16:03:04,268.95,143,Exchange Continuous
1IV251AD9,16:03:04,268.95,143,Exchange Continuous
1IV251AD8,16:03:04,268.95,150,Exchange Continuous
1IV251AD7,16:03:04,268.90,70,Exchange Continuous
1IV251AD6,16:03:04,268.90,34,Exchange Continuous
1IV251AD0,16:03:03,268.95,770,Exchange Continuous
1IV251ACZ,16:03:03,268.95,436,Exchange Continuous
1IV251ACY,16:03:02,269.00,164,Exchange Continuous
1IV251ACX,16:03:02,269.00,4,Exchange Continuous
1IV251ACW,16:03:02,269.00,230,Exchange Continuous
1IV251ACV,16:03:02,269.00,40,Exchange Continuous
1IV251ACU,16:03:02,268.95,108,Exchange Continuous
1IV251ACT,16:03:02,268.95,74,Exchange Continuous
1IV251ACS,16:03:02,268.95,362,Exchange Continuous
1IV251ACR,16:03:02,268.95,355,Exchange Continuous
1IV251ACQ,16:03:02,268.95,69,Exchange Continuous
1IV251ACP,16:03:02,268.95,367,Exchange Continuous
1IV251ACO,16:03:02,268.95,363,Exchange Continuous
1IV251ACN,16:03:02,268.90,402,Exchange Continuous
1IV251ACM,16:03:02,268.95,358,Exchange Continuous
1IV251ACL,16:03:02,268.95,998,Exchange Continuous
1IV251ACK,16:03:02,268.95,334,Exchange Continuous
1IV251ACJ,16:03:02,268.95,707,Exchange Continuous
1IV251ACI,16:03:02,268.95,325,Exchange Continuous
1IV251ACH,16:03:02,268.95,270,Exchange Continuous
1IV251ACG,16:03:02,268.95,326,Exchange Continuous
1IV251ACF,16:03:02,268.90,270,Exchange Continuous
1IV251ACE,16:03:02,268.90,322,Exchange Continuous
1IV251ACD,16:03:02,268.90,156,Exchange Continuous
1IV251ACC,16:03:02,268.90,70,Exchange Continuous
1IV251ACB,16:03:02,268.90,436,Exchange Continuous
1IV251ACA,16:03:01,268.95,119,Exchange Continuous
1IV251AC9,16:03:01,268.95,317,Exchange Continuous
1IV251AC8,16:03:01,268.95,55,Exchange Continuous
1IV251AC7,16:03:01,268.95,344,Exchange Continuous
1IV251AC6,16:03:01,268.95,6,Exchange Continuous
1IV251AC5,16:03:01,268.95,382,Exchange Continuous
1IV251AC4,16:03:01,268.95,54,Exchange Continuous
1IV251AC3,16:03:01,268.95,260,Exchange Continuous
1IV251AC2,16:03:01,268.95,24,Exchange Continuous
1IV251AC1,16:03:01,268.95,46,Exchange Continuous
1IV251AC0,16:03:01,268.95,24,Exchange Continuous
1IV251ABZ,16:03:01,268.95,300,Exchange Continuous
1IV251ABY,16:03:01,268.95,104,Exchange Continuous
1IV251ABX,16:03:01,268.95,332,Exchange Continuous
1IV251ABW,16:03:01,268.95,68,Exchange Continuous
1IV251ABV,16:03:01,268.95,337,Exchange Continuous
1IV251ABU,16:03:01,268.95,17,Exchange Continuous
1IV251ABT,16:03:01,268.95,110,Exchange Continuous
1IV251ABS,16:03:01,268.95,326,Exchange Continuous
1IV251ABR,16:03:01,268.95,77,Exchange Continuous
1IV251ABQ,16:03:01,268.95,263,Exchange Continuous
1IV251ABP,16:03:01,268.95,50,Exchange Continuous
1IV251ABO,16:03:01,268.95,335,Exchange Continuous
1IV251ABN,16:03:01,268.95,436,Exchange Continuous
1IV251ABM,16:03:01,268.95,161,Exchange Continuous
1IV251ABL,16:03:01,268.95,151,Exchange Continuous
1IV251ABK,16:03:01,268.95,285,Exchange Continuous
1IV251ABJ,16:03:01,268.95,113,Exchange Continuous
1IV251ABI,16:03:01,268.95,270,Exchange Continuous
1IV251ABH,16:03:01,268.95,436,Exchange Continuous
1IV251ABG,16:03:00,268.90,260,Exchange Continuous
1IV251ABF,16:03:00,268.90,18,Exchange Continuous
1IV251ABE,16:03:00,268.90,260,Exchange Continuous
1IV251ABD,16:03:00,268.90,771,Exchange Continuous
1IV251ABC,16:03:00,268.90,45,Exchange Continuous
1IV251ABB,16:03:00,268.90,270,Exchange Continuous
1IV251ABA,16:03:00,268.90,260,Exchange Continuous
1IV251AB9,16:03:00,268.90,286,Exchange Continuous
1IV251AB8,16:03:00,268.90,15,Exchange Continuous
1IV251AB7,16:03:00,268.90,334,Exchange Continuous
1IV251AB6,16:03:00,268.90,274,Exchange Continuous
1IV251AB5,16:03:00,268.90,193,Exchange Continuous
1IV251AAV,16:02:51,268.85,59,Exchange Continuous
1IV251AAS,16:02:42,268.85,61,Exchange Continuous
1IV251AAR,16:02:42,268.85,375,Exchange Continuous
1IV251AAM,16:02:37,268.90,243,Exchange Continuous
1IV251AAL,16:02:36,268.90,107,Exchange Continuous
1IV251AAK,16:02:36,268.90,322,Exchange Continuous
1IV251AAJ,16:02:36,268.90,319,Exchange Continuous
1IV251AAI,16:02:36,268.90,270,Exchange Continuous
1IV251AAH,16:02:36,268.90,275,Exchange Continuous
1IV251AAG,16:02:36,268.90,125,Exchange Continuous
1IV251AAF,16:02:36,268.90,6,Exchange Continuous
1IV251AAE,16:02:36,268.90,304,Exchange Continuous
1IV251AAD,16:02:36,268.90,372,Exchange Continuous
1IV251AAB,16:02:33,268.85,100,Exchange Continuous
1IV251AAA,16:02:32,268.90,50,Exchange Continuous
1IV251AA9,16:02:32,268.90,14,Exchange Continuous
1IV251AA8,16:02:32,268.85,85,Exchange Continuous
1IV251AA7,16:02:32,268.85,118,Exchange Continuous
1IV251AA6,16:02:32,268.85,67,Exchange Continuous
1IV251AA5,16:02:32,268.85,145,Exchange Continuous
1IV251AA4,16:02:32,268.85,100,Exchange Continuous
1IV251AA3,16:02:32,268.85,100,Exchange Continuous
1IV251AA2,16:02:32,268.85,91,Exchange Continuous
1IV251AA1,16:02:32,268.85,121,Exchange Continuous
1IV251AA0,16:02:32,268.85,100,Exchange Continuous
1IV251A9Z,16:02:32,268.85,109,Exchange Continuous
1IV251A9Y,16:02:32,268.80,62,Exchange Continuous
1IV251A9W,16:02:32,268.80,319,Exchange Continuous
1IV251A9V,16:02:32,268.80,436,Exchange Continuous
1IV251A9U,16:02:32,268.75,436,Exchange Continuous
1IV251A9T,16:02:32,268.75,9,Exchange Continuous
1IV251A9S,16:02:32,268.80,436,Exchange Continuous
1IV251A9R,16:02:32,268.75,231,Exchange Continuous
1IV251A9Q,16:02:32,268.75,254,Exchange Continuous
1IV251A9P,16:02:32,268.75,270,Exchange Continuous
1IV251A9O,16:02:32,268.75,436,Exchange Continuous
1IV251A9N,16:02:32,268.75,120,Exchange Continuous
1IV251A9M,16:02:31,268.80,125,Exchange Continuous
1IV251A9L,16:02:31,268.80,221,Exchange Continuous
1IV251A9K,16:02:31,268.80,70,Exchange Continuous
1IV251A9J,16:02:31,268.80,436,Exchange Continuous
1IV251A97,16:02:26,268.85,94,Exchange Continuous
1IV251A96,16:02:26,268.80,328,Exchange Continuous
1IV251A95,16:02:26,268.80,100,Exchange Continuous
1IV251A94,16:02:26,268.75,375,Exchange Continuous
1IV251A93,16:02:26,268.70,257,Exchange Continuous
1IV251A92,16:02:26,268.70,70,Exchange Continuous
1IV251A91,16:02:26,268.70,436,Exchange Continuous
1IV251A90,16:02:26,268.75,238,Exchange Continuous
1IV251A8W,16:02:08,268.80,311,Exchange Continuous
1IV251A8V,16:02:08,268.80,270,Exchange Continuous
1IV251A8U,16:02:08,268.80,335,Exchange Continuous
1IV251A8T,16:02:08,268.80,70,Exchange Continuous
1IV251A8S,16:02:08,268.80,134,Exchange Continuous
1IV251A8R,16:02:08,268.80,233,Exchange Continuous
1IV251A8Q,16:02:08,268.80,119,Exchange Continuous
1IV251A8L,16:01:54,268.85,12,Exchange Continuous
1IV251A8K,16:01:54,268.85,139,Exchange Continuous
1IV251A8J,16:01:54,268.90,360,Exchange Continuous
1IV251A8I,16:01:54,268.90,76,Exchange Continuous
1IV251A8H,16:01:54,268.90,284,Exchange Continuous
1IV251A8C,16:01:50,268.90,284,Exchange Continuous
1IV251A8B,16:01:50,268.90,293,Exchange Continuous
1IV251A8A,16:01:50,268.90,436,Exchange Continuous
1IV251A89,16:01:50,268.90,159,Exchange Continuous
1IV251A88,16:01:50,268.90,70,Exchange Continuous
1IV251A84,16:01:41,268.90,270,Exchange Continuous
1IV251A83,16:01:41,268.90,300,Exchange Continuous
1IV251A82,16:01:41,268.90,70,Exchange Continuous
1IV251A81,16:01:41,268.90,436,Exchange Continuous
1IV251A80,16:01:40,268.95,436,Exchange Continuous
1IV251A7Z,16:01:40,268.95,155,Exchange Continuous
1IV251A7Y,16:01:25,268.90,256,Exchange Continuous
1IV251A7X,16:01:25,268.90,270,Exchange Continuous
1IV251A7W,16:01:25,268.90,250,Exchange Continuous
1IV251A7V,16:01:25,268.90,318,Exchange Continuous
1IV251A7U,16:01:25,268.90,70,Exchange Continuous
1IV251A7T,16:01:25,268.90,436,Exchange Continuous
1IV251A7S,16:01:24,268.95,224,Exchange Continuous
1IV251A7R,16:01:24,268.95,296,Exchange Continuous
1IV251A7Q,16:01:24,268.95,119,Exchange Continuous
1IV251A7P,16:01:24,268.95,317,Exchange Continuous
1IV251A7O,16:01:24,268.95,342,Exchange Continuous
1IV251A7N,16:01:24,268.95,73,Exchange Continuous
1IV251A7M,16:01:24,268.95,347,Exchange Continuous
1IV251A7L,16:01:24,268.95,340,Exchange Continuous
1IV251A7K,16:01:24,268.95,436,Exchange Continuous
1IV251A7J,16:01:24,268.95,101,Exchange Continuous
1IV251A7I,16:01:24,268.95,193,Exchange Continuous
1IV251A7H,16:01:24,268.95,432,Exchange Continuous
1IV251A7G,16:01:22,268.90,252,Exchange Continuous
1IV251A7F,16:01:22,268.90,317,Exchange Continuous
1IV251A7E,16:01:22,268.90,184,Exchange Continuous
1IV251A7D,16:01:22,268.90,322,Exchange Continuous
1IV251A7C,16:01:22,268.90,322,Exchange Continuous
1IV251A7B,16:01:22,268.90,15,Exchange Continuous
1IV251A7A,16:01:22,268.90,520,Exchange Continuous
1IV251A79,16:01:22,268.90,293,Exchange Continuous
1IV251A78,16:01:14,268.85,123,Exchange Continuous
1IV251A77,16:01:13,268.85,163,Exchange Continuous
1IV251A76,16:01:13,268.85,461,Exchange Continuous
1IV251A75,16:01:13,268.85,339,Exchange Continuous
1IV251A74,16:01:13,268.85,119,Exchange Continuous
1IV251A73,16:01:13,268.85,436,Exchange Continuous
1IV251A6O,16:00:29,268.80,155,Exchange Continuous
1IV251A6N,16:00:29,268.80,133,Exchange Continuous
1IV251A6M,16:00:18,268.80,291,Exchange Continuous
1IV251A6L,16:00:18,268.80,270,Exchange Continuous
1IV251A6K,16:00:18,268.80,436,Exchange Continuous
1IV251A6J,16:00:18,268.80,265,Exchange Continuous
1IV251A6I,16:00:18,268.80,337,Exchange Continuous
1IV251A6G,16:00:12,268.80,290,Exchange Continuous
1IV251A6F,16:00:12,268.80,121,Exchange Continuous
1IV251A6E,16:00:12,268.80,337,Exchange Continuous
1IV251A6D,16:00:04,268.75,158,Exchange Continuous
1IV251A6C,16:00:04,268.75,217,Exchange Continuous
1IV251A6B,16:00:04,268.75,376,Exchange Continuous
1IV251A6A,16:00:04,268.80,19,Exchange Continuous
1IV251A69,16:00:04,268.80,327,Exchange Continuous
1IV251A68,16:00:04,268.80,439,Exchange Continuous
1IV251A5K,15:59:18,268.90,70,Exchange Continuous
1IV251A5J,15:59:18,268.90,596,Exchange Continuous
1IV251A5I,15:59:18,268.90,436,Exchange Continuous
1IV251A5H,15:59:18,268.90,270,Exchange Continuous
1IV251A5G,15:59:18,268.90,240,Exchange Continuous
1IV251A5F,15:59:18,268.90,70,Exchange Continuous
1IV251A5E,15:59:18,268.90,436,Exchange Continuous
1IV251A5D,15:59:17,268.90,40,Exchange Continuous
1IV251A5C,15:59:17,268.90,168,Exchange Continuous
1IV251A5B,15:59:17,268.90,268,Exchange Continuous
1IV251A5A,15:59:17,268.90,309,Exchange Continuous
1IV251A59,15:59:17,268.90,65,Exchange Continuous
1IV251A58,15:59:17,268.90,266,Exchange Continuous
1IV251A57,15:59:17,268.90,436,Exchange Continuous
1IV251A56,15:59:17,268.90,131,Exchange Continuous
1IV251A55,15:59:17,268.90,305,Exchange Continuous
1IV251A54,15:59:17,268.90,291,Exchange Continuous
1IV251A53,15:59:17,268.90,136,Exchange Continuous
1IV251A52,15:59:17,268.90,300,Exchange Continuous
1IV251A51,15:59:17,268.90,24,Exchange Continuous
1IV251A50,15:59:17,268.90,289,Exchange Continuous
1IV251A4Z,15:59:17,268.90,123,Exchange Continuous
1IV251A4Y,15:59:17,268.90,313,Exchange Continuous
1IV251A4X,15:59:17,268.90,184,Exchange Continuous
1IV251A4W,15:59:17,268.90,336,Exchange Continuous
1IV251A4V,15:59:17,268.90,323,Exchange Continuous
1IV251A4U,15:59:17,268.90,538,Exchange Continuous
1IV251A4T,15:59:17,268.90,302,Exchange Continuous
1IV251A4S,15:59:17,268.90,414,Exchange Continuous
1IV251A4R,15:59:17,268.90,22,Exchange Continuous
1IV251A4Q,15:59:17,268.90,300,Exchange Continuous
1IV251A4P,15:59:17,268.90,298,Exchange Continuous
1IV251A4O,15:59:17,268.90,127,Exchange Continuous
1IV251A4N,15:59:17,268.90,309,Exchange Continuous
1IV251A4M,15:59:17,268.90,305,Exchange Continuous
1IV251A4L,15:59:17,268.90,306,Exchange Continuous
1IV251A4K,15:59:17,268.90,119,Exchange Continuous
1IV251A4J,15:59:17,268.90,317,Exchange Continuous
1IV251A4I,15:59:17,268.90,77,Exchange Continuous
1IV251A4H,15:59:17,268.90,260,Exchange Continuous
1IV251A4G,15:59:17,268.90,100,Exchange Continuous
1IV251A4F,15:59:17,268.90,336,Exchange Continuous
1IV251A4E,15:59:17,268.90,284,Exchange Continuous
1IV251A4D,15:59:17,268.90,130,Exchange Continuous
1IV251A4C,15:59:16,268.90,130,Exchange Continuous
1IV251A4B,15:59:16,268.90,270,Exchange Continuous
1IV251A4A,15:59:16,268.90,284,Exchange Continuous
1IV251A49,15:59:06,268.90,56,Exchange Continuous
1IV251A48,15:59:06,268.90,228,Exchange Continuous
1IV251A41,15:59:04,268.90,70,Exchange Continuous
1IV251A40,15:59:04,268.90,157,Exchange Continuous
1IV251A3Z,15:59:04,268.90,322,Exchange Continuous
1IV251A3C,15:58:54,268.85,97,Exchange Continuous
1IV251A37,15:58:34,268.90,11,Retail Matching Facility
1IV251A36,15:58:31,268.85,206,Exchange Continuous
1IV251A35,15:58:31,268.85,206,Exchange Continuous
1IV251A34,15:58:31,268.85,950,Exchange Continuous
1IV251A31,15:58:08,268.85,69,Exchange Continuous
1IV251A30,15:58:08,268.85,4,Exchange Continuous
1IV251A2Z,15:58:08,268.85,343,Exchange Continuous
1IV251A2Y,15:58:08,268.85,20,Exchange Continuous
1IV251A2X,15:58:08,268.85,799,Exchange Continuous
1IV251A2U,15:57:59,268.90,10,Exchange Continuous
1IV251A2T,15:57:59,268.90,328,Exchange Continuous
1IV251A2S,15:57:59,268.90,92,Exchange Continuous
1IV251A2R,15:57:59,268.90,33,Exchange Continuous
1IV251A2Q,15:57:59,268.90,284,Exchange Continuous
1IV251A2P,15:57:59,268.90,333,Exchange Continuous
1IV251A2O,15:57:59,268.90,270,Exchange Continuous
1IV251A2N,15:57:59,268.90,189,Exchange Continuous
1IV251A2M,15:57:59,268.85,70,Exchange Continuous
1IV251A2L,15:57:46,268.80,167,Exchange Continuous
1IV251A2K,15:57:46,268.90,247,Exchange Continuous
1IV251A2J,15:57:46,268.90,117,Exchange Continuous
1IV251A2I,15:57:46,268.85,436,Exchange Continuous
1IV251A2H,15:57:46,268.85,256,Exchange Continuous
1IV251A2G,15:57:46,268.85,14,Exchange Continuous
1IV251A2F,15:57:46,268.85,260,Exchange Continuous
1IV251A2E,15:57:46,268.85,6,Exchange Continuous
1IV251A2D,15:57:46,268.85,24,Exchange Continuous
1IV251A2C,15:57:46,268.85,30,Exchange Continuous
1IV251A2B,15:57:46,268.85,30,Exchange Continuous
1IV251A2A,15:57:46,268.85,116,Exchange Continuous
1IV251A29,15:57:46,268.85,174,Exchange Continuous
1IV251A28,15:57:46,268.85,220,Exchange Continuous
1IV251A27,15:57:46,268.85,300,Exchange Continuous
1IV251A26,15:57:46,268.85,280,Exchange Continuous
1IV251A25,15:57:46,268.85,70,Exchange Continuous
1IV251A24,15:57:46,268.85,150,Exchange Continuous
1IV251A23,15:57:46,268.85,100,Exchange Continuous
1IV251A22,15:57:46,268.80,156,Exchange Continuous
1IV251A21,15:57:46,268.90,284,Exchange Continuous
1IV251A20,15:57:46,268.90,284,Exchange Continuous
1IV251A1Z,15:57:46,268.90,436,Exchange Continuous
1IV251A1Y,15:57:46,268.85,123,Exchange Continuous
1IV251A1X,15:57:46,268.85,421,Exchange Continuous
1IV251A1W,15:57:46,268.85,52,Exchange Continuous
1IV251A1V,15:57:46,268.85,270,Exchange Continuous
1IV251A1U,15:57:46,268.85,178,Exchange Continuous
1IV251A1T,15:57:46,268.85,9,Exchange Continuous
1IV251A1S,15:57:46,268.80,156,Exchange Continuous
1IV251A1R,15:57:46,268.80,39,Exchange Continuous
1IV251A1Q,15:57:46,268.80,78,Exchange Continuous
1IV251A1P,15:57:46,268.80,224,Exchange Continuous
1IV251A1O,15:57:46,268.75,436,Exchange Continuous
1IV251A1N,15:57:46,268.75,70,Exchange Continuous
1IV251A1M,15:57:46,268.75,121,Exchange Continuous
1IV251A1D,15:56:59,268.80,46,Exchange Continuous
1IV251A1C,15:56:59,268.80,162,Exchange Continuous
1IV251A1B,15:56:59,268.80,333,Exchange Continuous
1IV251A1A,15:56:59,268.80,436,Exchange Continuous
1IV251A19,15:56:50,268.75,218,Exchange Continuous
1IV251A18,15:56:50,268.75,218,Exchange Continuous
1IV251A17,15:56:48,268.80,117,Exchange Continuous
1IV251A16,15:56:48,268.80,253,Exchange Continuous
1IV251A15,15:56:48,268.80,256,Exchange Continuous
1IV251A14,15:56:48,268.80,600,Exchange Continuous
1IV251A13,15:56:48,268.80,166,Exchange Continuous
1IV251A12,15:56:48,268.80,782,Exchange Continuous
1IV251A11,15:56:48,268.80,370,Retail Matching Facility
1IV251A0T,15:56:36,268.85,76,Exchange Continuous
1IV251A0S,15:56:36,268.85,284,Exchange Continuous
1IV251A0R,15:56:36,268.85,70,Exchange Continuous
1IV251A0Q,15:56:36,268.85,436,Exchange Continuous
1IV251A0P,15:56:24,268.80,464,Exchange Continuous
1IV251A0O,15:56:24,268.90,52,Exchange Continuous
1IV251A0N,15:56:24,268.85,65,Exchange Continuous
1IV251A0M,15:56:24,268.85,436,Exchange Continuous
1IV251A0L,15:56:24,268.80,199,Exchange Continuous
1IV251A0K,15:56:24,268.80,71,Exchange Continuous
1IV251A0J,15:56:24,268.75,161,Exchange Continuous
1IV251A0I,15:56:24,268.75,92,Exchange Continuous
1IV251A0H,15:56:24,268.75,436,Exchange Continuous
1IV251A0E,15:56:05,268.70,161,Exchange Continuous
1IV251A0C,15:55:58,268.70,520,Exchange Continuous
1IV251A0B,15:55:58,268.70,165,Exchange Continuous
1IV251A0A,15:55:58,268.70,436,Exchange Continuous
1IV251A09,15:55:58,268.70,330,Exchange Continuous
1IV2519ZV,15:55:13,268.75,26,Exchange Continuous
1IV2519ZU,15:55:13,268.75,26,Exchange Continuous
1IV2519ZT,15:55:13,268.75,104,Exchange Continuous
1IV2519ZS,15:55:13,268.75,5,Exchange Continuous
1IV2519ZQ,15:55:08,268.70,70,Exchange Continuous
1IV2519ZP,15:55:06,268.70,122,Exchange Continuous
1IV2519ZO,15:55:06,268.75,20,Exchange Continuous
1IV2519ZN,15:55:01,268.80,88,Exchange Continuous
1IV2519ZM,15:55:01,268.80,28,Exchange Continuous
1IV2519ZL,15:55:01,268.80,105,Exchange Continuous
1IV2519ZK,15:55:01,268.80,73,Exchange Continuous
1IV2519ZJ,15:55:01,268.80,384,Exchange Continuous
1IV2519ZG,15:55:01,268.85,70,Exchange Continuous
1IV2519ZF,15:55:01,268.85,18,Exchange Continuous
1IV2519ZE,15:55:01,268.85,163,Exchange Continuous
1IV2519ZD,15:55:01,268.85,273,Exchange Continuous
1IV2519ZC,15:55:01,268.85,70,Exchange Continuous
1IV2519ZB,15:55:01,268.85,388,Exchange Continuous
1IV2519ZA,15:55:01,268.85,273,Exchange Continuous
1IV2519Z9,15:55:01,268.85,319,Exchange Continuous
1IV2519Z8,15:55:01,268.85,399,Exchange Continuous
1IV2519Z7,15:55:01,268.85,8,Exchange Continuous
1IV2519Z6,15:54:35,268.90,68,Exchange Continuous
1IV2519Z5,15:54:35,268.90,235,Exchange Continuous
1IV2519Z4,15:54:35,268.90,19,Exchange Continuous
1IV2519Z3,15:54:35,268.90,169,Exchange Continuous
1IV2519YZ,15:54:14,268.90,50,Retail Matching Facility
1IV2519YY,15:53:41,268.90,436,Exchange Continuous
1IV2519YX,15:53:41,268.90,70,Exchange Continuous
1IV2519YW,15:53:40,268.90,436,Exchange Continuous
1IV2519YV,15:53:40,268.90,168,Exchange Continuous
1IV2519YU,15:53:40,268.90,415,Exchange Continuous
1IV2519YT,15:53:40,268.90,70,Exchange Continuous
1IV2519YS,15:53:35,268.90,270,Exchange Continuous
1IV2519YR,15:53:35,268.90,340,Exchange Continuous
1IV2519YQ,15:53:35,268.90,70,Exchange Continuous
1IV2519YP,15:53:35,268.90,385,Exchange Continuous
1IV2519YO,15:53:35,268.90,112,Exchange Continuous
1IV2519YN,15:53:34,268.95,436,Exchange Continuous
1IV2519YM,15:53:34,268.95,168,Exchange Continuous
1IV2519YL,15:53:34,268.95,70,Exchange Continuous
1IV2519YK,15:53:34,268.95,436,Exchange Continuous
1IV2519YJ,15:53:34,268.95,122,Exchange Continuous
1IV2519YI,15:53:34,268.90,324,Exchange Continuous
1IV2519YH,15:53:34,268.90,328,Exchange Continuous
1IV2519YG,15:53:34,268.90,89,Exchange Continuous
1IV2519YF,15:53:34,268.90,347,Exchange Continuous
1IV2519YE,15:53:34,268.90,344,Exchange Continuous
1IV2519YD,15:53:34,268.90,90,Exchange Continuous
1IV2519YC,15:53:34,268.90,346,Exchange Continuous
1IV2519YB,15:53:34,268.90,318,Exchange Continuous
1IV2519YA,15:53:34,268.90,140,Exchange Continuous
1IV2519Y9,15:53:34,268.90,296,Exchange Continuous
1IV2519Y8,15:53:34,268.90,342,Exchange Continuous
1IV2519Y7,15:53:34,268.90,123,Exchange Continuous
1IV2519Y6,15:53:34,268.90,313,Exchange Continuous
1IV2519Y5,15:53:34,268.90,321,Exchange Continuous
1IV2519Y4,15:53:34,268.90,321,Exchange Continuous
1IV2519Y3,15:53:34,268.90,86,Exchange Continuous
1IV2519Y2,15:53:34,268.90,350,Exchange Continuous
1IV2519Y1,15:53:34,268.90,24,Exchange Continuous
1IV2519Y0,15:53:34,268.90,270,Exchange Continuous
1IV2519XZ,15:53:34,268.90,24,Exchange Continuous
1IV2519XY,15:53:34,268.90,294,Exchange Continuous
1IV2519XX,15:53:34,268.90,40,Exchange Continuous
1IV2519XW,15:53:34,268.90,102,Exchange Continuous
1IV2519XV,15:53:34,268.90,334,Exchange Continuous
1IV2519XU,15:53:34,268.90,321,Exchange Continuous
1IV2519XT,15:53:34,268.90,104,Exchange Continuous
1IV2519XS,15:53:34,268.90,332,Exchange Continuous
1IV2519XR,15:53:34,268.90,305,Exchange Continuous
1IV2519XQ,15:53:34,268.90,103,Exchange Continuous
1IV2519XP,15:53:34,268.90,333,Exchange Continuous
1IV2519XO,15:53:34,268.90,339,Exchange Continuous
1IV2519XN,15:53:34,268.90,96,Exchange Continuous
1IV2519XM,15:53:34,268.90,340,Exchange Continuous
1IV2519XL,15:53:34,268.90,212,Exchange Continuous
1IV2519XK,15:53:34,268.90,308,Exchange Continuous
1IV2519XJ,15:53:34,268.90,14,Exchange Continuous
1IV2519XI,15:53:34,268.90,304,Exchange Continuous
1IV2519XH,15:53:34,268.90,118,Exchange Continuous
1IV2519XG,15:53:34,268.90,318,Exchange Continuous
1IV2519XF,15:53:34,268.90,518,Exchange Continuous
1IV2519XE,15:53:34,268.90,2,Exchange Continuous
1IV2519XD,15:53:34,268.90,313,Exchange Continuous
1IV2519XC,15:53:34,268.90,313,Exchange Continuous
1IV2519XB,15:53:34,268.90,113,Exchange Continuous
1IV2519XA,15:53:34,268.90,323,Exchange Continuous
1IV2519X9,15:53:34,268.90,284,Exchange Continuous
1IV2519X8,15:53:34,268.90,155,Exchange Continuous
1IV2519X6,15:53:21,268.85,108,Exchange Continuous
1IV2519X5,15:53:07,268.90,745,Exchange Continuous
1IV2519X4,15:53:07,268.90,436,Exchange Continuous
1IV2519X3,15:53:07,268.90,309,Exchange Continuous
1IV2519X2,15:53:07,268.90,31,Exchange Continuous
1IV2519X1,15:53:07,268.90,309,Exchange Continuous
1IV2519X0,15:53:07,268.90,13,Exchange Continuous
1IV2519WZ,15:53:07,268.90,295,Exchange Continuous
1IV2519WY,15:53:07,268.90,30,Exchange Continuous
1IV2519WX,15:53:07,268.90,336,Exchange Continuous
1IV2519WW,15:53:07,268.90,70,Exchange Continuous
1IV2519WV,15:53:07,268.90,327,Exchange Continuous
1IV2519WU,15:53:07,268.90,1,Exchange Continuous
1IV2519WT,15:53:07,268.90,308,Exchange Continuous
1IV2519WS,15:53:07,268.90,722,Exchange Continuous
1IV2519WR,15:53:07,268.90,309,Exchange Continuous
1IV2519WQ,15:53:07,268.90,436,Exchange Continuous
1IV2519WP,15:53:07,268.90,302,Exchange Continuous
1IV2519WO,15:53:07,268.90,293,Exchange Continuous
1IV2519WN,15:52:51,268.85,152,Exchange Continuous
1IV2519WM,15:52:51,268.85,5,Exchange Continuous
1IV2519WL,15:52:51,268.85,157,Exchange Continuous
1IV2519WE,15:52:30,268.80,436,Exchange Continuous
1IV2519WD,15:52:30,268.80,70,Retail Matching Facility
1IV2519WC,15:52:21,268.80,76,Exchange Continuous
1IV2519WB,15:52:21,268.80,375,Exchange Continuous
1IV2519W8,15:52:11,268.85,402,Exchange Continuous
1IV2519W7,15:52:11,268.90,344,Exchange Continuous
1IV2519W6,15:52:11,268.90,70,Exchange Continuous
1IV2519W5,15:52:11,268.90,270,Exchange Continuous
1IV2519W4,15:52:11,268.90,251,Exchange Continuous
1IV2519W3,15:52:11,268.90,520,Exchange Continuous
1IV2519W2,15:52:11,268.90,436,Exchange Continuous
1IV2519W1,15:52:10,268.95,25,Exchange Continuous
1IV2519W0,15:52:10,268.95,436,Exchange Continuous
1IV2519VZ,15:52:10,268.95,516,Exchange Continuous
1IV2519VY,15:52:10,268.95,470,Exchange Continuous
1IV2519VV,15:52:07,268.90,299,Exchange Continuous
1IV2519VU,15:52:07,268.90,265,Exchange Continuous
1IV2519VT,15:52:07,268.90,344,Exchange Continuous
1IV2519VS,15:52:07,268.90,520,Exchange Continuous
1IV2519VR,15:52:07,268.90,240,Exchange Continuous
1IV2519VQ,15:52:07,268.90,70,Exchange Continuous
1IV2519VP,15:52:07,268.90,123,Exchange Continuous
1IV2519VO,15:52:07,268.90,265,Exchange Continuous
1IV2519VN,15:52:07,268.90,264,Exchange Continuous
1IV2519VM,15:52:07,268.90,270,Exchange Continuous
1IV2519VL,15:52:07,268.90,436,Exchange Continuous
1IV2519VK,15:52:07,268.95,436,Exchange Continuous
1IV2519VI,15:51:58,268.90,157,Exchange Continuous
1IV2519VA,15:51:24,268.85,167,Exchange Continuous
1IV2519V9,15:51:23,268.80,42,Retail Matching Facility
1IV2519V4,15:50:57,268.80,303,Exchange Continuous
1IV2519V3,15:50:57,268.80,1,Retail Matching Facility
1IV2519V2,15:50:55,268.80,157,Exchange Continuous
1IV2519V1,15:50:55,268.80,83,Exchange Continuous
1IV2519UR,15:50:13,268.80,11,Exchange Continuous
1IV2519UM,15:50:09,268.80,359,Exchange Continuous
1IV2519UL,15:50:09,268.75,349,Exchange Continuous
1IV2519UK,15:50:09,268.75,436,Exchange Continuous
1IV2519UJ,15:50:09,268.75,12,Exchange Continuous
1IV2519UI,15:50:09,268.75,270,Exchange Continuous
1IV2519UH,15:50:09,268.75,74,Exchange Continuous
1IV2519UG,15:50:08,268.75,47,Exchange Continuous
1IV2519UF,15:50:08,268.75,169,Exchange Continuous
1IV2519UE,15:50:08,268.75,724,Exchange Continuous
1IV2519UD,15:50:08,268.75,124,Exchange Continuous
1IV2519UC,15:50:08,268.75,436,Exchange Continuous
1IV2519U8,15:49:33,268.70,197,Retail Matching Facility
1IV2519U7,15:49:33,268.70,14,Retail Matching Facility
1IV2519TX,15:49:04,268.70,169,Exchange Continuous
1IV2519TW,15:49:04,268.70,227,Exchange Continuous
1IV2519TU,15:49:02,268.75,1,Exchange Continuous
1IV2519TT,15:49:02,268.75,15,Exchange Continuous
1IV2519TS,15:49:02,268.75,172,Exchange Continuous
1IV2519TR,15:49:02,268.75,264,Exchange Continuous
1IV2519TQ,15:49:02,268.75,264,Exchange Continuous
1IV2519TP,15:49:02,268.75,207,Exchange Continuous
1IV2519TO,15:49:02,268.75,264,Exchange Continuous
1IV2519TN,15:48:52,268.75,436,Exchange Continuous
1IV2519TM,15:48:52,268.75,154,Exchange Continuous
1IV2519TL,15:48:52,268.75,423,Exchange Continuous
1IV2519TK,15:48:52,268.75,70,Exchange Continuous
1IV2519TJ,15:48:42,268.75,621,Exchange Continuous
1IV2519TI,15:48:42,268.75,34,Exchange Continuous
1IV2519TH,15:48:42,268.75,151,Exchange Continuous
1IV2519TG,15:48:42,268.75,3,Exchange Continuous
1IV2519TF,15:48:42,268.75,1,Exchange Continuous
1IV2519TE,15:48:42,268.75,30,Exchange Continuous
1IV2519TD,15:48:42,268.75,436,Exchange Continuous
1IV2519TC,15:48:42,268.75,340,Exchange Continuous
1IV2519TB,15:48:42,268.75,617,Exchange Continuous
1IV2519TA,15:48:42,268.75,3,Exchange Continuous
1IV2519T9,15:48:42,268.75,1,Exchange Continuous
1IV2519T8,15:48:42,268.75,80,Exchange Continuous
1IV2519T7,15:48:42,268.75,1,Exchange Continuous
1IV2519T6,15:48:42,268.75,421,Exchange Continuous
1IV2519T5,15:48:42,268.75,540,Exchange Continuous
1IV2519T4,15:48:42,268.75,81,Exchange Continuous
1IV2519T3,15:48:42,268.75,153,Exchange Continuous
1IV2519T2,15:48:42,268.75,153,Exchange Continuous
1IV2519SK,15:48:10,268.80,80,Exchange Continuous
1IV2519SJ,15:48:10,268.80,70,Exchange Continuous
1IV2519SE,15:48:08,268.80,70,Exchange Continuous
1IV2519SC,15:47:49,268.80,520,Exchange Continuous
1IV2519SB,15:47:49,268.80,76,Exchange Continuous
1IV2519SA,15:47:49,268.80,334,Exchange Continuous
1IV2519S9,15:47:49,268.80,1 715,Exchange Continuous
1IV2519S8,15:47:49,268.80,292,Exchange Continuous
1IV2519S7,15:47:49,268.80,76,Exchange Continuous
1IV2519RI,15:47:10,268.85,53,Exchange Continuous
1IV2519R9,15:46:36,268.70,49,Exchange Continuous
1IV2519R8,15:46:36,268.70,348,Exchange Continuous
1IV2519R7,15:46:36,268.70,16,Exchange Continuous
1IV2519QY,15:46:26,268.70,404,Exchange Continuous
1IV2519QX,15:46:22,268.75,79,Retail Matching Facility
1IV2519QW,15:46:19,268.70,376,Exchange Continuous
1IV2519QV,15:46:13,268.70,308,Exchange Continuous
1IV2519QU,15:46:13,268.70,235,Exchange Continuous
1IV2519QT,15:46:13,268.70,348,Exchange Continuous
1IV2519QS,15:46:13,268.70,498,Exchange Continuous
1IV2519QP,15:46:06,268.70,174,Exchange Continuous
1IV2519QO,15:46:06,268.70,174,Exchange Continuous
1IV2519QL,15:46:02,268.60,38,Exchange Continuous
1IV2519QK,15:46:02,268.60,958,Exchange Continuous
1IV2519QJ,15:46:02,268.55,70,Exchange Continuous
1IV2519QI,15:46:02,268.55,20,Exchange Continuous
1IV2519QH,15:46:02,268.55,9,Exchange Continuous
1IV2519Q8,15:45:47,268.45,41,Exchange Continuous
1IV2519Q7,15:45:47,268.45,34,Exchange Continuous
1IV2519Q6,15:45:46,268.35,65,Retail Matching Facility
1IV2519P2,15:44:56,268.35,70,Exchange Continuous
1IV2519P1,15:44:56,268.35,348,Exchange Continuous
1IV2519OJ,15:44:48,268.30,348,Exchange Continuous
1IV2519OI,15:44:41,268.30,2,Retail Matching Facility
1IV2519OH,15:44:38,268.35,571,Exchange Continuous
1IV2519OG,15:44:35,268.30,198,Exchange Continuous
1IV2519OF,15:44:35,268.30,266,Exchange Continuous
1IV2519OE,15:44:35,268.30,266,Exchange Continuous
1IV2519OD,15:44:35,268.30,249,Exchange Continuous
1IV2519OC,15:44:35,268.30,382,Exchange Continuous
1IV2519NV,15:43:46,268.35,174,Exchange Continuous
1IV2519NU,15:43:46,268.35,174,Exchange Continuous
1IV2519N8,15:42:54,268.30,421,Exchange Continuous
1IV2519MT,15:42:28,268.30,826,Exchange Continuous
1IV2519MS,15:42:28,268.30,264,Exchange Continuous
1IV2519MR,15:42:28,268.30,432,Exchange Continuous
1IV2519MQ,15:42:28,268.30,348,Exchange Continuous
1IV2519MP,15:42:28,268.30,103,Exchange Continuous
1IV2519MO,15:42:28,268.30,270,Exchange Continuous
1IV2519MN,15:42:28,268.30,264,Exchange Continuous
1IV2519MM,15:42:28,268.30,1 004,Exchange Continuous
1IV2519ML,15:42:28,268.30,1,Exchange Continuous
1IV2519MK,15:42:28,268.30,16,Exchange Continuous
1IV2519MJ,15:42:28,268.30,348,Exchange Continuous
1IV2519MI,15:42:28,268.30,8,Exchange Continuous
1IV2519MH,15:42:28,268.30,38,Exchange Continuous
1IV2519MG,15:42:28,268.30,264,Exchange Continuous
1IV2519MF,15:42:28,268.30,1 415,Exchange Continuous
1IV2519ME,15:42:28,268.30,366,Exchange Continuous
1IV2519MD,15:42:28,268.35,71,Exchange Continuous
1IV2519MC,15:42:28,268.35,348,Exchange Continuous
1IV2519MB,15:42:17,268.40,328,Exchange Continuous
1IV2519MA,15:42:17,268.40,81,Exchange Continuous
1IV2519L9,15:41:36,268.40,70,Exchange Continuous
1IV2519L8,15:41:36,268.40,440,Exchange Continuous
1IV2519L7,15:41:36,268.40,162,Exchange Continuous
1IV2519L6,15:41:36,268.40,348,Exchange Continuous
1IV2519KM,15:41:14,268.35,348,Exchange Continuous
1IV2519KL,15:41:14,268.35,260,Exchange Continuous
1IV2519KK,15:41:14,268.35,15,Exchange Continuous
1IV2519KJ,15:41:14,268.35,72,Exchange Continuous
1IV2519KI,15:41:14,268.35,40,Exchange Continuous
1IV2519KA,15:40:34,268.35,408,Exchange Continuous
1IV2519K9,15:40:34,268.35,325,Exchange Continuous
1IV2519K6,15:40:15,268.30,107,Exchange Continuous
1IV2519K5,15:40:14,268.25,5,Exchange Continuous
1IV2519K3,15:40:07,268.20,133,Exchange Continuous
1IV2519K2,15:40:07,268.20,65,Exchange Continuous
1IV2519K1,15:40:07,268.20,198,Exchange Continuous
1IV2519K0,15:40:07,268.20,65,Exchange Continuous
1IV2519JZ,15:40:07,268.20,198,Exchange Continuous
1IV2519JY,15:40:07,268.20,65,Exchange Continuous
1IV2519JX,15:40:07,268.20,85,Exchange Continuous
1IV2519JW,15:40:07,268.20,263,Exchange Continuous
1IV2519JV,15:40:07,268.20,270,Exchange Continuous
1IV2519JU,15:40:07,268.20,263,Exchange Continuous
1IV2519JT,15:40:07,268.20,95,Exchange Continuous
1IV2519JS,15:40:07,268.20,365,Exchange Continuous
1IV2519JR,15:40:07,268.20,280,Exchange Continuous
1IV2519JQ,15:40:07,268.20,19,Exchange Continuous
1IV2519JP,15:40:07,268.20,29,Exchange Continuous
1IV2519JO,15:40:02,268.25,140,Exchange Continuous
1IV2519JJ,15:39:42,268.25,128,Exchange Continuous
1IV2519JI,15:39:42,268.25,403,Exchange Continuous
1IV2519JH,15:39:42,268.25,328,Exchange Continuous
1IV2519JG,15:39:42,268.25,90,Exchange Continuous
1IV2519JF,15:39:42,268.25,582,Exchange Continuous
1IV2519JE,15:39:42,268.25,70,Exchange Continuous
1IV2519JD,15:39:42,268.25,348,Exchange Continuous
1IV2519JC,15:39:32,268.20,53,Exchange Continuous
1IV2519JB,15:39:32,268.20,298,Exchange Continuous
1IV2519JA,15:39:32,268.20,434,Exchange Continuous
1IV2519J9,15:39:32,268.20,53,Exchange Continuous
1IV2519J8,15:39:32,268.20,53,Exchange Continuous
1IV2519J7,15:39:32,268.20,348,Exchange Continuous
1IV2519J5,15:38:57,268.20,68,Exchange Continuous
1IV2519J3,15:38:46,268.20,348,Exchange Continuous
1IV2519J2,15:38:46,268.20,493,Exchange Continuous
1IV2519J1,15:38:46,268.20,70,Exchange Continuous
1IV2519J0,15:38:46,268.20,234,Exchange Continuous
1IV2519IY,15:38:01,268.20,104,Exchange Continuous
1IV2519IX,15:38:01,268.20,63,Exchange Continuous
1IV2519IW,15:37:59,268.30,70,Exchange Continuous
1IV2519IV,15:37:59,268.30,502,Exchange Continuous
1IV2519IU,15:37:59,268.30,270,Exchange Continuous
1IV2519IT,15:37:59,268.30,112,Exchange Continuous
1IV2519IS,15:37:59,268.30,197,Exchange Continuous
1IV2519IR,15:37:59,268.30,90,Exchange Continuous
1IV2519IN,15:37:46,268.15,321,Exchange Continuous
1IV2519IM,15:37:36,268.10,270,Exchange Continuous
1IV2519IL,15:37:36,268.10,328,Exchange Continuous
1IV2519IK,15:37:36,268.10,146,Exchange Continuous
1IV2519IJ,15:37:36,268.10,101,Exchange Continuous
1IV2519II,15:37:36,268.10,247,Exchange Continuous
1IV2519IH,15:37:36,268.10,1 000,Retail Matching Facility
1IV2519ID,15:37:27,268.10,128,Exchange Continuous
1IV2519IC,15:37:27,268.10,93,Exchange Continuous
1IV2519IB,15:37:27,268.10,147,Exchange Continuous
1IV2519IA,15:37:27,268.10,348,Exchange Continuous
1IV2519I9,15:37:27,268.10,373,Exchange Continuous
1IV2519I8,15:37:27,268.10,147,Exchange Continuous
1IV2519I7,15:37:27,268.10,348,Exchange Continuous
1IV2519I6,15:37:27,268.10,389,Exchange Continuous
1IV2519I5,15:37:27,268.10,106,Exchange Continuous
1IV2519I4,15:37:27,268.15,255,Exchange Continuous
1IV2519I3,15:37:27,268.15,21,Exchange Continuous
1IV2519I2,15:37:27,268.15,276,Exchange Continuous
1IV2519HT,15:36:36,268.25,22,Exchange Continuous
1IV2519HS,15:36:36,268.25,16,Exchange Continuous
1IV2519HR,15:36:36,268.25,348,Exchange Continuous
1IV2519HQ,15:36:36,268.25,588,Exchange Continuous
1IV2519HP,15:36:36,268.25,332,Exchange Continuous
1IV2519HO,15:36:36,268.25,305,Exchange Continuous
1IV2519HN,15:36:36,268.25,81,Exchange Continuous
1IV2519HM,15:36:36,268.25,507,Exchange Continuous
1IV2519HL,15:36:36,268.25,445,Exchange Continuous
1IV2519HK,15:36:35,268.30,289,Exchange Continuous
1IV2519HJ,15:36:35,268.30,424,Exchange Continuous
1IV2519HI,15:36:35,268.30,226,Exchange Continuous
1IV2519HH,15:36:35,268.30,76,Exchange Continuous
1IV2519HG,15:36:35,268.30,424,Exchange Continuous
1IV2519HF,15:36:35,268.30,348,Exchange Continuous
1IV2519HE,15:36:35,268.30,1 260,Exchange Continuous
1IV2519HD,15:36:35,268.30,726,Exchange Continuous
1IV2519HC,15:36:35,268.30,46,Exchange Continuous
1IV2519HB,15:36:35,268.30,260,Exchange Continuous
1IV2519HA,15:36:35,268.30,49,Exchange Continuous
1IV2519H9,15:36:35,268.30,309,Exchange Continuous
1IV2519H8,15:36:35,268.30,414,Exchange Continuous
1IV2519H7,15:36:35,268.30,1 000,Exchange Continuous
1IV2519GW,15:36:08,268.40,97,Exchange Continuous
1IV2519GV,15:36:08,268.40,903,Retail Matching Facility
1IV2519GQ,15:35:39,268.25,421,Exchange Continuous
1IV2519GO,15:35:15,268.15,5,Exchange Continuous
1IV2519GE,15:35:00,268.15,190,Exchange Continuous
1IV2519GD,15:34:56,268.15,22,Exchange Continuous
1IV2519GC,15:34:55,268.10,70,Exchange Continuous
1IV2519G7,15:34:45,268.05,255,Exchange Continuous
1IV2519G6,15:34:45,268.00,475,Exchange Continuous
1IV2519G5,15:34:45,268.00,6,Exchange Continuous
1IV2519G4,15:34:44,267.95,17,Retail Matching Facility
1IV2519FT,15:34:30,268.00,371,Exchange Continuous
1IV2519FS,15:34:30,268.00,991,Exchange Continuous
1IV2519FR,15:34:30,268.00,82,Exchange Continuous
1IV2519FQ,15:34:30,268.00,50,Exchange Continuous
1IV2519FP,15:34:30,268.00,252,Exchange Continuous
1IV2519FO,15:34:30,268.00,245,Exchange Continuous
1IV2519FN,15:34:30,268.00,348,Exchange Continuous
1IV2519FM,15:34:14,268.00,180,Exchange Continuous
1IV2519FL,15:34:14,268.00,504,Exchange Continuous
1IV2519FK,15:34:14,267.95,110,Exchange Continuous
1IV2519FJ,15:34:14,267.95,70,Exchange Continuous
1IV2519FI,15:34:06,267.80,24,Exchange Continuous
1IV2519FH,15:34:06,267.80,98,Exchange Continuous
1IV2519FG,15:34:06,267.80,383,Exchange Continuous
1IV2519FF,15:34:06,267.80,64,Exchange Continuous
1IV2519FE,15:34:06,267.80,70,Exchange Continuous
1IV2519FD,15:34:06,267.80,323,Exchange Continuous
1IV2519F1,15:33:36,267.90,989,Exchange Continuous
1IV2519F0,15:33:36,267.90,70,Exchange Continuous
1IV2519EZ,15:33:36,267.90,243,Exchange Continuous
1IV2519EY,15:33:35,267.85,70,Exchange Continuous
1IV2519EX,15:33:34,267.80,395,Exchange Continuous
1IV2519EW,15:33:34,267.80,456,Exchange Continuous
1IV2519EV,15:33:34,267.80,59,Exchange Continuous
1IV2519EU,15:33:34,267.80,321,Exchange Continuous
1IV2519ET,15:33:34,267.80,348,Exchange Continuous
1IV2519ES,15:33:34,267.80,323,Exchange Continuous
1IV2519ER,15:33:34,267.80,416,Exchange Continuous
1IV2519EQ,15:33:34,267.80,955,Exchange Continuous
1IV2519EF,15:32:56,267.85,330,Exchange Continuous
1IV2519EE,15:32:56,267.85,70,Exchange Continuous
1IV2519ED,15:32:55,267.85,42,Exchange Continuous
1IV2519EC,15:32:55,267.85,348,Exchange Continuous
1IV2519EB,15:32:55,267.85,542,Exchange Continuous
1IV2519EA,15:32:55,267.85,542,Exchange Continuous
1IV2519E9,15:32:55,267.85,542,Exchange Continuous
1IV2519E8,15:32:55,267.90,250,Exchange Continuous
1IV2519E7,15:32:55,267.90,450,Exchange Continuous
1IV2519E6,15:32:55,267.90,19,Exchange Continuous
1IV2519E5,15:32:55,267.90,10,Exchange Continuous
1IV2519DZ,15:32:40,268.00,308,Exchange Continuous
1IV2519DY,15:32:40,268.00,323,Exchange Continuous
1IV2519DX,15:32:40,267.95,1,Exchange Continuous
1IV2519DW,15:32:40,267.95,348,Exchange Continuous
1IV2519DR,15:32:24,268.05,181,Exchange Continuous
1IV2519DQ,15:32:24,268.05,181,Exchange Continuous
1IV2519D5,15:32:11,268.10,5,Exchange Continuous
1IV2519D4,15:32:11,268.10,50,Exchange Continuous
1IV2519D3,15:32:11,268.10,45,Exchange Continuous
1IV2519CY,15:32:04,268.15,70,Exchange Continuous
1IV2519CX,15:32:04,268.15,468,Exchange Continuous
1IV2519CW,15:31:51,268.10,760,Retail Matching Facility
1IV2519CV,15:31:51,268.10,240,Retail Matching Facility
1IV2519CT,15:31:45,268.10,174,Exchange Continuous
1IV2519CS,15:31:45,268.10,174,Exchange Continuous
1IV2519CR,15:31:45,268.15,196,Exchange Continuous
1IV2519CQ,15:31:45,268.15,520,Exchange Continuous
1IV2519CP,15:31:45,268.15,136,Exchange Continuous
1IV2519CO,15:31:45,268.10,348,Exchange Continuous
1IV2519CL,15:31:42,268.05,463,Exchange Continuous
1IV2519AO,15:31:23,268.10,366,Exchange Continuous
1IV2519AN,15:31:23,268.10,277,Exchange Continuous
1IV2519AM,15:31:23,268.10,277,Exchange Continuous
1IV2519AL,15:31:23,268.10,722,Exchange Continuous
1IV2519AK,15:31:23,268.10,70,Exchange Continuous
1IV2519AH,15:31:16,268.15,212,Exchange Continuous
1IV2519AG,15:31:16,268.15,197,Exchange Continuous
1IV2519AF,15:31:16,268.15,1 020,Exchange Continuous
1IV2519AE,15:31:16,268.15,197,Exchange Continuous
1IV2519AD,15:31:16,268.15,1 020,Exchange Continuous
1IV2519AC,15:31:16,268.15,1 020,Exchange Continuous
1IV2519AB,15:31:16,268.15,197,Exchange Continuous
1IV2519A0,15:30:51,268.15,249,Exchange Continuous
1IV25199Z,15:30:51,268.15,70,Exchange Continuous
1IV25199Y,15:30:44,268.10,326,Exchange Continuous
1IV25199X,15:30:44,268.10,498,Exchange Continuous
1IV25199W,15:30:31,268.15,358,Exchange Continuous
1IV25199T,15:30:14,268.05,326,Exchange Continuous
1IV25199S,15:30:14,268.00,326,Exchange Continuous
1IV25199R,15:30:14,268.00,70,Exchange Continuous
1IV25199Q,15:30:14,268.00,260,Exchange Continuous
1IV25199P,15:30:14,268.00,62,Exchange Continuous
1IV25199O,15:30:14,268.00,62,Exchange Continuous
1IV25199N,15:30:14,268.00,266,Exchange Continuous
1IV25199I,15:30:10,268.05,377,Exchange Continuous
1IV25199H,15:30:10,268.05,377,Exchange Continuous
1IV25199G,15:30:10,268.05,40,Exchange Continuous
1IV25199F,15:30:10,268.05,520,Exchange Continuous
1IV25199E,15:30:10,268.05,201,Exchange Continuous
1IV25199D,15:30:10,268.05,839,Exchange Continuous
1IV25199C,15:30:10,268.05,4,Exchange Continuous
1IV25199B,15:30:10,268.05,94,Exchange Continuous
1IV25199A,15:30:09,268.10,117,Exchange Continuous
1IV251996,15:30:05,268.10,38,Exchange Continuous
1IV25198N,15:30:02,268.10,2,Exchange Continuous
1IV25198M,15:30:02,268.10,2,Exchange Continuous
1IV25198L,15:30:02,268.10,7,Exchange Continuous
1IV25198K,15:30:02,268.10,432,Exchange Continuous
1IV25198I,15:30:00,268.05,7,Exchange Continuous
1IV25198G,15:29:32,268.00,174,Exchange Continuous
1IV25198F,15:29:32,268.00,174,Exchange Continuous
1IV25198E,15:29:31,268.05,70,Exchange Continuous
1IV25198D,15:29:31,268.05,348,Exchange Continuous
1IV25198C,15:29:31,268.05,70,Exchange Continuous
1IV25198B,15:29:31,268.00,240,Exchange Continuous
1IV25198A,15:29:31,268.00,327,Exchange Continuous
1IV251989,15:29:31,268.00,205,Exchange Continuous
1IV251988,15:29:31,268.00,520,Exchange Continuous
1IV251987,15:29:31,268.00,270,Exchange Continuous
1IV251986,15:29:31,268.00,260,Exchange Continuous
1IV251985,15:29:31,268.00,10,Exchange Continuous
1IV251984,15:29:31,268.00,348,Exchange Continuous
1IV251983,15:29:31,268.05,157,Exchange Continuous
1IV251982,15:29:31,268.05,158,Exchange Continuous
1IV251981,15:29:31,268.05,326,Exchange Continuous
1IV251980,15:29:31,268.05,520,Exchange Continuous
1IV25197Z,15:29:31,268.05,348,Exchange Continuous
1IV25197U,15:29:14,268.05,174,Exchange Continuous
1IV25197T,15:29:14,268.05,174,Exchange Continuous
1IV25197S,15:29:14,268.10,46,Exchange Continuous
1IV25197R,15:29:14,268.10,348,Exchange Continuous
1IV25197Q,15:29:14,268.10,10,Exchange Continuous
1IV25197K,15:29:07,268.15,209,Exchange Continuous
1IV25197J,15:29:06,268.15,180,Exchange Continuous
1IV25197I,15:29:06,268.20,503,Exchange Continuous
1IV25197H,15:29:00,268.35,520,Exchange Continuous
1IV25197G,15:29:00,268.35,70,Exchange Continuous
1IV25197F,15:29:00,268.35,348,Exchange Continuous
1IV25197E,15:28:58,268.30,132,Exchange Continuous
1IV25197D,15:28:58,268.30,70,Exchange Continuous
1IV25197C,15:28:58,268.30,348,Exchange Continuous
1IV25197B,15:28:58,268.30,450,Retail Matching Facility
1IV251979,15:28:46,268.25,260,Exchange Continuous
1IV251978,15:28:46,268.25,260,Exchange Continuous
1IV251977,15:28:46,268.25,70,Exchange Continuous
1IV251976,15:28:46,268.25,348,Exchange Continuous
1IV251970,15:28:43,268.20,348,Exchange Continuous
1IV25196Z,15:28:42,268.20,348,Exchange Continuous
1IV25196Y,15:28:42,268.20,1,Retail Matching Facility
1IV25196S,15:28:15,268.15,70,Exchange Continuous
1IV25196I,15:28:04,268.15,424,Exchange Continuous
1IV25196H,15:28:04,268.15,96,Exchange Continuous
1IV25196G,15:28:04,268.15,320,Exchange Continuous
1IV25196F,15:28:04,268.15,348,Exchange Continuous
1IV25195S,15:27:23,268.35,499,Exchange Continuous
1IV25195G,15:27:09,268.45,70,Exchange Continuous
1IV25195F,15:27:09,268.45,201,Exchange Continuous
1IV25195E,15:27:08,268.45,316,Exchange Continuous
1IV25195D,15:27:08,268.45,16,Exchange Continuous
1IV25195C,15:27:08,268.45,332,Exchange Continuous
1IV25195B,15:26:55,268.55,400,Retail Matching Facility
1IV25195A,15:26:55,268.50,600,Retail Matching Facility
1IV251959,15:26:52,268.45,348,Exchange Continuous
1IV251957,15:26:50,268.40,283,Exchange Continuous
1IV251953,15:26:38,268.40,348,Exchange Continuous
1IV251952,15:26:38,268.40,211,Exchange Continuous
1IV25194N,15:26:18,268.40,248,Exchange Continuous
1IV25194M,15:26:18,268.40,70,Exchange Continuous
1IV25194L,15:26:18,268.40,311,Exchange Continuous
1IV25194J,15:26:13,268.35,313,Exchange Continuous
1IV25194H,15:26:05,268.30,55,Exchange Continuous
1IV25194G,15:26:05,268.30,233,Exchange Continuous
1IV25194F,15:26:03,268.30,242,Exchange Continuous
1IV25194E,15:26:03,268.30,304,Exchange Continuous
1IV25194D,15:26:02,268.45,249,Exchange Continuous
1IV25194C,15:26:02,268.45,99,Exchange Continuous
1IV25194B,15:26:02,268.30,44,Exchange Continuous
1IV25194A,15:26:02,268.25,233,Exchange Continuous
1IV251948,15:26:00,268.20,166,Exchange Continuous
1IV251947,15:26:00,268.20,70,Exchange Continuous
1IV251946,15:26:00,268.20,265,Exchange Continuous
1IV251945,15:26:00,268.20,138,Exchange Continuous
1IV251944,15:25:58,268.35,210,Exchange Continuous
1IV251943,15:25:58,268.35,270,Exchange Continuous
1IV251942,15:25:58,268.35,332,Exchange Continuous
1IV251941,15:25:58,268.35,170,Exchange Continuous
1IV251940,15:25:58,268.35,70,Exchange Continuous
1IV25193Z,15:25:58,268.35,348,Exchange Continuous
1IV25193Y,15:25:57,268.45,3 352,Exchange Continuous
1IV25193X,15:25:57,268.45,475,Exchange Continuous
1IV25193W,15:25:57,268.45,271,Exchange Continuous
1IV25193V,15:25:57,268.45,249,Exchange Continuous
1IV25193U,15:25:57,268.50,137,Exchange Continuous
1IV25193T,15:25:57,268.50,131,Exchange Continuous
1IV25193S,15:25:57,268.50,486,Exchange Continuous
1IV25193Q,15:25:57,268.50,1,Exchange Continuous
1IV25193P,15:25:57,268.50,3,Exchange Continuous
1IV25193O,15:25:57,268.50,1,Exchange Continuous
1IV25193N,15:25:57,268.50,56,Exchange Continuous
1IV25193M,15:25:57,268.50,1,Exchange Continuous
1IV25193L,15:25:57,268.50,3,Exchange Continuous
1IV25193K,15:25:57,268.50,346,Exchange Continuous
1IV25193J,15:25:57,268.50,205,Exchange Continuous
1IV25193I,15:25:57,268.50,2,Exchange Continuous
1IV25193H,15:25:57,268.50,332,Exchange Continuous
1IV25193G,15:25:57,268.50,12,Exchange Continuous
1IV25193F,15:25:57,268.50,1 197,Exchange Continuous
1IV25193E,15:25:57,268.50,543,Exchange Continuous
1IV25193D,15:25:57,268.50,8,Exchange Continuous
1IV25193C,15:25:57,268.50,332,Exchange Continuous
1IV25193B,15:25:57,268.50,312,Exchange Continuous
1IV25193A,15:25:57,268.50,551,Exchange Continuous
1IV251939,15:25:57,268.50,3,Exchange Continuous
1IV251937,15:25:52,268.65,145,Exchange Continuous
1IV251936,15:25:52,268.65,145,Exchange Continuous
1IV25192V,15:25:25,268.70,18,Exchange Continuous
1IV25192U,15:25:25,268.70,18,Exchange Continuous
1IV25192S,15:25:12,268.75,70,Exchange Continuous
1IV25192R,15:25:12,268.75,8,Exchange Continuous
1IV25192Q,15:25:12,268.75,202,Exchange Continuous
1IV25192P,15:25:12,268.75,341,Exchange Continuous
1IV25192O,15:25:12,268.75,43,Exchange Continuous
1IV25192N,15:25:12,268.75,97,Exchange Continuous
1IV25192J,15:24:46,268.80,236,Exchange Continuous
1IV25192E,15:24:34,268.85,348,Exchange Continuous
1IV251920,15:24:26,268.95,202,Exchange Continuous
1IV25191Z,15:24:25,268.95,348,Exchange Continuous
1IV25191Y,15:24:25,268.95,262,Exchange Continuous
1IV25191X,15:24:25,268.95,288,Exchange Continuous
1IV25191W,15:24:25,268.95,262,Exchange Continuous
1IV25191V,15:24:25,268.95,550,Exchange Continuous
1IV25191U,15:24:25,268.95,348,Exchange Continuous
1IV25191T,15:24:25,268.95,550,Exchange Continuous
1IV25191S,15:24:25,268.95,316,Exchange Continuous
1IV25191R,15:24:21,269.00,42,Exchange Continuous
1IV25191Q,15:24:21,269.00,42,Exchange Continuous
1IV25191P,15:24:21,269.00,42,Exchange Continuous
1IV25191O,15:24:21,269.00,42,Exchange Continuous
1IV25191N,15:24:21,269.00,306,Exchange Continuous
1IV25191M,15:24:21,269.00,42,Exchange Continuous
1IV25191L,15:24:21,269.00,42,Exchange Continuous
1IV25191K,15:24:21,269.00,42,Exchange Continuous
1IV25191J,15:24:21,269.00,306,Exchange Continuous
1IV25191I,15:24:21,269.00,42,Exchange Continuous
1IV25191H,15:24:21,269.00,42,Exchange Continuous
1IV25191G,15:24:21,269.00,306,Exchange Continuous
1IV25191F,15:24:21,269.00,42,Exchange Continuous
1IV25191E,15:24:21,269.00,42,Exchange Continuous
1IV25191D,15:24:21,269.00,42,Exchange Continuous
1IV25191C,15:24:21,269.00,42,Exchange Continuous
1IV25191B,15:24:21,269.00,42,Exchange Continuous
1IV25191A,15:24:21,269.00,42,Exchange Continuous
1IV251919,15:24:21,269.00,42,Exchange Continuous
1IV251918,15:24:21,269.00,478,Exchange Continuous
1IV251917,15:24:21,269.00,42,Exchange Continuous
1IV251916,15:24:21,269.00,42,Exchange Continuous
1IV251915,15:24:21,269.00,42,Exchange Continuous
1IV251914,15:24:21,269.00,42,Exchange Continuous
1IV251913,15:24:21,269.00,42,Exchange Continuous
1IV251912,15:24:21,269.00,638,Exchange Continuous
1IV251911,15:24:21,269.00,42,Exchange Continuous
1IV251910,15:24:21,269.00,358,Exchange Continuous
1IV25190Z,15:24:21,269.00,42,Exchange Continuous
1IV25190Y,15:24:21,269.00,42,Exchange Continuous
1IV25190X,15:24:21,269.00,42,Exchange Continuous
1IV25190W,15:24:21,269.00,42,Exchange Continuous
1IV25190V,15:24:21,269.00,42,Exchange Continuous
1IV25190U,15:24:21,269.00,42,Exchange Continuous
1IV25190T,15:24:21,269.00,42,Exchange Continuous
1IV25190S,15:24:21,269.00,306,Exchange Continuous
1IV25190R,15:24:21,269.00,42,Exchange Continuous
1IV25190Q,15:24:21,269.00,42,Exchange Continuous
1IV25190P,15:24:21,269.00,306,Exchange Continuous
1IV25190O,15:24:21,269.00,42,Exchange Continuous
1IV25190N,15:24:21,269.00,42,Exchange Continuous
1IV25190M,15:24:21,269.00,42,Exchange Continuous
1IV25190L,15:24:21,269.00,306,Exchange Continuous
1IV25190K,15:24:21,269.00,42,Exchange Continuous
1IV25190J,15:24:21,269.00,42,Exchange Continuous
1IV25190I,15:24:21,269.00,306,Exchange Continuous
1IV25190H,15:24:21,269.00,42,Exchange Continuous
1IV25190G,15:24:21,269.00,42,Exchange Continuous
1IV25190F,15:24:21,269.00,306,Exchange Continuous
1IV25190E,15:24:21,269.00,42,Exchange Continuous
1IV25190D,15:24:21,269.00,42,Exchange Continuous
1IV25190C,15:24:21,269.00,306,Exchange Continuous
1IV25190B,15:24:21,269.00,42,Exchange Continuous
1IV25190A,15:24:21,269.00,42,Exchange Continuous
1IV251909,15:24:21,269.00,42,Exchange Continuous
1IV251908,15:24:21,269.00,42,Exchange Continuous
1IV251907,15:24:21,269.00,42,Exchange Continuous
1IV251906,15:24:21,269.00,42,Exchange Continuous
1IV251905,15:24:21,269.00,42,Exchange Continuous
1IV251904,15:24:21,269.00,42,Exchange Continuous
1IV251903,15:24:21,269.00,42,Exchange Continuous
1IV251902,15:24:21,269.00,42,Exchange Continuous
1IV251901,15:24:21,269.00,42,Exchange Continuous
1IV251900,15:24:21,269.00,42,Exchange Continuous
1IV2518ZZ,15:24:21,269.00,42,Exchange Continuous
1IV2518ZY,15:24:21,269.00,42,Exchange Continuous
1IV2518ZX,15:24:21,269.00,42,Exchange Continuous
1IV2518ZW,15:24:21,269.00,42,Exchange Continuous
1IV2518ZV,15:24:21,269.00,42,Exchange Continuous
1IV2518ZU,15:24:21,269.00,42,Exchange Continuous
1IV2518ZT,15:24:21,269.00,42,Exchange Continuous
1IV2518ZS,15:24:21,269.00,42,Exchange Continuous
1IV2518ZR,15:24:21,269.00,42,Exchange Continuous
1IV2518ZQ,15:24:21,269.00,42,Exchange Continuous
1IV2518ZP,15:24:21,269.00,42,Exchange Continuous
1IV2518ZO,15:24:21,269.00,42,Exchange Continuous
1IV2518ZN,15:24:21,269.00,42,Exchange Continuous
1IV2518ZM,15:24:21,269.00,42,Exchange Continuous
1IV2518ZL,15:24:20,269.00,42,Exchange Continuous
1IV2518ZK,15:24:20,269.00,42,Exchange Continuous
1IV2518ZJ,15:24:20,269.00,42,Exchange Continuous
1IV2518ZI,15:24:20,269.00,42,Exchange Continuous
1IV2518ZH,15:24:20,269.00,42,Exchange Continuous
1IV2518ZG,15:24:20,269.00,162,Exchange Continuous
1IV2518ZF,15:24:20,269.00,348,Exchange Continuous
1IV2518ZE,15:24:20,269.00,70,Exchange Continuous
1IV2518ZD,15:24:20,269.00,167,Exchange Continuous
1IV2518ZC,15:24:20,269.00,209,Exchange Continuous
1IV2518ZB,15:24:20,269.00,520,Exchange Continuous
1IV2518ZA,15:24:20,269.00,307,Exchange Continuous
1IV2518Z9,15:24:20,269.00,348,Exchange Continuous
1IV2518Z3,15:23:57,269.10,2,Exchange Continuous
1IV2518Z2,15:23:57,269.10,117,Exchange Continuous
1IV2518Z1,15:23:57,269.10,106,Exchange Continuous
1IV2518Z0,15:23:57,269.10,242,Exchange Continuous
1IV2518YZ,15:23:57,269.10,122,Exchange Continuous
1IV2518YY,15:23:57,269.10,242,Exchange Continuous
1IV2518YX,15:23:57,269.10,242,Exchange Continuous
1IV2518YW,15:23:57,269.10,242,Exchange Continuous
1IV2518YV,15:23:57,269.10,122,Exchange Continuous
1IV2518YU,15:23:56,269.10,358,Exchange Continuous
1IV2518YR,15:23:41,269.10,196,Exchange Continuous
1IV2518YQ,15:23:41,269.10,50,Retail Matching Facility
1IV2518YP,15:23:41,269.05,223,Exchange Continuous
1IV2518Y8,15:23:18,269.10,24,Exchange Continuous
1IV2518Y7,15:23:18,269.10,80,Exchange Continuous
1IV2518Y6,15:23:18,269.10,612,Exchange Continuous
1IV2518Y4,15:22:56,269.15,1,Exchange Continuous
1IV2518WA,15:21:43,269.20,370,Exchange Continuous
1IV2518W4,15:21:36,269.25,263,Exchange Continuous
1IV2518W3,15:21:36,269.25,263,Exchange Continuous
1IV2518W2,15:21:35,269.25,207,Exchange Continuous
1IV2518W1,15:21:35,269.25,56,Exchange Continuous
1IV2518W0,15:21:35,269.25,133,Exchange Continuous
1IV2518VZ,15:21:33,269.25,77,Exchange Continuous
1IV2518VY,15:21:33,269.25,85,Exchange Continuous
1IV2518VX,15:21:33,269.25,129,Exchange Continuous
1IV2518VW,15:21:33,269.25,3,Exchange Continuous
1IV2518VV,15:21:33,269.25,1,Exchange Continuous
1IV2518VU,15:21:33,269.25,45,Exchange Continuous
1IV2518VT,15:21:33,269.25,4,Exchange Continuous
1IV2518VM,15:21:02,269.30,20,Exchange Continuous
1IV2518VL,15:21:02,269.30,12,Exchange Continuous
1IV2518VK,15:21:02,269.30,198,Exchange Continuous
1IV2518VJ,15:21:02,269.30,85,Exchange Continuous
1IV2518V1,15:20:29,269.40,20,Exchange Continuous
1IV2518UY,15:20:22,269.35,168,Exchange Continuous
1IV2518UX,15:20:14,269.40,70,Exchange Continuous
1IV2518UW,15:20:14,269.40,5,Exchange Continuous
1IV2518UU,15:19:59,269.35,10,Exchange Continuous
1IV2518UT,15:19:59,269.35,332,Exchange Continuous
1IV2518US,15:19:59,269.35,16,Exchange Continuous
1IV2518UR,15:19:48,269.45,348,Exchange Continuous
1IV2518UQ,15:19:48,269.45,390,Exchange Continuous
1IV2518UP,15:19:48,269.45,373,Exchange Continuous
1IV2518UB,15:19:27,269.50,777,Exchange Continuous
1IV2518U2,15:18:43,269.50,463,Exchange Continuous
1IV2518U1,15:18:43,269.50,60,Exchange Continuous
1IV2518U0,15:18:42,269.45,20,Retail Matching Facility
1IV2518TZ,15:18:32,269.40,232,Exchange Continuous
1IV2518TX,15:18:01,269.40,31,Exchange Continuous
1IV2518TW,15:18:01,269.35,30,Exchange Continuous
1IV2518T8,15:17:08,269.35,348,Exchange Continuous
1IV2518T7,15:16:57,269.40,348,Exchange Continuous
1IV2518T6,15:16:55,269.45,303,Exchange Continuous
1IV2518T5,15:16:55,269.45,69,Exchange Continuous
1IV2518T4,15:16:55,269.45,348,Exchange Continuous
1IV2518T3,15:16:48,269.45,348,Exchange Continuous
1IV2518T2,15:16:48,269.45,70,Exchange Continuous
1IV2518T1,15:16:48,269.45,19,Exchange Continuous
1IV2518T0,15:16:48,269.45,21,Exchange Continuous
1IV2518SO,15:16:44,269.45,348,Exchange Continuous
1IV2518SN,15:16:44,269.45,348,Exchange Continuous
1IV2518SM,15:16:44,269.45,453,Exchange Continuous
1IV2518SL,15:16:44,269.45,166,Exchange Continuous
1IV2518SK,15:16:44,269.45,348,Exchange Continuous
1IV2518SJ,15:16:44,269.45,453,Exchange Continuous
1IV2518SI,15:16:44,269.45,514,Exchange Continuous
1IV2518SH,15:16:44,269.45,197,Exchange Continuous
1IV2518SG,15:16:44,269.45,179,Exchange Continuous
1IV2518SF,15:16:43,269.50,160,Exchange Continuous
1IV2518SE,15:16:38,269.50,119,Exchange Continuous
1IV2518SD,15:16:38,269.50,233,Exchange Continuous
1IV2518SC,15:16:38,269.50,91,Exchange Continuous
1IV2518SB,15:16:38,269.50,233,Exchange Continuous
1IV2518SA,15:16:38,269.50,60,Exchange Continuous
1IV2518S9,15:16:38,269.50,293,Exchange Continuous
1IV2518S8,15:16:38,269.50,394,Exchange Continuous
1IV2518S7,15:16:38,269.50,29,Exchange Continuous
1IV2518S6,15:16:38,269.50,233,Exchange Continuous
1IV2518S5,15:16:38,269.50,747,Exchange Continuous
1IV2518S4,15:16:38,269.50,114,Exchange Continuous
1IV2518S2,15:16:15,269.50,238,Exchange Continuous
1IV2518S1,15:16:14,269.45,102,Exchange Continuous
1IV2518S0,15:16:14,269.45,102,Exchange Continuous
1IV2518RZ,15:16:14,269.45,144,Exchange Continuous
1IV2518RY,15:16:14,269.45,72,Exchange Continuous
1IV2518RX,15:16:14,269.45,34,Exchange Continuous
1IV2518RW,15:15:42,269.50,50,Retail Matching Facility
1IV2518RS,15:15:16,269.45,179,Exchange Continuous
1IV2518RR,15:15:16,269.45,179,Exchange Continuous
1IV2518RP,15:15:11,269.40,70,Exchange Continuous
1IV2518RO,15:15:11,269.40,293,Exchange Continuous
1IV2518RN,15:15:11,269.40,10,Exchange Continuous
1IV2518RM,15:15:11,269.40,100,Exchange Continuous
1IV2518RI,15:15:08,269.40,155,Exchange Continuous
1IV2518RH,15:15:08,269.40,345,Exchange Continuous
1IV2518RG,15:15:08,269.40,549,Exchange Continuous
1IV2518RF,15:15:08,269.40,137,Exchange Continuous
1IV2518RE,15:15:07,269.40,348,Exchange Continuous
1IV2518RD,15:15:07,269.40,549,Exchange Continuous
1IV2518RC,15:15:07,269.40,360,Exchange Continuous
1IV2518RB,15:15:07,269.40,485,Exchange Continuous
1IV2518RA,15:15:06,269.45,102,Exchange Continuous
1IV2518R9,15:15:06,269.45,45,Exchange Continuous
1IV2518R8,15:15:06,269.45,303,Exchange Continuous
1IV2518QQ,15:14:58,269.50,127,Exchange Continuous
1IV2518QP,15:14:57,269.45,955,Exchange Continuous
1IV2518QO,15:14:56,269.45,218,Exchange Continuous
1IV2518QN,15:14:56,269.45,70,Exchange Continuous
1IV2518QM,15:14:56,269.45,291,Exchange Continuous
1IV2518QL,15:14:56,269.45,348,Exchange Continuous
1IV2518QK,15:14:56,269.45,358,Exchange Continuous
1IV2518QE,15:14:01,269.50,206,Exchange Continuous
1IV2518QD,15:13:59,269.50,108,Exchange Continuous
1IV2518QC,15:13:59,269.50,240,Exchange Continuous
1IV2518QB,15:13:59,269.50,240,Exchange Continuous
1IV2518QA,15:13:59,269.50,194,Exchange Continuous
1IV2518Q9,15:13:59,269.50,154,Exchange Continuous
1IV2518Q8,15:13:59,269.50,86,Exchange Continuous
1IV2518Q7,15:13:59,269.50,86,Exchange Continuous
1IV2518Q6,15:13:59,269.50,154,Exchange Continuous
1IV2518Q5,15:13:59,269.50,194,Exchange Continuous
1IV2518Q4,15:13:59,269.50,108,Exchange Continuous
1IV2518Q3,15:13:59,269.50,240,Exchange Continuous
1IV2518Q2,15:13:59,269.50,169,Exchange Continuous
1IV2518Q1,15:13:59,269.50,108,Exchange Continuous
1IV2518Q0,15:13:59,269.50,240,Exchange Continuous
1IV2518PZ,15:13:59,269.50,157,Exchange Continuous
1IV2518PY,15:13:59,269.50,277,Exchange Continuous
1IV2518PX,15:13:59,269.50,240,Exchange Continuous
1IV2518PW,15:13:59,269.50,228,Exchange Continuous
1IV2518PV,15:13:58,269.50,132,Exchange Continuous
1IV2518PS,15:13:26,269.50,337,Exchange Continuous
1IV2518PR,15:13:26,269.55,54,Exchange Continuous
1IV2518PQ,15:13:26,269.55,238,Exchange Continuous
1IV2518PN,15:12:24,269.55,207,Exchange Continuous
1IV2518P7,15:11:53,269.60,352,Exchange Continuous
1IV2518P6,15:11:53,269.60,70,Exchange Continuous
1IV2518P5,15:11:53,269.60,210,Exchange Continuous
1IV2518P3,15:11:43,269.60,558,Exchange Continuous
1IV2518O4,15:11:10,269.65,348,Exchange Continuous
1IV2518O3,15:11:10,269.65,401,Exchange Continuous
1IV2518O2,15:11:01,269.70,61,Exchange Continuous
1IV2518O1,15:11:01,269.70,61,Exchange Continuous
1IV2518O0,15:11:01,269.70,1 470,Exchange Continuous
1IV2518NZ,15:11:01,269.70,168,Exchange Continuous
1IV2518NY,15:11:01,269.70,348,Exchange Continuous
1IV2518NX,15:11:01,269.70,214,Exchange Continuous
1IV2518NW,15:10:55,269.75,29,Exchange Continuous
1IV2518NV,15:10:55,269.75,210,Exchange Continuous
1IV2518NU,15:10:55,269.75,225,Exchange Continuous
1IV2518NT,15:10:55,269.75,432,Exchange Continuous
1IV2518NR,15:10:49,269.85,400,Retail Matching Facility
1IV2518NQ,15:10:49,269.85,600,Retail Matching Facility
1IV2518NL,15:10:20,269.80,412,Exchange Continuous
1IV2518NK,15:10:20,269.80,929,Retail Matching Facility
1IV2518NJ,15:10:20,269.80,271,Retail Matching Facility
1IV2518NI,15:10:20,269.80,284,Exchange Continuous
1IV2518NH,15:10:20,269.80,142,Exchange Continuous
1IV2518NG,15:10:20,269.80,142,Exchange Continuous
1IV2518N5,15:10:06,269.70,4,Exchange Continuous
1IV2518N1,15:10:00,269.70,89,Exchange Continuous
1IV2518N0,15:10:00,269.70,145,Exchange Continuous
1IV2518MZ,15:10:00,269.70,249,Exchange Continuous
1IV2518MY,15:10:00,269.70,75,Exchange Continuous
1IV2518MX,15:10:00,269.70,556,Exchange Continuous
1IV2518MW,15:10:00,269.70,498,Exchange Continuous
1IV2518MV,15:10:00,269.70,446,Exchange Continuous
1IV2518MU,15:10:00,269.70,156,Exchange Continuous
1IV2518MT,15:10:00,269.70,93,Exchange Continuous
1IV2518MS,15:10:00,269.70,21,Exchange Continuous
1IV2518MR,15:10:00,269.70,114,Exchange Continuous
1IV2518ME,15:09:14,269.70,94,Exchange Continuous
1IV2518MD,15:09:14,269.70,51,Exchange Continuous
1IV2518M6,15:07:57,269.65,246,Exchange Continuous
1IV2518M5,15:07:33,269.65,221,Exchange Continuous
1IV2518M4,15:07:33,269.60,121,Exchange Continuous
1IV2518M3,15:07:33,269.60,209,Exchange Continuous
1IV2518LU,15:07:17,269.55,27,Exchange Continuous
1IV2518LT,15:07:17,269.55,330,Exchange Continuous
1IV2518LS,15:07:17,269.55,84,Exchange Continuous
1IV2518LR,15:07:17,269.55,218,Exchange Continuous
1IV2518LJ,15:06:23,269.55,103,Exchange Continuous
1IV2518LI,15:06:21,269.55,161,Exchange Continuous
1IV2518LH,15:06:21,269.55,114,Exchange Continuous
1IV2518LF,15:06:18,269.65,189,Exchange Continuous
1IV2518LE,15:06:18,269.65,228,Exchange Continuous
1IV2518LD,15:06:18,269.65,154,Exchange Continuous
1IV2518LC,15:06:18,269.65,1 363,Exchange Continuous
1IV2518LB,15:06:18,269.65,401,Exchange Continuous
1IV2518LA,15:06:18,269.65,962,Exchange Continuous
1IV2518L9,15:06:18,269.65,555,Exchange Continuous
1IV2518L8,15:06:18,269.65,182,Exchange Continuous
1IV2518L7,15:06:18,269.65,63,Exchange Continuous
1IV2518KK,15:06:04,269.65,15,Exchange Continuous
1IV2518KC,15:05:45,269.55,432,Exchange Continuous
1IV2518KA,15:05:29,269.55,3,Exchange Continuous
1IV2518K4,15:05:22,269.60,405,Exchange Continuous
1IV2518JR,15:04:58,269.60,348,Exchange Continuous
1IV2518JC,15:04:23,269.60,159,Exchange Continuous
1IV2518JB,15:04:23,269.60,344,Exchange Continuous
1IV2518JA,15:04:23,269.60,2,Exchange Continuous
1IV2518J9,15:04:23,269.60,2,Exchange Continuous
1IV2518J3,15:03:58,269.65,53,Exchange Continuous
1IV2518J2,15:03:58,269.65,272,Exchange Continuous
1IV2518J1,15:03:58,269.65,378,Exchange Continuous
1IV2518J0,15:03:58,269.65,272,Exchange Continuous
1IV2518IZ,15:03:58,269.65,217,Exchange Continuous
1IV2518IY,15:03:58,269.65,55,Exchange Continuous
1IV2518IX,15:03:58,269.65,2,Exchange Continuous
1IV2518IW,15:03:58,269.65,186,Exchange Continuous
1IV2518IV,15:03:58,269.65,86,Exchange Continuous
1IV2518IU,15:03:58,269.65,114,Exchange Continuous
1IV2518IT,15:03:58,269.65,264,Exchange Continuous
1IV2518IS,15:03:58,269.65,179,Exchange Continuous
1IV2518IR,15:03:58,269.65,93,Exchange Continuous
1IV2518IB,15:03:32,269.70,58,Exchange Continuous
1IV2518I7,15:03:12,269.60,137,Exchange Continuous
1IV2518I6,15:03:12,269.60,243,Exchange Continuous
1IV2518I5,15:02:55,269.60,152,Exchange Continuous
1IV2518I4,15:02:41,269.55,196,Exchange Continuous
1IV2518I1,15:02:35,269.50,1 159,Exchange Continuous
1IV2518I0,15:02:34,269.50,436,Exchange Continuous
1IV2518HZ,15:02:34,269.50,156,Exchange Continuous
1IV2518HY,15:02:29,269.40,215,Exchange Continuous
1IV2518HX,15:02:26,269.45,2,Exchange Continuous
1IV2518HW,15:02:15,269.40,348,Exchange Continuous
1IV2518HR,15:01:55,269.55,320,Exchange Continuous
1IV2518HQ,15:01:55,269.55,431,Exchange Continuous
1IV2518HP,15:01:55,269.55,419,Exchange Continuous
1IV2518HI,15:01:24,269.35,218,Exchange Continuous
1IV2518HE,15:00:46,269.25,2,Exchange Continuous
1IV2518HD,15:00:43,269.25,167,Exchange Continuous
1IV2518HC,15:00:43,269.25,70,Exchange Continuous
1IV2518HB,15:00:43,269.20,1,Exchange Continuous
1IV2518HA,15:00:40,269.20,150,Exchange Continuous
1IV2518H9,15:00:40,269.15,50,Exchange Continuous
1IV2518H8,15:00:39,269.10,96,Exchange Continuous
1IV2518H2,15:00:29,269.00,70,Exchange Continuous
1IV2518H0,15:00:09,269.00,85,Exchange Continuous
1IV2518GZ,15:00:09,269.05,413,Exchange Continuous
1IV2518GY,15:00:09,269.05,500,Exchange Continuous
1IV2518GX,15:00:09,269.10,149,Exchange Continuous
1IV2518GW,15:00:09,269.10,242,Exchange Continuous
1IV2518GV,15:00:09,269.10,242,Exchange Continuous
1IV2518GU,15:00:09,269.10,237,Exchange Continuous
1IV2518GT,15:00:09,269.10,5,Exchange Continuous
1IV2518GS,15:00:09,269.10,106,Exchange Continuous
1IV2518GR,15:00:09,269.10,242,Exchange Continuous
1IV2518GQ,15:00:09,269.10,242,Exchange Continuous
1IV2518GP,15:00:09,269.10,289,Exchange Continuous
1IV2518GO,15:00:06,269.10,4,Exchange Continuous
1IV2518GN,14:59:49,269.10,60,Exchange Continuous
1IV2518GM,14:59:48,269.10,45,Exchange Continuous
1IV2518GJ,14:58:58,269.05,81,Exchange Continuous
1IV2518GI,14:58:58,269.05,26,Exchange Continuous
1IV2518GH,14:58:58,269.05,196,Exchange Continuous
1IV2518G7,14:58:42,269.10,61,Exchange Continuous
1IV2518FT,14:58:20,269.05,503,Exchange Continuous
1IV2518FS,14:58:20,269.05,348,Exchange Continuous
1IV2518FR,14:58:20,269.05,155,Exchange Continuous
1IV2518FQ,14:58:20,269.05,42,Exchange Continuous
1IV2518FP,14:58:20,269.05,154,Exchange Continuous
1IV2518FO,14:58:20,269.05,1,Exchange Continuous
1IV2518FN,14:58:20,269.05,348,Exchange Continuous
1IV2518FM,14:58:20,269.05,348,Exchange Continuous
1IV2518FL,14:58:20,269.05,503,Exchange Continuous
1IV2518FK,14:58:20,269.15,56,Exchange Continuous
1IV2518FJ,14:58:17,269.10,3,Exchange Continuous
1IV2518FI,14:58:17,269.10,3,Exchange Continuous
1IV2518FH,14:58:17,269.10,21,Exchange Continuous
1IV2518F1,14:58:04,269.15,122,Exchange Continuous
1IV2518F0,14:58:04,269.15,83,Exchange Continuous
1IV2518EZ,14:58:01,269.10,490,Exchange Continuous
1IV2518EY,14:57:45,269.10,5,Retail Matching Facility
1IV2518EX,14:57:28,269.10,39,Exchange Continuous
1IV2518EW,14:57:25,269.25,1 097,Retail Matching Facility
1IV2518EV,14:57:25,269.25,903,Retail Matching Facility
1IV2518EH,14:57:02,269.25,306,Exchange Continuous
1IV2518EG,14:57:01,269.30,40,Exchange Continuous
1IV2518EF,14:57:00,269.35,55,Exchange Continuous
1IV2518EE,14:57:00,269.35,331,Exchange Continuous
1IV2518E6,14:56:33,269.40,266,Exchange Continuous
1IV2518E5,14:56:33,269.40,266,Exchange Continuous
1IV2518E4,14:56:33,269.40,38,Exchange Continuous
1IV2518E3,14:56:33,269.40,9,Exchange Continuous
1IV2518E2,14:56:33,269.40,266,Exchange Continuous
1IV2518E1,14:56:28,269.40,388,Exchange Continuous
1IV2518DC,14:55:48,269.30,21,Exchange Continuous
1IV2518DB,14:55:48,269.30,313,Exchange Continuous
1IV2518DA,14:55:23,269.20,157,Exchange Continuous
1IV2518D9,14:55:23,269.20,300,Exchange Continuous
1IV2518D8,14:55:23,269.20,348,Exchange Continuous
1IV2518D7,14:55:21,269.20,8,Exchange Continuous
1IV2518D6,14:55:11,269.20,145,Exchange Continuous
1IV2518D5,14:55:11,269.20,1 069,Exchange Continuous
1IV2518D4,14:55:11,269.20,500,Exchange Continuous
1IV2518D3,14:55:11,269.20,1 439,Exchange Continuous
1IV2518D2,14:55:11,269.20,130,Exchange Continuous
1IV2518D1,14:55:11,269.20,31,Exchange Continuous
1IV2518D0,14:55:11,269.20,339,Exchange Continuous
1IV2518CH,14:54:23,269.20,161,Exchange Continuous
1IV2518CG,14:54:23,269.20,26,Exchange Continuous
1IV2518CF,14:54:23,269.20,222,Exchange Continuous
1IV2518CE,14:54:14,269.25,77,Exchange Continuous
1IV2518CD,14:54:14,269.25,153,Exchange Continuous
1IV2518CA,14:54:09,269.30,7,Exchange Continuous
1IV2518C9,14:54:06,269.20,70,Exchange Continuous
1IV2518C8,14:54:06,269.20,129,Exchange Continuous
1IV2518C7,14:54:06,269.20,117,Exchange Continuous
1IV2518C3,14:53:01,269.15,219,Exchange Continuous
1IV2518BW,14:52:54,269.30,88,Exchange Continuous
1IV2518BV,14:52:54,269.30,890,Exchange Continuous
1IV2518BU,14:52:52,269.35,111,Exchange Continuous
1IV2518BT,14:52:52,269.35,61,Exchange Continuous
1IV2518BS,14:52:52,269.35,235,Exchange Continuous
1IV2518BR,14:52:52,269.35,308,Exchange Continuous
1IV2518BQ,14:52:52,269.35,40,Exchange Continuous
1IV2518BP,14:52:52,269.35,195,Exchange Continuous
1IV2518BO,14:52:52,269.35,235,Exchange Continuous
1IV2518BN,14:52:52,269.35,195,Exchange Continuous
1IV2518BM,14:52:52,269.35,40,Exchange Continuous
1IV2518BL,14:52:52,269.35,113,Exchange Continuous
1IV2518BK,14:52:52,269.35,235,Exchange Continuous
1IV2518BJ,14:52:52,269.35,65,Exchange Continuous
1IV2518BI,14:52:52,269.35,235,Exchange Continuous
1IV2518BH,14:52:52,269.35,235,Exchange Continuous
1IV2518BG,14:52:52,269.35,81,Exchange Continuous
1IV2518BF,14:52:44,269.35,16,Exchange Continuous
1IV2518B6,14:52:15,269.30,30,Exchange Continuous
1IV2518B5,14:52:15,269.30,20,Exchange Continuous
1IV2518B4,14:52:15,269.30,585,Exchange Continuous
1IV2518B3,14:52:15,269.30,19,Exchange Continuous
1IV2518B2,14:52:15,269.30,69,Exchange Continuous
1IV2518B1,14:52:15,269.30,348,Exchange Continuous
1IV2518AN,14:51:36,269.30,212,Exchange Continuous
1IV2518A4,14:51:08,269.35,117,Exchange Continuous
1IV2518A3,14:50:35,269.50,205,Exchange Continuous
1IV2518A2,14:50:35,269.50,1 348,Exchange Continuous
1IV25189P,14:50:30,269.45,70,Exchange Continuous
1IV25189O,14:50:30,269.45,348,Exchange Continuous
1IV25189N,14:50:30,269.45,5,Exchange Continuous
1IV25189I,14:49:52,269.50,439,Exchange Continuous
1IV25189H,14:49:51,269.50,473,Exchange Continuous
1IV25189G,14:49:51,269.50,732,Exchange Continuous
1IV25189F,14:49:51,269.50,387,Exchange Continuous
1IV25189E,14:49:51,269.50,473,Exchange Continuous
1IV25189D,14:49:51,269.50,115,Retail Matching Facility
1IV25189C,14:49:50,269.60,39,Exchange Continuous
1IV25189B,14:49:46,269.70,188,Exchange Continuous
1IV25189A,14:49:46,269.70,65,Exchange Continuous
1IV251899,14:49:46,269.70,348,Exchange Continuous
1IV251898,14:49:46,269.70,413,Exchange Continuous
1IV251897,14:49:46,269.70,413,Exchange Continuous
1IV251896,14:49:46,269.70,348,Exchange Continuous
1IV251895,14:49:46,269.70,65,Exchange Continuous
1IV251894,14:49:46,269.70,348,Exchange Continuous
1IV251893,14:49:46,269.70,65,Exchange Continuous
1IV251892,14:49:46,269.70,348,Exchange Continuous
1IV251891,14:49:46,269.70,107,Exchange Continuous
1IV251890,14:49:46,269.70,413,Exchange Continuous
1IV25188Z,14:49:46,269.70,335,Exchange Continuous
1IV25188Y,14:49:46,269.70,225,Exchange Continuous
1IV25188X,14:49:46,269.70,188,Exchange Continuous
1IV25188W,14:49:46,269.70,855,Exchange Continuous
1IV25188V,14:49:46,269.70,145,Exchange Continuous
1IV25188U,14:49:46,269.70,268,Exchange Continuous
1IV25188T,14:49:46,269.70,348,Exchange Continuous
1IV25188S,14:49:46,269.70,413,Exchange Continuous
1IV25188R,14:49:46,269.70,239,Exchange Continuous
1IV25188Q,14:49:42,269.80,271,Exchange Continuous
1IV25188P,14:49:42,269.80,100,Exchange Continuous
1IV25188O,14:49:42,269.80,42,Exchange Continuous
1IV25188N,14:49:37,269.80,306,Exchange Continuous
1IV25188M,14:49:37,269.80,465,Exchange Continuous
1IV25188L,14:49:35,269.80,90,Exchange Continuous
1IV25188K,14:49:35,269.80,233,Exchange Continuous
1IV25188J,14:49:35,269.80,100,Exchange Continuous
1IV25188I,14:49:35,269.80,187,Exchange Continuous
1IV25188H,14:49:35,269.80,348,Exchange Continuous
1IV25188G,14:49:35,269.80,20,Exchange Continuous
1IV25188F,14:49:35,269.80,100,Exchange Continuous
1IV25188E,14:49:35,269.80,943,Exchange Continuous
1IV25188D,14:49:35,269.80,100,Exchange Continuous
1IV25188C,14:49:35,269.80,177,Exchange Continuous
1IV25188B,14:49:35,269.80,30,Exchange Continuous
1IV25188A,14:49:35,269.80,348,Exchange Continuous
1IV251889,14:49:35,269.80,143,Exchange Continuous
1IV251888,14:49:35,269.80,100,Exchange Continuous
1IV251887,14:49:35,269.80,307,Exchange Continuous
1IV251886,14:49:35,269.80,248,Exchange Continuous
1IV251885,14:49:35,269.80,100,Exchange Continuous
1IV251884,14:49:35,269.80,555,Exchange Continuous
1IV251883,14:49:35,269.80,100,Exchange Continuous
1IV251882,14:49:35,269.80,858,Retail Matching Facility
1IV251881,14:49:35,269.80,342,Retail Matching Facility
1IV251880,14:49:35,269.80,213,Exchange Continuous
1IV25187Z,14:49:34,269.80,41,Exchange Continuous
1IV25187Y,14:49:34,269.80,100,Exchange Continuous
1IV25187X,14:49:34,269.80,555,Exchange Continuous
1IV25187W,14:49:34,269.80,54,Exchange Continuous
1IV25187V,14:49:34,269.80,46,Exchange Continuous
1IV25187U,14:49:34,269.75,10,Exchange Continuous
1IV25187T,14:49:20,269.70,22,Retail Matching Facility
1IV25187S,14:49:10,269.75,1,Retail Matching Facility
1IV25187P,14:49:06,269.70,222,Exchange Continuous
1IV25187O,14:48:57,269.75,51,Exchange Continuous
1IV25187N,14:48:57,269.75,33,Exchange Continuous
1IV25187M,14:48:57,269.75,348,Exchange Continuous
1IV25187L,14:48:57,269.75,4,Exchange Continuous
1IV25187K,14:48:50,269.70,147,Exchange Continuous
1IV25187J,14:48:50,269.70,17,Exchange Continuous
1IV25187I,14:48:50,269.70,17,Exchange Continuous
1IV25187H,14:48:50,269.70,226,Exchange Continuous
1IV25187G,14:48:47,269.70,5,Exchange Continuous
1IV25187E,14:48:20,269.60,315,Exchange Continuous
1IV251877,14:47:56,269.60,1 200,Retail Matching Facility
1IV25186Y,14:47:24,269.60,218,Exchange Continuous
1IV25186V,14:47:17,269.60,155,Exchange Continuous
1IV25186U,14:47:17,269.60,19,Exchange Continuous
1IV25186T,14:47:17,269.60,19,Exchange Continuous
1IV25186S,14:47:17,269.60,155,Exchange Continuous
1IV25186R,14:47:17,269.60,209,Exchange Continuous
1IV25186Q,14:47:12,269.65,117,Exchange Continuous
1IV25186P,14:47:11,269.60,14,Exchange Continuous
1IV25186I,14:46:17,269.55,1 000,Retail Matching Facility
1IV25186H,14:46:17,269.55,200,Retail Matching Facility
1IV25186F,14:46:13,269.65,135,Exchange Continuous
1IV25186E,14:46:13,269.65,239,Exchange Continuous
1IV25186C,14:46:06,269.75,199,Exchange Continuous
1IV25186B,14:46:06,269.75,348,Exchange Continuous
1IV25186A,14:46:06,269.75,74,Exchange Continuous
1IV251869,14:46:06,269.70,174,Exchange Continuous
1IV251868,14:46:06,269.70,174,Exchange Continuous
1IV251867,14:46:06,269.75,153,Exchange Continuous
1IV251866,14:46:06,269.75,348,Exchange Continuous
1IV251865,14:46:06,269.75,520,Exchange Continuous
1IV251864,14:46:06,269.70,348,Exchange Continuous
1IV251863,14:46:06,269.75,340,Exchange Continuous
1IV251862,14:46:06,269.75,348,Exchange Continuous
1IV251861,14:46:06,269.70,348,Exchange Continuous
1IV251860,14:46:06,269.75,10,Exchange Continuous
1IV25185Z,14:46:04,269.70,943,Exchange Continuous
1IV25185Y,14:46:04,269.70,200,Exchange Continuous
1IV25185R,14:45:52,269.60,1 000,Exchange Continuous
1IV25185Q,14:45:32,269.40,40,Exchange Continuous
1IV25185P,14:45:32,269.40,100,Exchange Continuous
1IV25185O,14:45:32,269.40,460,Exchange Continuous
1IV25185N,14:45:32,269.40,100,Exchange Continuous
1IV25185M,14:45:32,269.40,261,Exchange Continuous
1IV25185L,14:45:32,269.40,100,Exchange Continuous
1IV251859,14:45:03,269.35,70,Exchange Continuous
1IV251856,14:45:00,269.25,266,Exchange Continuous
1IV25184S,14:44:56,269.30,529,Exchange Continuous
1IV25184R,14:44:56,269.30,47,Exchange Continuous
1IV25184Q,14:44:56,269.30,181,Exchange Continuous
1IV25184P,14:44:55,269.30,348,Exchange Continuous
1IV25184O,14:44:55,269.30,181,Exchange Continuous
1IV25184N,14:44:55,269.30,348,Exchange Continuous
1IV25184M,14:44:55,269.30,529,Exchange Continuous
1IV25184L,14:44:55,269.30,348,Exchange Continuous
1IV25184K,14:44:55,269.30,181,Exchange Continuous
1IV25184J,14:44:55,269.30,348,Exchange Continuous
1IV25184I,14:44:55,269.30,181,Exchange Continuous
1IV25184H,14:44:55,269.30,348,Exchange Continuous
1IV25184G,14:44:55,269.30,189,Exchange Continuous
1IV25184F,14:44:55,269.30,529,Exchange Continuous
1IV25184E,14:44:55,269.30,529,Exchange Continuous
1IV25184D,14:44:55,269.30,350,Exchange Continuous
1IV25184C,14:44:55,269.30,102,Exchange Continuous
1IV251849,14:44:19,269.35,600,Retail Matching Facility
1IV251848,14:44:19,269.35,200,Retail Matching Facility
1IV251847,14:44:19,269.35,1 000,Retail Matching Facility
1IV251846,14:44:19,269.35,200,Retail Matching Facility
1IV251845,14:44:17,269.25,10,Retail Matching Facility
1IV25183Y,14:44:02,269.25,230,Exchange Continuous
1IV25183X,14:44:02,269.25,230,Exchange Continuous
1IV25183W,14:44:01,269.25,118,Exchange Continuous
1IV25183V,14:44:01,269.25,230,Exchange Continuous
1IV25183U,14:44:01,269.25,99,Exchange Continuous
1IV25183T,14:44:01,269.25,230,Exchange Continuous
1IV25183S,14:44:01,269.25,314,Exchange Continuous
1IV25183R,14:44:01,269.25,15,Exchange Continuous
1IV25183Q,14:44:01,269.25,215,Exchange Continuous
1IV25183P,14:44:01,269.25,118,Exchange Continuous
1IV25183O,14:44:01,269.25,230,Exchange Continuous
1IV25183N,14:44:01,269.25,230,Exchange Continuous
1IV25183M,14:44:01,269.25,118,Exchange Continuous
1IV25183L,14:44:01,269.25,230,Exchange Continuous
1IV25183K,14:44:01,269.25,230,Exchange Continuous
1IV25183J,14:44:01,269.25,99,Exchange Continuous
1IV25183I,14:44:01,269.25,20,Exchange Continuous
1IV25183H,14:44:01,269.25,230,Exchange Continuous
1IV25183G,14:43:49,269.35,68,Exchange Continuous
1IV25183F,14:43:49,269.35,348,Exchange Continuous
1IV25183C,14:43:00,269.35,120,Exchange Continuous
1IV251836,14:42:51,269.35,211,Exchange Continuous
1IV251835,14:42:49,269.35,82,Exchange Continuous
1IV251834,14:42:49,269.35,266,Exchange Continuous
1IV251833,14:42:49,269.35,115,Exchange Continuous
1IV251832,14:42:49,269.35,266,Exchange Continuous
1IV251831,14:42:49,269.35,82,Exchange Continuous
1IV251830,14:42:49,269.35,266,Exchange Continuous
1IV25182Z,14:42:49,269.35,266,Exchange Continuous
1IV25182Y,14:42:49,269.35,138,Exchange Continuous
1IV25182X,14:42:48,269.35,105,Exchange Continuous
1IV25182W,14:42:48,269.35,9,Exchange Continuous
1IV25182V,14:42:48,269.35,266,Exchange Continuous
1IV25182U,14:42:48,269.35,2,Exchange Continuous
1IV25182T,14:42:48,269.40,50,Exchange Continuous
1IV25182S,14:42:48,269.40,50,Exchange Continuous
1IV25182R,14:42:47,269.35,208,Exchange Continuous
1IV25182Q,14:42:37,269.35,67,Exchange Continuous
1IV25182P,14:42:37,269.35,348,Exchange Continuous
1IV25182L,14:42:36,269.40,100,Exchange Continuous
1IV25182K,14:42:36,269.40,60,Exchange Continuous
1IV25182J,14:42:36,269.40,40,Exchange Continuous
1IV25182I,14:42:36,269.35,70,Exchange Continuous
1IV25182H,14:42:36,269.35,25,Exchange Continuous
1IV25182G,14:42:36,269.35,272,Exchange Continuous
1IV25182F,14:42:36,269.35,348,Exchange Continuous
1IV25182E,14:42:34,269.20,348,Exchange Continuous
1IV25182D,14:42:34,269.20,70,Exchange Continuous
1IV25182C,14:42:34,269.20,348,Exchange Continuous
1IV25182B,14:42:34,269.20,70,Exchange Continuous
1IV25182A,14:42:34,269.20,296,Exchange Continuous
1IV251829,14:42:34,269.20,120,Exchange Continuous
1IV251828,14:42:34,269.20,348,Exchange Continuous
1IV251827,14:42:34,269.20,165,Exchange Continuous
1IV25181Y,14:41:47,269.10,16,Exchange Continuous
1IV25181X,14:41:47,269.10,348,Exchange Continuous
1IV25181W,14:41:47,269.10,70,Exchange Continuous
1IV25181Q,14:41:36,269.10,389,Exchange Continuous
1IV25181N,14:41:33,269.10,386,Exchange Continuous
1IV25181M,14:41:30,269.10,129,Exchange Continuous
1IV25181L,14:41:30,269.10,341,Exchange Continuous
1IV25181K,14:41:30,269.10,290,Exchange Continuous
1IV25181J,14:41:30,269.10,348,Exchange Continuous
1IV25181I,14:41:10,269.00,565,Exchange Continuous
1IV25181H,14:41:10,269.00,348,Exchange Continuous
1IV25181G,14:41:06,268.95,246,Exchange Continuous
1IV251816,14:41:00,268.90,69,Exchange Continuous
1IV251815,14:41:00,268.90,15,Exchange Continuous
1IV251814,14:41:00,268.90,206,Exchange Continuous
1IV251813,14:41:00,268.90,119,Exchange Continuous
1IV251812,14:41:00,268.90,118,Exchange Continuous
1IV251811,14:41:00,268.90,18,Exchange Continuous
1IV251810,14:41:00,268.90,30,Exchange Continuous
1IV25180Z,14:40:29,268.90,224,Exchange Continuous
1IV25180Y,14:40:29,268.90,130,Exchange Continuous
1IV25180X,14:40:29,268.90,6,Exchange Continuous
1IV25180W,14:40:29,268.90,348,Exchange Continuous
1IV25180V,14:40:29,268.90,30,Retail Matching Facility
1IV25180U,14:40:16,268.95,44,Exchange Continuous
1IV25180T,14:40:16,268.95,99,Exchange Continuous
1IV25180S,14:40:16,268.90,300,Exchange Continuous
1IV25180L,14:40:07,268.75,47,Exchange Continuous
1IV25180K,14:40:07,268.75,5,Exchange Continuous
1IV25180J,14:40:07,268.75,117,Exchange Continuous
1IV25180F,14:39:49,268.65,214,Exchange Continuous
1IV25180E,14:39:49,268.65,348,Exchange Continuous
1IV25180B,14:39:36,268.60,203,Exchange Continuous
1IV25180A,14:39:30,268.65,348,Exchange Continuous
1IV251809,14:39:30,268.70,100,Exchange Continuous
1IV251808,14:39:30,268.70,73,Exchange Continuous
1IV251807,14:39:30,268.70,57,Exchange Continuous
1IV251806,14:39:30,268.70,120,Exchange Continuous
1IV251805,14:39:30,268.70,93,Exchange Continuous
1IV251804,14:39:30,268.65,7,Exchange Continuous
1IV251803,14:39:30,268.65,50,Exchange Continuous
1IV251801,14:39:08,268.55,48,Exchange Continuous
1IV251800,14:39:08,268.55,81,Exchange Continuous
1IV2517ZZ,14:39:08,268.55,165,Exchange Continuous
1IV2517ZW,14:38:57,268.55,24,Exchange Continuous
1IV2517ZV,14:38:57,268.55,24,Exchange Continuous
1IV2517ZU,14:38:57,268.55,165,Retail Matching Facility
1IV2517ZS,14:38:45,268.55,348,Exchange Continuous
1IV2517ZR,14:38:45,268.55,9,Exchange Continuous
1IV2517ZN,14:38:19,268.65,34,Exchange Continuous
1IV2517ZM,14:38:19,268.65,520,Exchange Continuous
1IV2517ZL,14:38:17,268.60,37,Retail Matching Facility
1IV2517ZK,14:38:05,268.65,348,Exchange Continuous
1IV2517ZJ,14:38:05,268.65,752,Exchange Continuous
1IV2517ZI,14:38:05,268.65,8,Exchange Continuous
1IV2517ZH,14:38:05,268.65,374,Exchange Continuous
1IV2517ZG,14:37:55,268.70,46,Exchange Continuous
1IV2517ZA,14:37:40,268.75,53,Exchange Continuous
1IV2517Z9,14:37:40,268.75,28,Exchange Continuous
1IV2517Z8,14:37:40,268.75,206,Exchange Continuous
1IV2517Z7,14:37:18,268.85,3,Exchange Continuous
1IV2517Z6,14:37:06,268.85,378,Exchange Continuous
1IV2517Z5,14:36:39,268.80,75,Exchange Continuous
1IV2517Z4,14:36:39,268.90,23,Exchange Continuous
1IV2517Z3,14:36:39,268.90,23,Exchange Continuous
1IV2517Z0,14:36:30,268.95,25,Exchange Continuous
1IV2517YI,14:36:15,268.95,70,Exchange Continuous
1IV2517YG,14:36:05,268.95,348,Exchange Continuous
1IV2517YF,14:36:05,268.95,481,Exchange Continuous
1IV2517YE,14:36:05,268.95,503,Exchange Continuous
1IV2517YD,14:36:04,269.00,65,Exchange Continuous
1IV2517YC,14:36:04,269.00,313,Exchange Continuous
1IV2517YB,14:36:04,269.00,35,Exchange Continuous
1IV2517YA,14:36:04,269.00,508,Exchange Continuous
1IV2517Y9,14:36:04,269.00,164,Exchange Continuous
1IV2517Y8,14:36:04,269.00,23,Exchange Continuous
1IV2517Y7,14:36:04,269.00,520,Exchange Continuous
1IV2517Y6,14:36:04,269.00,70,Exchange Continuous
1IV2517Y5,14:36:04,269.00,543,Exchange Continuous
1IV2517Y4,14:36:04,269.00,140,Exchange Continuous
1IV2517Y3,14:36:04,269.00,473,Exchange Continuous
1IV2517Y2,14:36:04,269.00,35,Exchange Continuous
1IV2517Y1,14:36:04,269.00,35,Exchange Continuous
1IV2517Y0,14:36:04,269.00,543,Exchange Continuous
1IV2517XZ,14:36:04,269.05,78,Exchange Continuous
1IV2517XU,14:35:31,269.10,22,Exchange Continuous
1IV2517XT,14:35:31,269.10,520,Exchange Continuous
1IV2517XS,14:35:31,269.10,348,Exchange Continuous
1IV2517XR,14:35:31,269.15,70,Exchange Continuous
1IV2517XQ,14:35:22,269.10,441,Exchange Continuous
1IV2517XP,14:35:22,269.10,112,Exchange Continuous
1IV2517XO,14:35:22,269.10,440,Exchange Continuous
1IV2517XN,14:35:22,269.15,117,Exchange Continuous
1IV2517XM,14:35:21,269.30,5,Exchange Continuous
1IV2517XL,14:35:21,269.30,279,Exchange Continuous
1IV2517XK,14:35:21,269.30,520,Exchange Continuous
1IV2517XJ,14:35:21,269.30,93,Exchange Continuous
1IV2517XI,14:35:21,269.30,348,Exchange Continuous
1IV2517XH,14:35:21,269.25,348,Exchange Continuous
1IV2517XG,14:35:21,269.25,270,Exchange Continuous
1IV2517XF,14:35:21,269.25,70,Exchange Continuous
1IV2517XE,14:35:21,269.25,279,Exchange Continuous
1IV2517XD,14:35:21,269.25,93,Exchange Continuous
1IV2517XC,14:35:21,269.25,348,Exchange Continuous
1IV2517X8,14:35:20,269.25,93,Exchange Continuous
1IV2517X7,14:35:20,269.25,348,Exchange Continuous
1IV2517X6,14:35:16,269.20,250,Exchange Continuous
1IV2517X5,14:35:16,269.20,15,Exchange Continuous
1IV2517X4,14:35:16,269.20,250,Exchange Continuous
1IV2517X3,14:35:16,269.20,656,Exchange Continuous
1IV2517X2,14:35:16,269.20,48,Exchange Continuous
1IV2517X1,14:35:16,269.20,265,Exchange Continuous
1IV2517WL,14:35:06,269.10,726,Exchange Continuous
1IV2517WK,14:35:05,269.05,78,Exchange Continuous
1IV2517WJ,14:34:57,268.95,94,Exchange Continuous
1IV2517WI,14:34:57,268.95,79,Exchange Continuous
1IV2517W4,14:34:26,269.10,274,Exchange Continuous
1IV2517W1,14:34:23,269.05,70,Exchange Continuous
1IV2517W0,14:34:22,269.05,128,Exchange Continuous
1IV2517VZ,14:34:21,269.00,95,Exchange Continuous
1IV2517VY,14:34:21,269.00,253,Exchange Continuous
1IV2517VX,14:34:15,268.95,348,Exchange Continuous
1IV2517VV,14:34:05,268.90,324,Exchange Continuous
1IV2517VU,14:34:05,268.90,24,Exchange Continuous
1IV2517VT,14:34:05,268.90,300,Exchange Continuous
1IV2517VH,14:34:01,268.90,159,Exchange Continuous
1IV2517VG,14:34:01,268.90,27,Exchange Continuous
1IV2517VF,14:34:01,268.90,91,Exchange Continuous
1IV2517VE,14:34:01,268.90,70,Exchange Continuous
1IV2517VD,14:34:01,268.95,97,Exchange Continuous
1IV2517VC,14:34:01,268.95,251,Exchange Continuous
1IV2517VB,14:34:01,268.95,140,Exchange Continuous
1IV2517VA,14:34:01,268.95,100,Exchange Continuous
1IV2517V9,14:34:01,268.90,39,Exchange Continuous
1IV2517V8,14:34:01,268.90,30,Exchange Continuous
1IV2517UY,14:33:49,268.65,90,Exchange Continuous
1IV2517UX,14:33:49,268.65,34,Exchange Continuous
1IV2517UR,14:33:10,268.45,260,Exchange Continuous
1IV2517UQ,14:33:10,268.45,260,Exchange Continuous
1IV2517UP,14:33:07,268.45,520,Exchange Continuous
1IV2517UO,14:33:07,268.45,348,Exchange Continuous
1IV2517UF,14:33:02,268.30,117,Exchange Continuous
1IV2517UE,14:33:02,268.25,70,Exchange Continuous
1IV2517UB,14:32:31,268.15,3,Exchange Continuous
1IV2517U3,14:31:47,268.30,50,Exchange Continuous
1IV2517U2,14:31:47,268.30,50,Exchange Continuous
1IV2517TZ,14:31:22,268.20,25,Exchange Continuous
1IV2517TY,14:31:22,268.20,25,Exchange Continuous
1IV2517TX,14:31:22,268.20,298,Exchange Continuous
1IV2517TF,14:31:00,268.20,289,Exchange Continuous
1IV2517TE,14:31:00,268.20,200,Exchange Continuous
1IV2517TD,14:30:51,268.20,76,Retail Matching Facility
1IV2517TA,14:30:41,268.25,139,Exchange Continuous
1IV2517T9,14:30:41,268.25,209,Exchange Continuous
1IV2517T8,14:30:41,268.25,312,Exchange Continuous
1IV2517T7,14:30:36,268.20,123,Exchange Continuous
1IV2517T6,14:30:33,268.15,245,Exchange Continuous
1IV2517T5,14:30:33,268.15,418,Exchange Continuous
1IV2517SW,14:30:13,268.00,240,Exchange Continuous
1IV2517SV,14:30:13,268.00,254,Exchange Continuous
1IV2517SU,14:30:13,268.00,300,Exchange Continuous
1IV2517ST,14:30:13,268.00,500,Exchange Continuous
1IV2517SS,14:30:13,268.05,129,Exchange Continuous
1IV2517SR,14:30:13,268.05,16,Exchange Continuous
1IV2517SQ,14:30:13,268.10,70,Exchange Continuous
1IV2517SP,14:30:13,268.05,434,Exchange Continuous
1IV2517SO,14:30:13,268.05,348,Exchange Continuous
1IV2517SN,14:30:13,268.10,116,Exchange Continuous
1IV2517SM,14:30:05,268.10,70,Exchange Continuous
1IV2517SL,14:30:05,268.10,348,Exchange Continuous
1IV2517SK,14:30:05,268.05,117,Exchange Continuous
1IV2517SJ,14:30:05,268.05,347,Exchange Continuous
1IV2517SI,14:30:05,268.05,4,Exchange Continuous
1IV2517SH,14:30:05,268.05,270,Exchange Continuous
1IV2517SG,14:30:01,268.05,320,Exchange Continuous
1IV2517SF,14:30:01,268.00,270,Exchange Continuous
1IV2517SE,14:30:01,268.00,70,Exchange Continuous
1IV2517SD,14:30:01,267.95,260,Exchange Continuous
1IV2517SC,14:30:01,267.90,38,Exchange Continuous
1IV2517SB,14:30:01,267.90,75,Exchange Continuous
1IV2517SA,14:30:01,267.95,167,Exchange Continuous
1IV2517S9,14:30:01,268.00,50,Exchange Continuous
1IV2517S8,14:30:01,268.00,9,Exchange Continuous
1IV2517S7,14:30:01,268.00,8,Exchange Continuous
1IV2517S6,14:30:01,268.00,89,Exchange Continuous
1IV2517S5,14:30:01,268.00,23,Exchange Continuous
1IV2517S4,14:30:01,268.00,47,Exchange Continuous
1IV2517S3,14:30:01,268.00,30,Exchange Continuous
1IV2517S2,14:30:01,268.00,10,Exchange Continuous
1IV2517S1,14:30:01,268.00,1,Exchange Continuous
1IV2517S0,14:30:01,268.00,1,Exchange Continuous
1IV2517RZ,14:30:01,268.00,99,Exchange Continuous
1IV2517RY,14:30:01,268.00,184,Exchange Continuous
1IV2517RX,14:30:01,268.00,66,Exchange Continuous
1IV2517RW,14:30:01,268.00,20,Exchange Continuous
1IV2517RV,14:30:01,268.00,34,Exchange Continuous
1IV2517RU,14:30:01,268.00,130,Exchange Continuous
1IV2517RT,14:30:01,268.00,10,Exchange Continuous
1IV2517RS,14:30:01,268.00,160,Exchange Continuous
1IV2517RR,14:30:01,268.00,60,Exchange Continuous
1IV2517RQ,14:30:01,268.00,20,Exchange Continuous
1IV2517RP,14:30:01,268.00,17,Exchange Continuous
1IV2517RO,14:30:01,268.05,83,Exchange Continuous
1IV2517RN,14:30:01,268.05,187,Exchange Continuous
1IV2517RM,14:30:01,268.10,520,Exchange Continuous
1IV2517RL,14:30:01,268.10,85,Exchange Continuous
1IV2517RK,14:30:01,268.10,177,Exchange Continuous
1IV2517RJ,14:30:01,268.15,520,Exchange Continuous
1IV2517RI,14:30:01,268.15,348,Exchange Continuous
1IV2517RH,14:30:01,268.15,179,Exchange Continuous
1IV2517RG,14:30:01,268.20,240,Exchange Continuous
1IV2517RF,14:30:01,268.20,179,Exchange Continuous
1IV2517RE,14:30:00,268.30,451,Exchange Continuous
1IV2517RD,14:30:00,268.30,30,Exchange Continuous
1IV2517RC,14:30:00,268.30,129,Exchange Continuous
1IV2517RB,14:29:59,268.40,36,Exchange Continuous
1IV2517RA,14:29:59,268.40,200,Exchange Continuous
1IV2517R9,14:29:59,268.40,70,Exchange Continuous
1IV2517R8,14:29:59,268.40,65,Exchange Continuous
1IV2517R7,14:29:59,268.40,17,Exchange Continuous
1IV2517QQ,14:29:47,268.55,89,Exchange Continuous
1IV2517QP,14:29:38,268.60,328,Exchange Continuous
1IV2517QO,14:29:38,268.60,70,Exchange Continuous
1IV2517QN,14:29:38,268.60,237,Exchange Continuous
1IV2517QL,14:29:35,268.55,318,Exchange Continuous
1IV2517QK,14:29:35,268.60,70,Exchange Continuous
1IV2517QJ,14:29:35,268.60,251,Exchange Continuous
1IV2517QI,14:29:35,268.60,195,Exchange Continuous
1IV2517QH,14:29:35,268.60,270,Exchange Continuous
1IV2517QG,14:29:35,268.60,354,Exchange Continuous
1IV2517QF,14:29:35,268.60,90,Exchange Continuous
1IV2517QE,14:29:35,268.60,167,Exchange Continuous
1IV2517QD,14:29:35,268.60,99,Exchange Continuous
1IV2517QC,14:29:35,268.60,68,Exchange Continuous
1IV2517QB,14:29:33,268.70,246,Exchange Continuous
1IV2517QA,14:29:33,268.70,70,Exchange Continuous
1IV2517Q9,14:29:33,268.70,348,Exchange Continuous
1IV2517Q8,14:29:30,268.65,240,Exchange Continuous
1IV2517Q7,14:29:30,268.65,35,Exchange Continuous
1IV2517Q6,14:29:30,268.65,204,Exchange Continuous
1IV2517Q5,14:29:30,268.65,118,Exchange Continuous
1IV2517Q4,14:29:30,268.70,121,Exchange Continuous
1IV2517Q3,14:29:30,268.70,56,Exchange Continuous
1IV2517Q2,14:29:30,268.70,123,Exchange Continuous
1IV2517Q1,14:29:30,268.70,225,Exchange Continuous
1IV2517Q0,14:29:30,268.70,225,Exchange Continuous
1IV2517PZ,14:29:30,268.70,123,Exchange Continuous
1IV2517PY,14:29:30,268.70,225,Exchange Continuous
1IV2517PX,14:29:30,268.70,225,Exchange Continuous
1IV2517PW,14:29:30,268.70,123,Exchange Continuous
1IV2517PV,14:29:30,268.70,225,Exchange Continuous
1IV2517PU,14:29:30,268.70,1 456,Exchange Continuous
1IV2517PT,14:29:30,268.70,225,Exchange Continuous
1IV2517PS,14:29:30,268.70,24,Exchange Continuous
1IV2517PR,14:29:30,268.70,225,Exchange Continuous
1IV2517PQ,14:29:30,268.70,2 633,Exchange Continuous
1IV2517PP,14:29:30,268.70,50,Exchange Continuous
1IV2517PO,14:29:30,268.70,175,Exchange Continuous
1IV2517PN,14:29:30,268.70,210,Exchange Continuous
1IV2517PM,14:29:30,268.70,39,Exchange Continuous
1IV2517PL,14:29:28,268.70,98,Exchange Continuous
1IV2517PK,14:29:27,268.70,88,Exchange Continuous
1IV2517PJ,14:29:27,268.70,260,Exchange Continuous
1IV2517PI,14:29:27,268.70,225,Exchange Continuous
1IV2517PH,14:29:27,268.70,172,Exchange Continuous
1IV2517PG,14:29:27,268.70,88,Exchange Continuous
1IV2517PF,14:29:27,268.70,137,Exchange Continuous
1IV2517PE,14:29:27,268.70,88,Exchange Continuous
1IV2517PD,14:29:27,268.70,260,Exchange Continuous
1IV2517PC,14:29:27,268.70,225,Exchange Continuous
1IV2517PB,14:29:27,268.70,185,Exchange Continuous
1IV2517PA,14:29:27,268.70,75,Exchange Continuous
1IV2517P9,14:29:27,268.70,45,Exchange Continuous
1IV2517P8,14:29:27,268.70,180,Exchange Continuous
1IV2517P7,14:29:27,268.70,260,Exchange Continuous
1IV2517P6,14:29:27,268.70,158,Exchange Continuous
1IV2517P5,14:29:27,268.70,225,Exchange Continuous
1IV2517P4,14:29:27,268.70,260,Exchange Continuous
1IV2517P3,14:29:27,268.70,225,Exchange Continuous
1IV2517P2,14:29:27,268.70,76,Exchange Continuous
1IV2517P1,14:29:27,268.70,260,Exchange Continuous
1IV2517P0,14:29:27,268.70,225,Exchange Continuous
1IV2517OZ,14:29:27,268.70,125,Exchange Continuous
1IV2517OY,14:29:27,268.70,117,Exchange Continuous
1IV2517OX,14:29:27,268.70,260,Exchange Continuous
1IV2517OW,14:29:27,268.70,59,Exchange Continuous
1IV2517OV,14:29:27,268.70,234,Exchange Continuous
1IV2517OU,14:29:27,268.70,225,Exchange Continuous
1IV2517OT,14:29:27,268.70,102,Exchange Continuous
1IV2517OS,14:29:27,268.70,109,Exchange Continuous
1IV2517OR,14:29:27,268.70,254,Exchange Continuous
1IV2517OQ,14:29:27,268.70,348,Exchange Continuous
1IV2517ON,14:28:43,268.70,51,Exchange Continuous
1IV2517OM,14:28:43,268.70,68,Exchange Continuous
1IV2517OG,14:27:03,268.65,281,Exchange Continuous
1IV2517OF,14:27:03,268.65,93,Exchange Continuous
1IV2517OE,14:27:03,268.65,281,Exchange Continuous
1IV2517OD,14:27:03,268.65,16,Exchange Continuous
1IV2517OC,14:27:03,268.65,204,Exchange Continuous
1IV2517OB,14:27:03,268.65,184,Exchange Continuous
1IV2517O7,14:26:24,268.55,252,Exchange Continuous
1IV2517O6,14:26:24,268.55,130,Exchange Continuous
1IV2517O5,14:26:24,268.55,300,Exchange Continuous
1IV2517O4,14:26:09,268.50,4,Exchange Continuous
1IV2517O2,14:25:30,268.50,100,Exchange Continuous
1IV2517NX,14:24:20,268.50,72,Exchange Continuous
1IV2517NW,14:24:15,268.50,219,Exchange Continuous
1IV2517NV,14:24:15,268.50,30,Exchange Continuous
1IV2517NU,14:24:15,268.50,106,Exchange Continuous
1IV2517NT,14:24:15,268.50,355,Exchange Continuous
1IV2517NL,14:23:33,268.50,120,Exchange Continuous
1IV2517NK,14:23:33,268.50,348,Exchange Continuous
1IV2517NH,14:23:28,268.50,113,Exchange Continuous
1IV2517NG,14:23:28,268.50,79,Exchange Continuous
1IV2517NF,14:23:28,268.50,348,Exchange Continuous
1IV2517NE,14:23:28,268.50,35,Exchange Continuous
1IV2517ND,14:23:28,268.50,232,Exchange Continuous
1IV2517NC,14:23:28,268.50,210,Exchange Continuous
1IV2517N6,14:22:58,268.55,117,Exchange Continuous
1IV2517N5,14:22:58,268.55,97,Exchange Continuous
1IV2517N3,14:22:41,268.50,53,Exchange Continuous
1IV2517N2,14:22:41,268.50,119,Exchange Continuous
1IV2517N1,14:22:41,268.50,4,Exchange Continuous
1IV2517ME,14:21:11,268.45,7,Exchange Continuous
1IV2517MD,14:21:11,268.45,40,Exchange Continuous
1IV2517MC,14:21:11,268.45,363,Exchange Continuous
1IV2517MB,14:21:10,268.45,204,Exchange Continuous
1IV2517MA,14:21:10,268.45,41,Exchange Continuous
1IV2517M9,14:21:10,268.45,24,Exchange Continuous
1IV2517M8,14:21:10,268.50,38,Exchange Continuous
1IV2517M7,14:21:10,268.50,245,Exchange Continuous
1IV2517M6,14:21:10,268.50,245,Exchange Continuous
1IV2517M5,14:21:10,268.50,103,Exchange Continuous
1IV2517M4,14:21:10,268.50,245,Exchange Continuous
1IV2517M3,14:21:10,268.50,275,Exchange Continuous
1IV2517M2,14:21:10,268.50,245,Exchange Continuous
1IV2517M1,14:21:10,268.50,103,Exchange Continuous
1IV2517M0,14:21:10,268.50,245,Exchange Continuous
1IV2517LZ,14:21:10,268.50,215,Exchange Continuous
1IV2517LY,14:21:10,268.50,78,Exchange Continuous
1IV2517LX,14:21:10,268.50,79,Exchange Continuous
1IV2517LW,14:21:10,268.50,245,Exchange Continuous
1IV2517LV,14:21:10,268.50,235,Exchange Continuous
1IV2517LU,14:21:10,268.50,23,Exchange Continuous
1IV2517LT,14:21:10,268.50,5,Exchange Continuous
1IV2517LS,14:21:10,268.50,8,Exchange Continuous
1IV2517KW,14:19:05,268.55,465,Exchange Continuous
1IV2517KV,14:19:05,268.55,5,Exchange Continuous
1IV2517KD,14:18:12,268.55,106,Exchange Continuous
1IV2517KC,14:18:12,268.55,45,Exchange Continuous
1IV2517KB,14:18:12,268.60,70,Exchange Continuous
1IV2517KA,14:18:12,268.60,520,Exchange Continuous
1IV2517K9,14:18:12,268.60,176,Exchange Continuous
1IV2517K8,14:18:12,268.60,323,Exchange Continuous
1IV2517K7,14:18:12,268.60,465,Exchange Continuous
1IV2517JW,14:17:30,268.60,121,Exchange Continuous
1IV2517JV,14:17:30,268.60,5,Exchange Continuous
1IV2517JU,14:17:30,268.65,246,Exchange Continuous
1IV2517JT,14:17:30,268.65,465,Exchange Continuous
1IV2517JS,14:17:30,268.65,26,Exchange Continuous
1IV2517JR,14:17:30,268.65,13,Exchange Continuous
1IV2517JQ,14:17:30,268.65,13,Exchange Continuous
1IV2517JP,14:17:30,268.65,465,Exchange Continuous
1IV2517JO,14:17:30,268.65,29,Exchange Continuous
1IV2517JN,14:17:30,268.65,491,Exchange Continuous
1IV2517JM,14:17:30,268.65,144,Exchange Continuous
1IV2517JL,14:17:30,268.65,491,Exchange Continuous
1IV2517JK,14:17:30,268.70,2 466,Exchange Continuous
1IV2517JJ,14:17:30,268.70,258,Exchange Continuous
1IV2517JI,14:17:30,268.70,101,Exchange Continuous
1IV2517JH,14:17:30,268.70,396,Exchange Continuous
1IV2517JC,14:16:27,268.75,465,Exchange Continuous
1IV2517JB,14:16:27,268.75,73,Exchange Continuous
1IV2517JA,14:16:27,268.75,70,Exchange Continuous
1IV2517J9,14:16:27,268.75,326,Exchange Continuous
1IV2517J8,14:16:27,268.75,520,Exchange Continuous
1IV2517J7,14:16:27,268.75,465,Exchange Continuous
1IV2517J6,14:16:24,268.75,68,Exchange Continuous
1IV2517J5,14:16:24,268.75,68,Exchange Continuous
1IV2517IY,14:15:22,268.65,117,Exchange Continuous
1IV2517IW,14:15:06,268.70,80,Exchange Continuous
1IV2517IU,14:15:02,268.70,273,Exchange Continuous
1IV2517IT,14:15:02,268.70,1,Exchange Continuous
1IV2517HW,14:13:10,268.60,247,Exchange Continuous
1IV2517HV,14:13:10,268.60,247,Exchange Continuous
1IV2517HI,14:12:36,268.55,4,Retail Matching Facility
1IV2517HB,14:12:23,268.55,538,Retail Matching Facility
1IV2517HA,14:12:23,268.55,555,Retail Matching Facility
1IV2517H9,14:12:23,268.55,314,Retail Matching Facility
1IV2517H8,14:12:23,268.55,341,Retail Matching Facility
1IV2517H7,14:12:23,268.55,214,Exchange Continuous
1IV2517H0,14:12:19,268.55,183,Exchange Continuous
1IV2517GZ,14:12:19,268.55,90,Exchange Continuous
1IV2517GY,14:12:19,268.55,465,Exchange Continuous
1IV2517GX,14:12:19,268.55,189,Exchange Continuous
1IV2517GW,14:12:19,268.55,555,Exchange Continuous
1IV2517GV,14:12:19,268.55,151,Exchange Continuous
1IV2517GU,14:12:19,268.55,189,Exchange Continuous
1IV2517GT,14:12:19,268.55,83,Exchange Continuous
1IV2517GS,14:12:19,268.55,345,Exchange Continuous
1IV2517GR,14:12:19,268.55,210,Exchange Continuous
1IV2517GQ,14:12:19,268.55,218,Exchange Continuous
1IV2517GH,14:12:10,268.60,341,Exchange Continuous
1IV2517GG,14:12:10,268.60,340,Exchange Continuous
1IV2517GF,14:12:10,268.60,70,Exchange Continuous
1IV2517GE,14:12:10,268.60,465,Exchange Continuous
1IV2517GD,14:12:06,268.55,35,Exchange Continuous
1IV2517GC,14:12:06,268.60,100,Exchange Continuous
1IV2517GB,14:12:05,268.60,242,Exchange Continuous
1IV2517GA,14:12:05,268.60,223,Exchange Continuous
1IV2517G9,14:12:05,268.60,242,Exchange Continuous
1IV2517G8,14:12:05,268.60,258,Exchange Continuous
1IV2517G7,14:12:05,268.60,242,Exchange Continuous
1IV2517G6,14:12:05,268.60,213,Exchange Continuous
1IV2517G5,14:12:05,268.60,45,Exchange Continuous
1IV2517G4,14:12:05,268.60,242,Exchange Continuous
1IV2517G3,14:12:05,268.65,47,Exchange Continuous
1IV2517G2,14:12:05,268.65,126,Exchange Continuous
1IV2517G1,14:12:05,268.65,277,Exchange Continuous
1IV2517G0,14:12:05,268.65,432,Exchange Continuous
1IV2517FZ,14:12:05,268.65,108,Exchange Continuous
1IV2517FY,14:12:05,268.65,169,Exchange Continuous
1IV2517FX,14:12:05,268.65,22,Exchange Continuous
1IV2517FW,14:12:05,268.65,277,Exchange Continuous
1IV2517FV,14:12:05,268.65,575,Exchange Continuous
1IV2517FU,14:12:05,268.65,230,Exchange Continuous
1IV2517FT,14:12:05,268.65,47,Exchange Continuous
1IV2517FS,14:12:05,268.65,188,Exchange Continuous
1IV2517FR,14:12:05,268.65,277,Exchange Continuous
1IV2517FQ,14:12:05,268.65,189,Exchange Continuous
1IV2517FP,14:12:05,268.65,277,Exchange Continuous
1IV2517FO,14:12:05,268.65,92,Exchange Continuous
1IV2517FN,14:12:05,268.65,210,Exchange Continuous
1IV2517FM,14:12:05,268.65,37,Exchange Continuous
1IV2517F6,14:11:22,268.65,372,Exchange Continuous
1IV2517F5,14:11:22,268.65,173,Exchange Continuous
1IV2517F4,14:11:22,268.65,199,Exchange Continuous
1IV2517F3,14:10:51,268.60,397,Exchange Continuous
1IV2517F2,14:10:51,268.60,327,Exchange Continuous
1IV2517F1,14:10:51,268.60,517,Exchange Continuous
1IV2517F0,14:10:51,268.60,125,Exchange Continuous
1IV2517EZ,14:10:51,268.60,82,Exchange Continuous
1IV2517EV,14:10:33,268.55,59,Exchange Continuous
1IV2517EU,14:10:33,268.55,127,Exchange Continuous
1IV2517ET,14:10:33,268.55,196,Exchange Continuous
1IV2517ES,14:10:33,268.55,24,Retail Matching Facility
1IV2517E9,14:09:52,268.50,260,Exchange Continuous
1IV2517E7,14:09:04,268.45,10,Retail Matching Facility
1IV2517E6,14:09:00,268.50,2,Retail Matching Facility
1IV2517E5,14:08:39,268.40,1,Exchange Continuous
1IV2517E4,14:08:39,268.40,17,Exchange Continuous
1IV2517E2,14:08:28,268.45,269,Exchange Continuous
1IV2517E1,14:08:26,268.45,269,Exchange Continuous
1IV2517E0,14:08:25,268.45,6,Exchange Continuous
1IV2517DZ,14:08:25,268.45,87,Exchange Continuous
1IV2517DY,14:08:23,268.45,182,Exchange Continuous
1IV2517DX,14:08:23,268.45,196,Exchange Continuous
1IV2517DW,14:08:23,268.45,269,Exchange Continuous
1IV2517DV,14:08:23,268.45,269,Exchange Continuous
1IV2517DU,14:08:23,268.45,433,Exchange Continuous
1IV2517DT,14:08:23,268.45,269,Exchange Continuous
1IV2517DS,14:08:23,268.45,269,Exchange Continuous
1IV2517DR,14:08:20,268.45,3,Exchange Continuous
1IV2517DQ,14:08:05,268.45,3,Exchange Continuous
1IV2517DP,14:08:05,268.45,3,Exchange Continuous
1IV2517DL,14:07:23,268.40,400,Exchange Continuous
1IV2517DK,14:07:23,268.40,100,Exchange Continuous
1IV2517DJ,14:07:19,268.40,144,Exchange Continuous
1IV2517DI,14:07:19,268.40,13,Exchange Continuous
1IV2517DH,14:06:18,268.40,33,Exchange Continuous
1IV2517DG,14:06:18,268.40,232,Exchange Continuous
1IV2517DF,14:06:18,268.40,265,Exchange Continuous
1IV2517DE,14:06:18,268.40,126,Exchange Continuous
1IV2517DD,14:06:18,268.40,100,Exchange Continuous
1IV2517D4,14:06:00,268.40,100,Exchange Continuous
1IV2517D2,14:04:17,268.45,4,Exchange Continuous
1IV2517D1,14:04:17,268.45,223,Exchange Continuous
1IV2517D0,14:04:17,268.45,87,Exchange Continuous
1IV2517CZ,14:04:17,268.45,223,Exchange Continuous
1IV2517CY,14:04:17,268.45,63,Exchange Continuous
1IV2517CX,14:04:17,268.45,90,Exchange Continuous
1IV2517CW,14:04:17,268.45,223,Exchange Continuous
1IV2517CV,14:04:17,268.45,121,Exchange Continuous
1IV2517CT,14:03:55,268.45,2,Retail Matching Facility
1IV2517CH,14:03:08,268.40,213,Exchange Continuous
1IV2517CG,14:02:52,268.40,34,Exchange Continuous
1IV2517CF,14:02:51,268.40,465,Exchange Continuous
1IV2517CE,14:02:51,268.40,34,Exchange Continuous
1IV2517CB,14:02:50,268.40,105,Exchange Continuous
1IV2517CA,14:02:50,268.40,79,Exchange Continuous
1IV2517C9,14:02:50,268.40,16,Exchange Continuous
1IV2517C6,14:02:28,268.40,200,Retail Matching Facility
1IV2517BX,14:02:13,268.35,118,Exchange Continuous
1IV2517BT,14:01:48,268.45,118,Exchange Continuous
1IV2517BS,14:01:48,268.45,186,Exchange Continuous
1IV2517BR,14:01:47,268.40,2,Exchange Continuous
1IV2517BQ,14:01:47,268.40,2,Exchange Continuous
1IV2517BP,14:01:42,268.40,1 460,Exchange Continuous
1IV2517BO,14:01:30,268.45,74,Exchange Continuous
1IV2517BN,14:01:30,268.45,684,Exchange Continuous
1IV2517BM,14:01:30,268.45,263,Exchange Continuous
1IV2517BL,14:01:29,268.45,54,Exchange Continuous
1IV2517BK,14:01:29,268.45,80,Exchange Continuous
1IV2517BJ,14:01:28,268.45,183,Exchange Continuous
1IV2517BI,14:01:28,268.45,202,Exchange Continuous
1IV2517BH,14:01:28,268.45,263,Exchange Continuous
1IV2517BG,14:01:28,268.45,11,Exchange Continuous
1IV2517BF,14:01:28,268.45,252,Exchange Continuous
1IV2517BE,14:01:28,268.45,257,Exchange Continuous
1IV2517BD,14:01:28,268.45,263,Exchange Continuous
1IV2517BC,14:01:28,268.45,299,Exchange Continuous
1IV2517BB,14:01:28,268.45,166,Exchange Continuous
1IV2517BA,14:01:28,268.45,97,Exchange Continuous
1IV2517B9,14:01:28,268.45,33,Exchange Continuous
1IV2517B8,14:01:28,268.45,263,Exchange Continuous
1IV2517B7,14:01:28,268.45,1 014,Exchange Continuous
1IV2517B6,14:01:28,268.45,389,Exchange Continuous
1IV2517B5,14:01:28,268.45,263,Exchange Continuous
1IV2517B4,14:01:28,268.45,80,Exchange Continuous
1IV2517B3,14:01:28,268.45,351,Exchange Continuous
1IV2517B2,14:01:28,268.45,375,Exchange Continuous
1IV2517AG,13:59:44,268.45,1 000,Exchange Continuous
1IV2517AC,13:59:05,268.55,15,Exchange Continuous
1IV2517A9,13:58:41,268.65,80,Exchange Continuous
1IV2517A8,13:58:41,268.60,300,Exchange Continuous
1IV25179S,13:58:02,268.60,6,Exchange Continuous
1IV25179R,13:58:02,268.60,245,Exchange Continuous
1IV25179Q,13:58:00,268.60,70,Exchange Continuous
1IV25179P,13:58:00,268.60,73,Exchange Continuous
1IV25179O,13:57:42,268.65,520,Exchange Continuous
1IV25179N,13:57:42,268.65,496,Exchange Continuous
1IV25179M,13:57:42,268.65,50,Exchange Continuous
1IV25179L,13:57:26,268.70,372,Exchange Continuous
1IV25179K,13:57:26,268.70,405,Exchange Continuous
1IV25179J,13:57:26,268.70,351,Exchange Continuous
1IV25179I,13:57:26,268.70,70,Exchange Continuous
1IV251799,13:56:25,268.80,152,Exchange Continuous
1IV251798,13:56:25,268.80,217,Exchange Continuous
1IV251791,13:56:01,268.80,3,Exchange Continuous
1IV251790,13:56:00,268.85,50,Exchange Continuous
1IV251785,13:55:00,268.90,72,Exchange Continuous
1IV251784,13:54:59,268.95,206,Exchange Continuous
1IV251783,13:54:59,268.95,12,Exchange Continuous
1IV251782,13:54:58,268.95,114,Exchange Continuous
1IV251781,13:54:58,268.95,165,Exchange Continuous
1IV251780,13:54:58,268.95,300,Exchange Continuous
1IV25177Z,13:54:58,268.95,465,Exchange Continuous
1IV25177Y,13:54:58,268.95,185,Exchange Continuous
1IV25177X,13:54:58,268.95,280,Exchange Continuous
1IV25177W,13:54:58,268.95,3,Retail Matching Facility
1IV25177V,13:54:58,269.00,917,Exchange Continuous
1IV25177U,13:54:58,269.00,431,Exchange Continuous
1IV25177T,13:54:57,269.00,28,Exchange Continuous
1IV25177S,13:54:57,269.00,43,Exchange Continuous
1IV25177R,13:54:57,269.00,113,Exchange Continuous
1IV25177Q,13:54:57,269.00,63,Exchange Continuous
1IV25177P,13:54:57,269.00,78,Exchange Continuous
1IV25177O,13:54:57,269.00,15,Exchange Continuous
1IV25177N,13:54:57,269.00,61,Exchange Continuous
1IV25177M,13:54:57,269.00,10,Exchange Continuous
1IV25177F,13:53:14,269.05,48,Exchange Continuous
1IV25177E,13:53:14,269.05,90,Exchange Continuous
1IV25177D,13:53:14,269.05,141,Exchange Continuous
1IV25177B,13:52:58,269.10,295,Exchange Continuous
1IV25177A,13:52:58,269.10,97,Exchange Continuous
1IV25176Z,13:52:21,269.10,48,Exchange Continuous
1IV25176Y,13:52:14,269.10,17,Exchange Continuous
1IV25176X,13:52:14,269.10,503,Exchange Continuous
1IV25176W,13:52:14,269.10,27,Exchange Continuous
1IV25176V,13:52:14,269.10,491,Exchange Continuous
1IV25176U,13:52:14,269.10,56,Exchange Continuous
1IV25176T,13:52:14,269.15,70,Exchange Continuous
1IV25176S,13:52:14,269.15,271,Exchange Continuous
1IV25176R,13:52:02,269.15,496,Exchange Continuous
1IV25176Q,13:52:02,269.15,565,Exchange Continuous
1IV25176P,13:52:02,269.15,296,Exchange Continuous
1IV25176O,13:52:02,269.15,269,Exchange Continuous
1IV25176N,13:52:02,269.20,89,Exchange Continuous
1IV25176M,13:52:01,269.20,79,Exchange Continuous
1IV25176L,13:52:01,269.20,212,Exchange Continuous
1IV25176K,13:52:01,269.20,56,Exchange Continuous
1IV25176J,13:52:01,269.20,1,Exchange Continuous
1IV25176E,13:48:53,269.15,4,Exchange Continuous
1IV25176D,13:48:53,269.15,183,Exchange Continuous
1IV25176C,13:48:53,269.15,189,Exchange Continuous
1IV25176B,13:48:53,269.15,62,Exchange Continuous
1IV25176A,13:48:53,269.15,434,Exchange Continuous
1IV251769,13:48:53,269.15,4,Retail Matching Facility
1IV251768,13:48:42,269.10,284,Exchange Continuous
1IV251767,13:48:42,269.10,19,Exchange Continuous
1IV251766,13:48:42,269.10,240,Exchange Continuous
1IV251765,13:48:42,269.10,20,Exchange Continuous
1IV251764,13:48:42,269.10,259,Exchange Continuous
1IV251763,13:48:42,269.10,259,Exchange Continuous
1IV251762,13:48:42,269.10,20,Exchange Continuous
1IV251761,13:48:42,269.10,41,Exchange Continuous
1IV251760,13:48:42,269.10,7,Exchange Continuous
1IV25175Y,13:48:34,269.15,119,Exchange Continuous
1IV25175X,13:48:34,269.15,267,Exchange Continuous
1IV25175W,13:48:34,269.15,40,Exchange Continuous
1IV25175V,13:48:34,269.15,445,Exchange Continuous
1IV25175U,13:48:34,269.15,51,Exchange Continuous
1IV25175T,13:48:34,269.15,445,Exchange Continuous
1IV25175S,13:48:34,269.15,445,Exchange Continuous
1IV25175R,13:48:34,269.20,238,Exchange Continuous
1IV25175Q,13:48:34,269.20,240,Exchange Continuous
1IV25175P,13:48:34,269.20,454,Exchange Continuous
1IV25175O,13:48:34,269.20,436,Exchange Continuous
1IV25175N,13:48:34,269.20,240,Exchange Continuous
1IV25175M,13:48:34,269.20,79,Exchange Continuous
1IV25175L,13:48:34,269.20,625,Exchange Continuous
1IV25175G,13:48:06,269.20,1 373,Exchange Continuous
1IV25175F,13:48:06,269.20,83,Exchange Continuous
1IV25175E,13:48:06,269.20,1 694,Exchange Continuous
1IV25175D,13:48:06,269.20,132,Exchange Continuous
1IV25175C,13:47:05,269.25,75,Retail Matching Facility
1IV251757,13:46:51,269.25,131,Exchange Continuous
1IV25174J,13:45:34,269.40,42,Exchange Continuous
1IV25174I,13:45:23,269.35,4,Exchange Continuous
1IV25174H,13:45:22,269.35,19,Exchange Continuous
1IV25174G,13:45:22,269.35,403,Exchange Continuous
1IV25174F,13:45:22,269.35,37,Exchange Continuous
1IV25174E,13:45:22,269.35,496,Exchange Continuous
1IV25174D,13:45:22,269.35,504,Exchange Continuous
1IV25174C,13:45:22,269.35,533,Exchange Continuous
1IV25174B,13:45:21,269.40,302,Exchange Continuous
1IV25174A,13:45:21,269.40,89,Exchange Continuous
1IV251749,13:45:16,269.50,78,Exchange Continuous
1IV251748,13:45:16,269.50,27,Exchange Continuous
1IV251747,13:45:16,269.50,320,Retail Matching Facility
1IV251746,13:45:07,269.50,429,Exchange Continuous
1IV251745,13:45:07,269.50,70,Exchange Continuous
1IV251744,13:45:07,269.50,496,Exchange Continuous
1IV251743,13:44:12,269.50,20,Retail Matching Facility
1IV25173V,13:43:03,269.50,178,Exchange Continuous
1IV25173U,13:43:03,269.50,18,Exchange Continuous
1IV25173T,13:43:03,269.50,32,Exchange Continuous
1IV25173S,13:43:03,269.50,324,Exchange Continuous
1IV25173K,13:42:25,269.55,204,Exchange Continuous
1IV25173J,13:42:25,269.60,90,Exchange Continuous
1IV25173I,13:42:25,269.60,85,Exchange Continuous
1IV25173H,13:42:25,269.60,49,Exchange Continuous
1IV25173G,13:42:25,269.60,110,Exchange Continuous
1IV25173F,13:42:25,269.60,110,Exchange Continuous
1IV25173E,13:42:12,269.65,182,Exchange Continuous
1IV25173D,13:42:12,269.70,26,Exchange Continuous
1IV25173C,13:42:12,269.70,270,Exchange Continuous
1IV25173B,13:42:12,269.70,270,Exchange Continuous
1IV25173A,13:42:12,269.70,270,Exchange Continuous
1IV251739,13:42:12,269.70,270,Exchange Continuous
1IV251738,13:42:12,269.70,430,Exchange Continuous
1IV251737,13:42:12,269.70,356,Exchange Continuous
1IV251736,13:42:12,269.70,177,Exchange Continuous
1IV251735,13:42:12,269.70,270,Exchange Continuous
1IV251734,13:42:12,269.75,66,Exchange Continuous
1IV251733,13:42:12,269.75,496,Exchange Continuous
1IV251732,13:42:12,269.75,736,Exchange Continuous
1IV251731,13:42:12,269.75,41,Exchange Continuous
1IV251730,13:42:06,269.75,47,Exchange Continuous
1IV25172Z,13:42:06,269.75,36,Exchange Continuous
1IV25172Y,13:42:06,269.75,482,Exchange Continuous
1IV25172X,13:42:06,269.75,218,Exchange Continuous
1IV25172W,13:41:49,269.75,496,Exchange Continuous
1IV25172V,13:41:49,269.75,240,Exchange Continuous
1IV25172U,13:41:49,269.75,496,Exchange Continuous
1IV25172T,13:41:49,269.75,736,Exchange Continuous
1IV25172S,13:41:49,269.75,1,Exchange Continuous
1IV25172R,13:41:49,269.75,369,Exchange Continuous
1IV25172Q,13:41:45,269.75,14,Exchange Continuous
1IV25172N,13:41:08,269.75,35,Retail Matching Facility
1IV25172K,13:40:09,269.75,1,Exchange Continuous
1IV25172J,13:40:09,269.75,48,Exchange Continuous
1IV25172I,13:40:09,269.80,104,Exchange Continuous
1IV25172H,13:40:09,269.80,100,Exchange Continuous
1IV25172G,13:40:09,269.80,50,Exchange Continuous
1IV25172A,13:39:51,269.70,100,Retail Matching Facility
1IV251726,13:39:27,269.65,5,Retail Matching Facility
1IV251725,13:39:26,269.70,70,Exchange Continuous
1IV251724,13:39:26,269.70,45,Exchange Continuous
1IV25170X,13:39:18,269.65,82,Exchange Continuous
1IV25170W,13:39:18,269.65,70,Exchange Continuous
1IV25170V,13:39:02,269.65,11,Exchange Continuous
1IV25170U,13:39:02,269.65,81,Exchange Continuous
1IV25170T,13:39:02,269.65,305,Exchange Continuous
1IV25170S,13:39:02,269.65,55,Exchange Continuous
1IV25170R,13:39:02,269.65,441,Exchange Continuous
1IV25170Q,13:39:02,269.65,146,Retail Matching Facility
1IV25170P,13:38:28,269.65,15,Exchange Continuous
1IV25170O,13:38:28,269.65,186,Exchange Continuous
1IV25170N,13:38:28,269.60,94,Exchange Continuous
1IV25170M,13:38:28,269.60,402,Exchange Continuous
1IV25170L,13:38:28,269.60,2,Retail Matching Facility
1IV25170J,13:37:56,269.50,63,Exchange Continuous
1IV25170I,13:37:56,269.50,673,Exchange Continuous
1IV25170C,13:37:46,269.45,1,Exchange Continuous
1IV251707,13:37:29,269.45,197,Exchange Continuous
1IV251706,13:37:29,269.45,496,Exchange Continuous
1IV251705,13:37:29,269.45,221,Exchange Continuous
1IV251704,13:37:29,269.45,786,Exchange Continuous
1IV251703,13:37:29,269.45,70,Exchange Continuous
1IV251702,13:37:29,269.45,496,Exchange Continuous
1IV251701,13:37:29,269.45,230,Exchange Continuous
1IV251700,13:37:29,269.45,10,Exchange Continuous
1IV2516ZY,13:37:09,269.40,90,Exchange Continuous
1IV2516ZQ,13:37:05,269.35,212,Exchange Continuous
1IV2516ZP,13:37:05,269.35,44,Exchange Continuous
1IV2516ZO,13:37:05,269.35,18,Exchange Continuous
1IV2516ZL,13:37:00,269.35,301,Exchange Continuous
1IV2516ZK,13:36:56,269.30,433,Exchange Continuous
1IV2516ZJ,13:36:56,269.30,283,Exchange Continuous
1IV2516ZH,13:36:53,269.25,274,Exchange Continuous
1IV2516ZG,13:36:53,269.25,129,Exchange Continuous
1IV2516ZF,13:36:52,269.20,5,Exchange Continuous
1IV2516ZE,13:36:52,269.20,282,Exchange Continuous
1IV2516ZD,13:36:52,269.20,541,Exchange Continuous
1IV2516Z2,13:36:00,269.15,496,Exchange Continuous
1IV2516Z1,13:36:00,269.15,70,Exchange Continuous
1IV2516Z0,13:36:00,269.15,3,Exchange Continuous
1IV2516YY,13:34:41,269.20,46,Exchange Continuous
1IV2516YP,13:33:28,269.30,94,Exchange Continuous
1IV2516YO,13:33:24,269.35,236,Exchange Continuous
1IV2516YN,13:33:21,269.40,736,Exchange Continuous
1IV2516YM,13:33:21,269.40,160,Exchange Continuous
1IV2516YL,13:33:21,269.40,105,Exchange Continuous
1IV2516YK,13:33:21,269.40,94,Exchange Continuous
1IV2516YJ,13:33:21,269.40,174,Exchange Continuous
1IV2516YI,13:33:21,269.40,270,Exchange Continuous
1IV2516YH,13:33:19,269.40,28,Exchange Continuous
1IV2516YG,13:33:19,269.40,17,Exchange Continuous
1IV2516YF,13:33:19,269.40,251,Exchange Continuous
1IV2516YE,13:33:19,269.40,1 784,Exchange Continuous
1IV2516YD,13:33:19,269.40,883,Exchange Continuous
1IV2516YC,13:33:19,269.40,268,Exchange Continuous
1IV2516YB,13:33:19,269.40,254,Exchange Continuous
1IV2516YA,13:33:19,269.40,1 340,Exchange Continuous
1IV2516Y9,13:33:19,269.40,1 327,Exchange Continuous
1IV2516Y8,13:33:19,269.40,268,Exchange Continuous
1IV2516Y7,13:33:19,269.40,254,Exchange Continuous
1IV2516Y6,13:33:19,269.40,228,Exchange Continuous
1IV2516Y5,13:33:19,269.40,268,Exchange Continuous
1IV2516Y4,13:33:19,269.40,130,Exchange Continuous
1IV2516Y3,13:33:19,269.40,382,Exchange Continuous
1IV2516Y2,13:33:19,269.40,202,Exchange Continuous
1IV2516Y1,13:33:19,269.40,186,Exchange Continuous
1IV2516Y0,13:33:19,269.40,7,Exchange Continuous
1IV2516XZ,13:33:19,269.40,254,Exchange Continuous
1IV2516XY,13:33:19,269.40,360,Exchange Continuous
1IV2516XX,13:33:19,269.40,44,Exchange Continuous
1IV2516XW,13:33:19,269.40,268,Exchange Continuous
1IV2516XV,13:33:19,269.40,270,Exchange Continuous
1IV2516XU,13:33:19,269.40,70,Exchange Continuous
1IV2516XT,13:33:19,269.40,520,Exchange Continuous
1IV2516XK,13:32:16,269.30,100,Exchange Continuous
1IV2516XH,13:32:06,269.30,109,Exchange Continuous
1IV2516XG,13:32:06,269.30,116,Exchange Continuous
1IV2516XF,13:32:06,269.30,19,Exchange Continuous
1IV2516X1,13:31:33,269.15,76,Exchange Continuous
1IV2516X0,13:31:33,269.15,293,Exchange Continuous
1IV2516WZ,13:31:33,269.15,232,Exchange Continuous
1IV2516WX,13:30:39,269.10,240,Exchange Continuous
1IV2516WW,13:30:39,269.10,396,Exchange Continuous
1IV2516WV,13:30:39,269.10,196,Exchange Continuous
1IV2516WU,13:30:39,269.10,700,Exchange Continuous
1IV2516WT,13:30:39,269.10,189,Exchange Continuous
1IV2516WS,13:30:39,269.10,520,Exchange Continuous
1IV2516WR,13:30:39,269.10,2,Exchange Continuous
1IV2516WQ,13:30:39,269.05,396,Exchange Continuous
1IV2516WP,13:30:39,269.05,70,Exchange Continuous
1IV2516WO,13:30:39,269.05,121,Exchange Continuous
1IV2516WN,13:30:39,269.05,175,Exchange Continuous
1IV2516WM,13:30:39,269.05,26,Exchange Continuous
1IV2516WL,13:30:39,269.05,270,Exchange Continuous
1IV2516WK,13:30:39,269.05,200,Exchange Continuous
1IV2516WJ,13:30:33,269.00,400,Exchange Continuous
1IV2516WI,13:30:33,269.00,160,Exchange Continuous
1IV2516WH,13:30:33,269.00,36,Exchange Continuous
1IV2516WG,13:30:33,269.00,524,Exchange Continuous
1IV2516WF,13:30:25,268.95,838,Exchange Continuous
1IV2516WE,13:30:25,268.95,197,Exchange Continuous
1IV2516WD,13:30:25,268.95,6,Exchange Continuous
1IV2516VQ,13:27:57,268.95,39,Retail Matching Facility
1IV2516VE,13:26:04,268.90,151,Exchange Continuous
1IV2516UR,13:25:31,268.90,142,Exchange Continuous
1IV2516UQ,13:25:31,268.90,297,Exchange Continuous
1IV2516UP,13:25:31,268.90,251,Exchange Continuous
1IV2516UO,13:25:31,268.90,182,Exchange Continuous
1IV2516UN,13:25:31,268.90,6,Exchange Continuous
1IV2516UI,13:25:07,268.95,373,Exchange Continuous
1IV2516UH,13:25:07,268.95,165,Exchange Continuous
1IV2516UG,13:25:07,268.95,372,Exchange Continuous
1IV2516UF,13:25:07,268.95,22,Exchange Continuous
1IV2516UE,13:25:07,268.95,340,Exchange Continuous
1IV2516UD,13:25:07,268.95,396,Exchange Continuous
1IV2516UC,13:25:07,268.95,70,Exchange Continuous
1IV2516UB,13:25:07,268.95,537,Exchange Continuous
1IV2516UA,13:25:07,268.95,57,Exchange Continuous
1IV2516TT,13:22:41,269.00,75,Exchange Continuous
1IV2516TS,13:22:41,269.00,55,Exchange Continuous
1IV2516TR,13:22:41,269.00,341,Exchange Continuous
1IV2516TQ,13:22:41,269.00,341,Exchange Continuous
1IV2516TP,13:22:41,269.00,55,Exchange Continuous
1IV2516TO,13:22:41,269.00,341,Exchange Continuous
1IV2516TN,13:22:41,269.00,71,Exchange Continuous
1IV2516TM,13:22:41,269.00,341,Exchange Continuous
1IV2516TL,13:21:59,269.00,296,Exchange Continuous
1IV2516TK,13:21:59,269.00,1 119,Exchange Continuous
1IV2516TJ,13:21:59,269.00,941,Exchange Continuous
1IV2516TI,13:21:59,269.00,96,Exchange Continuous
1IV2516TH,13:21:59,269.00,378,Exchange Continuous
1IV2516TG,13:21:59,269.00,74,Retail Matching Facility
1IV2516TD,13:21:14,269.00,152,Exchange Continuous
1IV2516TC,13:21:14,269.00,179,Exchange Continuous
1IV2516TB,13:21:14,269.00,136,Exchange Continuous
1IV2516TA,13:21:14,269.00,354,Exchange Continuous
1IV2516T7,13:21:09,268.90,216,Exchange Continuous
1IV2516T6,13:21:09,268.90,223,Exchange Continuous
1IV2516T5,13:21:09,268.90,348,Exchange Continuous
1IV2516T4,13:21:09,268.90,139,Exchange Continuous
1IV2516T3,13:21:09,268.90,926,Exchange Continuous
1IV2516SK,13:19:37,268.90,79,Exchange Continuous
1IV2516SJ,13:19:37,268.90,297,Exchange Continuous
1IV2516SI,13:19:37,268.90,205,Exchange Continuous
1IV2516SH,13:19:37,268.90,1,Exchange Continuous
1IV2516SG,13:19:37,268.90,39,Exchange Continuous
1IV2516SF,13:19:37,268.90,146,Exchange Continuous
1IV2516SE,13:19:37,268.90,270,Exchange Continuous
1IV2516SB,13:18:28,269.00,537,Retail Matching Facility
1IV2516SA,13:18:28,269.00,963,Retail Matching Facility
1IV2516S9,13:18:24,268.95,293,Exchange Continuous
1IV2516S8,13:18:24,268.95,70,Exchange Continuous
1IV2516S7,13:18:24,268.95,295,Exchange Continuous
1IV2516S6,13:18:24,268.95,31,Exchange Continuous
1IV2516S5,13:18:24,268.95,804,Exchange Continuous
1IV2516S4,13:18:24,268.95,449,Exchange Continuous
1IV2516S3,13:18:24,268.95,396,Exchange Continuous
1IV2516RI,13:15:44,269.00,3,Exchange Continuous
1IV2516RH,13:15:44,269.00,387,Exchange Continuous
1IV2516RG,13:15:44,269.00,387,Exchange Continuous
1IV2516RF,13:15:44,269.00,9,Exchange Continuous
1IV2516RE,13:15:44,269.00,387,Exchange Continuous
1IV2516RD,13:15:44,269.00,26,Exchange Continuous
1IV2516RC,13:15:44,269.00,187,Exchange Continuous
1IV2516RB,13:15:44,269.00,200,Exchange Continuous
1IV2516RA,13:15:44,269.00,9,Exchange Continuous
1IV2516R9,13:15:44,269.00,387,Exchange Continuous
1IV2516R8,13:15:44,269.00,273,Exchange Continuous
1IV2516R7,13:15:44,269.00,20,Exchange Continuous
1IV2516R6,13:15:44,269.00,107,Exchange Continuous
1IV2516R5,13:15:44,269.00,387,Exchange Continuous
1IV2516R0,13:15:06,269.05,7,Exchange Continuous
1IV2516QZ,13:15:06,269.05,61,Exchange Continuous
1IV2516QY,13:15:06,269.05,51,Exchange Continuous
1IV2516QX,13:15:06,269.05,327,Exchange Continuous
1IV2516QS,13:13:35,269.05,189,Exchange Continuous
1IV2516QR,13:13:35,269.05,196,Exchange Continuous
1IV2516QE,13:12:00,268.95,880,Exchange Continuous
1IV2516QD,13:12:00,269.00,107,Exchange Continuous
1IV2516QC,13:12:00,269.00,266,Exchange Continuous
1IV2516QB,13:12:00,269.00,54,Exchange Continuous
1IV2516QA,13:12:00,269.00,266,Exchange Continuous
1IV2516Q9,13:12:00,269.00,266,Exchange Continuous
1IV2516Q8,13:12:00,269.00,266,Exchange Continuous
1IV2516Q7,13:12:00,269.00,31,Exchange Continuous
1IV2516Q6,13:12:00,269.00,266,Exchange Continuous
1IV2516Q5,13:12:00,269.00,5,Exchange Continuous
1IV2516Q4,13:12:00,269.00,441,Exchange Continuous
1IV2516Q3,13:12:00,269.00,16,Exchange Continuous
1IV2516Q1,13:11:41,269.00,529,Exchange Continuous
1IV2516Q0,13:11:41,269.00,327,Exchange Continuous
1IV2516PZ,13:11:41,269.00,102,Exchange Continuous
1IV2516PY,13:11:41,269.00,100,Retail Matching Facility
1IV2516PN,13:11:04,268.95,237,Exchange Continuous
1IV2516PM,13:11:04,268.95,239,Exchange Continuous
1IV2516PL,13:11:04,268.95,80,Exchange Continuous
1IV2516PK,13:11:04,268.95,556,Exchange Continuous
1IV2516PJ,13:11:04,268.95,11,Exchange Continuous
1IV2516PI,13:11:04,268.95,226,Exchange Continuous
1IV2516PH,13:11:04,268.95,78,Exchange Continuous
1IV2516PG,13:11:04,268.95,239,Exchange Continuous
1IV2516PF,13:11:04,268.95,951,Exchange Continuous
1IV2516PE,13:11:04,268.95,70,Exchange Continuous
1IV2516PD,13:11:04,268.95,396,Exchange Continuous
1IV2516P2,13:10:30,268.95,113,Exchange Continuous
1IV2516P1,13:10:30,268.95,70,Exchange Continuous
1IV2516OZ,13:09:56,268.95,17,Exchange Continuous
1IV2516OY,13:09:56,268.95,30,Exchange Continuous
1IV2516OX,13:09:56,268.95,66,Exchange Continuous
1IV2516OL,13:07:31,268.90,70,Exchange Continuous
1IV2516OF,13:05:07,268.90,122,Exchange Continuous
1IV2516OE,13:05:07,268.90,270,Exchange Continuous
1IV2516OD,13:05:07,268.90,6,Exchange Continuous
1IV2516OC,13:05:07,268.90,130,Exchange Continuous
1IV2516OB,13:05:07,268.90,20,Exchange Continuous
1IV2516OA,13:05:07,268.90,120,Exchange Continuous
1IV2516O9,13:05:07,268.90,120,Exchange Continuous
1IV2516O8,13:05:07,268.85,70,Exchange Continuous
1IV2516O7,13:05:07,268.85,396,Exchange Continuous
1IV2516O6,13:05:07,268.85,43,Exchange Continuous
1IV2516O5,13:05:07,268.85,509,Exchange Continuous
1IV2516NS,13:04:31,268.80,396,Exchange Continuous
1IV2516NR,13:04:31,268.85,56,Exchange Continuous
1IV2516NQ,13:04:31,268.90,100,Exchange Continuous
1IV2516NO,13:04:00,268.95,100,Retail Matching Facility
1IV2516NN,13:03:43,268.90,456,Exchange Continuous
1IV2516NM,13:03:43,268.90,456,Exchange Continuous
1IV2516NL,13:03:43,268.90,816,Exchange Continuous
1IV2516NK,13:03:43,268.95,410,Exchange Continuous
1IV2516NJ,13:03:43,268.95,146,Exchange Continuous
1IV2516NI,13:03:22,268.95,411,Exchange Continuous
1IV2516NH,13:03:22,268.95,109,Exchange Continuous
1IV2516NG,13:03:22,268.95,392,Exchange Continuous
1IV2516NF,13:03:22,268.95,155,Exchange Continuous
1IV2516NE,13:03:22,268.95,213,Exchange Continuous
1IV2516ND,13:03:22,269.00,296,Exchange Continuous
1IV2516NC,13:03:22,269.00,490,Exchange Continuous
1IV2516NB,13:03:21,269.00,520,Exchange Continuous
1IV2516NA,13:03:21,269.00,490,Exchange Continuous
1IV2516N9,13:03:21,269.00,240,Exchange Continuous
1IV2516N8,13:03:21,269.00,259,Exchange Continuous
1IV2516N7,13:03:21,269.00,210,Exchange Continuous
1IV2516N6,13:03:21,269.00,184,Exchange Continuous
1IV2516N5,13:03:21,269.00,260,Exchange Continuous
1IV2516N4,13:03:21,269.05,270,Exchange Continuous
1IV2516N3,13:03:21,269.05,520,Exchange Continuous
1IV2516N2,13:03:21,269.05,265,Exchange Continuous
1IV2516N1,13:03:21,269.05,240,Exchange Continuous
1IV2516N0,13:03:21,269.05,1 200,Exchange Continuous
1IV2516MZ,13:03:21,269.05,201,Exchange Continuous
1IV2516MY,13:03:21,269.05,115,Exchange Continuous
1IV2516MX,13:03:21,269.05,189,Exchange Continuous
1IV2516MW,13:03:21,269.05,109,Exchange Continuous
1IV2516MV,13:03:21,269.05,70,Exchange Continuous
1IV2516MU,13:03:21,269.05,212,Exchange Continuous
1IV2516MT,13:03:21,269.10,520,Exchange Continuous
1IV2516MS,13:03:21,269.10,179,Exchange Continuous
1IV2516MR,13:03:21,269.15,117,Exchange Continuous
1IV2516MQ,13:03:21,269.15,396,Exchange Continuous
1IV2516MK,13:01:21,269.05,13,Retail Matching Facility
1IV2516MJ,13:01:20,269.00,50,Exchange Continuous
1IV2516MI,13:01:20,269.00,196,Exchange Continuous
1IV2516MH,13:01:20,269.00,50,Exchange Continuous
1IV2516LS,13:00:28,268.90,266,Exchange Continuous
1IV2516LR,13:00:28,268.90,396,Exchange Continuous
1IV2516LQ,13:00:28,268.90,6,Exchange Continuous
1IV2516LP,13:00:28,268.90,19,Exchange Continuous
1IV2516LO,13:00:28,268.90,122,Exchange Continuous
1IV2516LN,13:00:28,268.90,4,Exchange Continuous
1IV2516KX,12:59:12,268.85,237,Exchange Continuous
1IV2516KH,12:58:38,268.80,320,Retail Matching Facility
1IV2516KA,12:58:19,268.85,305,Exchange Continuous
1IV2516K9,12:58:19,268.85,189,Exchange Continuous
1IV2516K8,12:58:19,268.85,501,Exchange Continuous
1IV2516K7,12:58:19,268.85,189,Exchange Continuous
1IV2516K6,12:58:19,268.85,501,Exchange Continuous
1IV2516K5,12:58:19,268.90,59,Exchange Continuous
1IV2516K4,12:58:19,268.90,280,Exchange Continuous
1IV2516K3,12:58:19,268.90,280,Exchange Continuous
1IV2516K2,12:58:19,268.90,116,Exchange Continuous
1IV2516K1,12:58:19,268.90,280,Exchange Continuous
1IV2516K0,12:58:19,268.90,260,Exchange Continuous
1IV2516JZ,12:58:19,268.90,20,Exchange Continuous
1IV2516JY,12:58:19,268.90,260,Exchange Continuous
1IV2516JX,12:58:19,268.90,105,Exchange Continuous
1IV2516JW,12:58:19,268.90,47,Exchange Continuous
1IV2516JV,12:58:19,268.90,178,Exchange Continuous
1IV2516JU,12:58:19,268.90,55,Exchange Continuous
1IV2516JT,12:58:19,268.90,116,Exchange Continuous
1IV2516JS,12:58:19,268.90,280,Exchange Continuous
1IV2516JR,12:58:19,268.90,280,Exchange Continuous
1IV2516JQ,12:58:19,268.90,213,Exchange Continuous
1IV2516JP,12:58:19,268.90,194,Exchange Continuous
1IV2516JO,12:58:19,268.90,26,Exchange Continuous
1IV2516JF,12:57:58,268.90,140,Exchange Continuous
1IV2516JE,12:57:40,268.80,108,Exchange Continuous
1IV2516JD,12:57:15,268.80,273,Exchange Continuous
1IV2516JC,12:57:15,268.80,158,Exchange Continuous
1IV2516JB,12:57:15,268.80,111,Exchange Continuous
1IV2516JA,12:57:15,268.80,18,Exchange Continuous
1IV2516J6,12:56:58,268.80,845,Exchange Continuous
1IV2516J5,12:56:58,268.80,270,Exchange Continuous
1IV2516J4,12:56:58,268.75,246,Exchange Continuous
1IV2516J3,12:56:58,268.75,1 155,Exchange Continuous
1IV2516J2,12:56:53,268.70,164,Exchange Continuous
1IV2516J1,12:56:53,268.70,298,Exchange Continuous
1IV2516J0,12:56:53,268.70,281,Exchange Continuous
1IV2516IZ,12:56:53,268.70,118,Exchange Continuous
1IV2516IY,12:56:53,268.70,63,Exchange Continuous
1IV2516IX,12:56:53,268.65,70,Exchange Continuous
1IV2516IW,12:56:53,268.65,70,Exchange Continuous
1IV2516IV,12:56:53,268.65,300,Exchange Continuous
1IV2516IU,12:56:53,268.65,241,Exchange Continuous
1IV2516IQ,12:56:39,268.60,70,Exchange Continuous
1IV2516IP,12:56:39,268.60,70,Exchange Continuous
1IV2516IF,12:55:51,268.55,130,Exchange Continuous
1IV2516IE,12:55:51,268.55,78,Exchange Continuous
1IV2516ID,12:55:51,268.55,258,Exchange Continuous
1IV2516IC,12:55:51,268.55,396,Exchange Continuous
1IV2516IB,12:55:51,268.55,500,Exchange Continuous
1IV2516I4,12:54:56,268.55,5,Retail Matching Facility
1IV2516I2,12:54:30,268.65,55,Exchange Continuous
1IV2516I1,12:54:29,268.65,1 979,Exchange Continuous
1IV2516I0,12:54:29,268.65,1 507,Exchange Continuous
1IV2516HZ,12:54:29,268.65,472,Exchange Continuous
1IV2516HY,12:54:19,268.65,28,Exchange Continuous
1IV2516HX,12:54:19,268.65,396,Exchange Continuous
1IV2516HW,12:54:19,268.65,70,Exchange Continuous
1IV2516HO,12:53:35,268.65,395,Exchange Continuous
1IV2516HN,12:53:35,268.65,93,Exchange Continuous
1IV2516HM,12:53:35,268.65,174,Exchange Continuous
1IV2516HL,12:53:35,268.65,183,Exchange Continuous
1IV2516HK,12:53:35,268.65,396,Exchange Continuous
1IV2516HJ,12:53:35,268.65,5,Retail Matching Facility
1IV2516HF,12:53:08,268.65,120,Exchange Continuous
1IV2516HE,12:53:08,268.65,78,Exchange Continuous
1IV2516HD,12:53:08,268.65,290,Exchange Continuous
1IV2516HC,12:53:05,268.70,24,Exchange Continuous
1IV2516HB,12:53:05,268.70,250,Exchange Continuous
1IV2516HA,12:52:56,268.75,7,Exchange Continuous
1IV2516H9,12:52:56,268.75,495,Exchange Continuous
1IV2516H8,12:52:56,268.75,109,Exchange Continuous
1IV2516H7,12:52:56,268.75,396,Exchange Continuous
1IV2516H6,12:52:56,268.75,179,Exchange Continuous
1IV2516H5,12:52:56,268.75,425,Exchange Continuous
1IV2516H4,12:52:56,268.75,80,Exchange Continuous
1IV2516H3,12:52:56,268.75,400,Exchange Continuous
1IV2516H2,12:52:55,268.80,365,Exchange Continuous
1IV2516H1,12:52:55,268.80,100,Exchange Continuous
1IV2516H0,12:52:55,268.80,121,Exchange Continuous
1IV2516GZ,12:52:55,268.80,208,Exchange Continuous
1IV2516GY,12:52:55,268.80,100,Exchange Continuous
1IV2516GX,12:52:55,268.80,261,Exchange Continuous
1IV2516GW,12:52:55,268.80,108,Exchange Continuous
1IV2516GV,12:52:55,268.80,100,Exchange Continuous
1IV2516GU,12:52:55,268.80,261,Exchange Continuous
1IV2516GT,12:52:55,268.80,100,Exchange Continuous
1IV2516GS,12:52:55,268.80,261,Exchange Continuous
1IV2516GR,12:52:55,268.80,135,Exchange Continuous
1IV2516GQ,12:52:55,268.80,261,Exchange Continuous
1IV2516GP,12:52:55,268.80,263,Exchange Continuous
1IV2516GO,12:52:55,268.80,48,Exchange Continuous
1IV2516GN,12:52:55,268.80,70,Exchange Continuous
1IV2516GM,12:52:55,268.80,100,Exchange Continuous
1IV2516GL,12:52:52,268.90,197,Retail Matching Facility
1IV2516GJ,12:52:40,268.85,31,Exchange Continuous
1IV2516GI,12:52:40,268.85,89,Exchange Continuous
1IV2516GH,12:52:40,268.85,7,Exchange Continuous
1IV2516GG,12:52:40,268.85,113,Exchange Continuous
1IV2516GF,12:52:40,268.85,4,Exchange Continuous
1IV2516GE,12:52:40,268.85,117,Exchange Continuous
1IV2516GB,12:50:47,268.90,275,Exchange Continuous
1IV2516GA,12:50:47,268.90,208,Exchange Continuous
1IV2516G9,12:50:47,268.90,262,Exchange Continuous
1IV2516G8,12:50:42,268.90,70,Exchange Continuous
1IV2516G7,12:50:42,268.90,189,Exchange Continuous
1IV2516G6,12:50:42,268.90,6,Exchange Continuous
1IV2516FU,12:50:20,268.90,1 000,Retail Matching Facility
1IV2516FI,12:49:55,268.90,172,Exchange Continuous
1IV2516FH,12:49:55,268.90,224,Exchange Continuous
1IV2516FG,12:49:55,268.90,224,Exchange Continuous
1IV2516FF,12:49:55,268.90,218,Exchange Continuous
1IV2516FE,12:49:55,268.90,285,Exchange Continuous
1IV2516FD,12:49:55,268.95,186,Exchange Continuous
1IV2516FC,12:49:55,268.95,304,Exchange Continuous
1IV2516FB,12:49:55,268.95,156,Exchange Continuous
1IV2516FA,12:49:55,268.95,240,Exchange Continuous
1IV2516F9,12:49:55,268.95,84,Exchange Continuous
1IV2516F8,12:49:55,268.95,396,Exchange Continuous
1IV2516F7,12:49:55,268.95,195,Exchange Continuous
1IV2516F6,12:49:55,268.95,5,Exchange Continuous
1IV2516EX,12:48:32,268.85,134,Exchange Continuous
1IV2516EW,12:48:32,268.85,266,Exchange Continuous
1IV2516EV,12:48:32,268.85,232,Exchange Continuous
1IV2516EU,12:48:31,268.80,128,Exchange Continuous
1IV2516ET,12:48:31,268.80,82,Exchange Continuous
1IV2516ES,12:48:31,268.80,224,Exchange Continuous
1IV2516EQ,12:48:24,268.80,35,Exchange Continuous
1IV2516EO,12:47:53,268.85,212,Exchange Continuous
1IV2516EN,12:47:43,268.90,29,Exchange Continuous
1IV2516EM,12:47:43,268.90,29,Exchange Continuous
1IV2516EL,12:47:43,268.90,1,Exchange Continuous
1IV2516EC,12:47:28,269.00,59,Exchange Continuous
1IV2516EB,12:47:25,269.00,441,Exchange Continuous
1IV2516E9,12:47:23,269.00,306,Exchange Continuous
1IV2516E8,12:47:23,269.00,135,Exchange Continuous
1IV2516E7,12:47:23,269.00,40,Exchange Continuous
1IV2516E6,12:47:22,269.05,132,Exchange Continuous
1IV2516E5,12:47:22,269.05,396,Exchange Continuous
1IV2516E4,12:47:22,269.05,150,Exchange Continuous
1IV2516E3,12:47:22,269.05,396,Exchange Continuous
1IV2516E2,12:47:22,269.05,150,Exchange Continuous
1IV2516E1,12:47:22,269.05,396,Exchange Continuous
1IV2516E0,12:47:22,269.05,69,Exchange Continuous
1IV2516DZ,12:47:22,269.05,546,Exchange Continuous
1IV2516DY,12:47:22,269.05,75,Exchange Continuous
1IV2516DX,12:47:22,269.05,75,Exchange Continuous
1IV2516DW,12:47:22,269.05,396,Exchange Continuous
1IV2516DV,12:47:22,269.05,546,Exchange Continuous
1IV2516DU,12:47:22,269.05,69,Exchange Continuous
1IV2516DS,12:47:14,269.10,1,Exchange Continuous
1IV2516DR,12:47:14,269.10,1,Exchange Continuous
1IV2516DQ,12:47:14,269.10,413,Exchange Continuous
1IV2516DN,12:46:43,269.10,255,Exchange Continuous
1IV2516DM,12:46:43,269.10,70,Exchange Continuous
1IV2516DL,12:46:43,269.10,57,Exchange Continuous
1IV2516DK,12:46:16,269.10,248,Exchange Continuous
1IV2516DJ,12:46:15,269.10,159,Exchange Continuous
1IV2516DF,12:45:33,269.10,310,Exchange Continuous
1IV2516DE,12:45:33,269.10,250,Exchange Continuous
1IV2516DD,12:45:33,269.10,213,Exchange Continuous
1IV2516DC,12:45:33,269.10,10,Exchange Continuous
1IV2516DB,12:45:33,269.10,16,Exchange Continuous
1IV2516DA,12:45:32,269.10,40,Exchange Continuous
1IV2516D9,12:45:26,269.15,167,Exchange Continuous
1IV2516D8,12:45:26,269.15,154,Exchange Continuous
1IV2516D7,12:45:26,269.15,70,Exchange Continuous
1IV2516D5,12:45:09,269.15,194,Exchange Continuous
1IV2516D4,12:45:09,269.15,64,Exchange Continuous
1IV2516D3,12:45:09,269.15,64,Exchange Continuous
1IV2516D2,12:45:09,269.15,4,Exchange Continuous
1IV2516D1,12:44:59,269.15,189,Exchange Continuous
1IV2516D0,12:44:59,269.20,1 116,Exchange Continuous
1IV2516CZ,12:44:59,269.20,279,Exchange Continuous
1IV2516CY,12:44:58,269.20,279,Exchange Continuous
1IV2516CX,12:44:58,269.20,783,Exchange Continuous
1IV2516CW,12:44:58,269.20,34,Exchange Continuous
1IV2516CV,12:44:58,269.20,279,Exchange Continuous
1IV2516CU,12:44:57,269.20,149,Exchange Continuous
1IV2516CT,12:44:57,269.20,371,Exchange Continuous
1IV2516CS,12:44:57,269.20,181,Exchange Continuous
1IV2516CR,12:44:57,269.20,98,Exchange Continuous
1IV2516CQ,12:44:57,269.20,347,Exchange Continuous
1IV2516CP,12:44:57,269.20,70,Exchange Continuous
1IV2516CI,12:43:58,269.20,1,Retail Matching Facility
1IV2516C0,12:42:28,269.15,117,Exchange Continuous
1IV2516BZ,12:42:28,269.15,145,Exchange Continuous
1IV2516BU,12:40:06,269.10,4,Exchange Continuous
1IV2516BT,12:40:06,269.10,59,Exchange Continuous
1IV2516AS,12:36:30,269.10,316,Exchange Continuous
1IV2516AR,12:36:28,269.20,12,Retail Matching Facility
1IV2516AQ,12:36:27,269.20,272,Exchange Continuous
1IV2516AP,12:36:27,269.20,269,Exchange Continuous
1IV2516AO,12:36:19,269.20,89,Exchange Continuous
1IV2516AN,12:36:19,269.20,70,Exchange Continuous
1IV2516AM,12:36:18,269.20,112,Exchange Continuous
1IV2516AL,12:36:18,269.20,87,Exchange Continuous
1IV2516AK,12:36:18,269.20,172,Exchange Continuous
1IV2516AJ,12:36:18,269.20,269,Exchange Continuous
1IV2516AI,12:36:18,269.20,1 035,Exchange Continuous
1IV2516AH,12:36:18,269.20,269,Exchange Continuous
1IV2516AG,12:36:18,269.20,174,Exchange Continuous
1IV2516A3,12:35:41,269.20,2,Exchange Continuous
1IV2516A2,12:35:41,269.20,134,Exchange Continuous
1IV251695,12:34:45,269.15,92,Exchange Continuous
1IV251694,12:34:36,269.10,131,Exchange Continuous
1IV251693,12:34:27,269.15,241,Exchange Continuous
1IV251692,12:34:27,269.15,198,Exchange Continuous
1IV251691,12:34:27,269.15,316,Exchange Continuous
1IV251690,12:34:27,269.15,198,Exchange Continuous
1IV25168Z,12:34:27,269.15,316,Exchange Continuous
1IV25168Y,12:34:27,269.15,514,Exchange Continuous
1IV25168X,12:34:27,269.20,70,Exchange Continuous
1IV25168W,12:34:27,269.20,178,Exchange Continuous
1IV25168V,12:34:27,269.20,150,Exchange Continuous
1IV25168U,12:34:27,269.20,169,Exchange Continuous
1IV25168T,12:33:47,269.25,343,Exchange Continuous
1IV25168S,12:33:47,269.25,89,Exchange Continuous
1IV25168R,12:33:46,269.25,17,Exchange Continuous
1IV25168K,12:33:05,269.30,240,Exchange Continuous
1IV25168J,12:33:05,269.30,316,Exchange Continuous
1IV25168I,12:33:05,269.30,284,Exchange Continuous
1IV25168H,12:33:05,269.30,649,Exchange Continuous
1IV25168G,12:33:05,269.30,234,Exchange Continuous
1IV25168F,12:33:05,269.30,127,Exchange Continuous
1IV25168E,12:33:05,269.30,33,Exchange Continuous
1IV25168D,12:33:05,269.30,284,Exchange Continuous
1IV25168C,12:33:05,269.30,567,Exchange Continuous
1IV25168B,12:32:57,269.30,316,Exchange Continuous
1IV25168A,12:32:57,269.30,284,Exchange Continuous
1IV251689,12:32:57,269.30,186,Exchange Continuous
1IV251688,12:32:57,269.30,685,Exchange Continuous
1IV251687,12:32:57,269.30,198,Exchange Continuous
1IV251686,12:32:57,269.30,16,Exchange Continuous
1IV25167Z,12:32:13,269.35,250,Retail Matching Facility
1IV25167X,12:31:54,269.35,250,Retail Matching Facility
1IV25167S,12:31:36,269.30,64,Exchange Continuous
1IV25167R,12:31:36,269.30,664,Exchange Continuous
1IV25167Q,12:31:36,269.30,3,Exchange Continuous
1IV25167P,12:31:36,269.30,216,Exchange Continuous
1IV25167G,12:30:34,269.25,134,Exchange Continuous
1IV25167C,12:29:53,269.20,143,Exchange Continuous
1IV25167B,12:29:53,269.20,143,Exchange Continuous
1IV25167A,12:29:53,269.20,2,Retail Matching Facility
1IV251672,12:29:16,269.20,26,Exchange Continuous
1IV251671,12:29:16,269.20,111,Exchange Continuous
1IV25166Y,12:29:09,269.20,217,Exchange Continuous
1IV25166Q,12:27:45,269.15,16,Exchange Continuous
1IV25166P,12:27:45,269.15,1,Exchange Continuous
1IV25166O,12:27:29,269.10,117,Exchange Continuous
1IV25166N,12:27:29,269.10,70,Exchange Continuous
1IV25166M,12:27:07,269.05,6,Exchange Continuous
1IV251662,12:26:37,269.00,638,Retail Matching Facility
1IV25165Z,12:26:06,269.10,700,Retail Matching Facility
1IV25165Y,12:25:50,269.15,17,Exchange Continuous
1IV25165X,12:25:50,269.15,649,Exchange Continuous
1IV25165W,12:25:50,269.15,441,Exchange Continuous
1IV25165V,12:25:50,269.15,71,Exchange Continuous
1IV25165U,12:25:47,269.15,134,Exchange Continuous
1IV25165Q,12:25:30,269.20,263,Exchange Continuous
1IV25165P,12:25:12,269.25,136,Exchange Continuous
1IV25165O,12:25:12,269.25,54,Exchange Continuous
1IV25165N,12:25:12,269.25,225,Exchange Continuous
1IV25165M,12:25:12,269.25,189,Exchange Continuous
1IV25165L,12:25:12,269.25,316,Exchange Continuous
1IV25165K,12:25:12,269.25,26,Exchange Continuous
1IV25165J,12:25:12,269.25,195,Exchange Continuous
1IV25165I,12:25:12,269.30,573,Exchange Continuous
1IV25165G,12:24:55,269.30,63,Exchange Continuous
1IV25165F,12:24:47,269.30,602,Exchange Continuous
1IV25165E,12:24:47,269.30,235,Exchange Continuous
1IV25165D,12:24:47,269.30,808,Exchange Continuous
1IV25165C,12:24:47,269.30,29,Exchange Continuous
1IV25165B,12:24:47,269.30,200,Exchange Continuous
1IV25165A,12:24:47,269.30,6,Exchange Continuous
1IV251659,12:24:47,269.30,808,Exchange Continuous
1IV251658,12:24:47,269.30,125,Exchange Continuous
1IV251657,12:24:47,269.30,411,Exchange Continuous
1IV251656,12:24:47,269.30,375,Exchange Continuous
1IV251651,12:23:24,269.30,13,Exchange Continuous
1IV25164X,12:22:43,269.30,225,Exchange Continuous
1IV25164W,12:22:43,269.30,157,Exchange Continuous
1IV251646,12:21:34,269.30,55,Exchange Continuous
1IV251645,12:21:34,269.30,210,Exchange Continuous
1IV251643,12:21:26,269.25,519,Exchange Continuous
1IV251642,12:21:26,269.25,705,Exchange Continuous
1IV251641,12:21:26,269.25,31,Exchange Continuous
1IV251640,12:21:26,269.25,214,Exchange Continuous
1IV25163Z,12:21:26,269.25,216,Exchange Continuous
1IV25163S,12:20:39,269.25,369,Exchange Continuous
1IV25163F,12:19:00,269.25,57,Exchange Continuous
1IV25163A,12:18:15,269.25,313,Exchange Continuous
1IV251632,12:17:34,269.25,155,Exchange Continuous
1IV251630,12:17:10,269.20,8,Exchange Continuous
1IV25162W,12:16:00,269.20,1 186,Exchange Continuous
1IV25162V,12:16:00,269.20,483,Exchange Continuous
1IV25162T,12:15:29,269.20,196,Exchange Continuous
1IV25162S,12:15:29,269.20,483,Exchange Continuous
1IV25162R,12:15:29,269.25,210,Exchange Continuous
1IV25162Q,12:15:29,269.25,193,Exchange Continuous
1IV25162P,12:15:29,269.25,316,Exchange Continuous
1IV25162O,12:15:29,269.25,509,Exchange Continuous
1IV25162N,12:15:29,269.25,316,Exchange Continuous
1IV25162M,12:15:29,269.25,236,Exchange Continuous
1IV25162L,12:15:29,269.25,159,Exchange Continuous
1IV25162K,12:15:29,269.25,182,Exchange Continuous
1IV25162J,12:15:29,269.25,509,Exchange Continuous
1IV25162I,12:15:11,269.30,420,Exchange Continuous
1IV251628,12:14:40,269.30,302,Exchange Continuous
1IV251627,12:14:40,269.30,289,Exchange Continuous
1IV251626,12:14:40,269.30,46,Exchange Continuous
1IV251625,12:14:40,269.30,22,Exchange Continuous
1IV251624,12:14:40,269.30,434,Exchange Continuous
1IV25161X,12:14:03,269.30,6,Retail Matching Facility
1IV25161V,12:13:44,269.30,300,Retail Matching Facility
1IV25161R,12:13:34,269.30,212,Exchange Continuous
1IV25161Q,12:13:28,269.30,1,Retail Matching Facility
1IV25161I,12:12:46,269.30,166,Exchange Continuous
1IV25161H,12:12:46,269.30,6,Exchange Continuous
1IV25161D,12:12:38,269.25,396,Exchange Continuous
1IV25161C,12:12:38,269.25,332,Exchange Continuous
1IV25161B,12:12:38,269.25,8,Exchange Continuous
1IV25160Z,12:10:45,269.20,82,Exchange Continuous
1IV25160T,12:09:38,269.15,13,Exchange Continuous
1IV25160S,12:09:38,269.15,394,Exchange Continuous
1IV25160R,12:09:38,269.10,30,Retail Matching Facility
1IV25160L,12:08:57,269.05,88,Exchange Continuous
1IV25160K,12:08:57,269.05,327,Exchange Continuous
1IV25160J,12:08:57,269.05,270,Exchange Continuous
1IV25160I,12:08:57,269.05,239,Exchange Continuous
1IV25160H,12:08:57,269.05,70,Exchange Continuous
1IV25160G,12:08:57,269.05,400,Exchange Continuous
1IV25160F,12:08:57,269.05,212,Exchange Continuous
1IV25160E,12:08:57,269.05,316,Exchange Continuous
1IV25160D,12:08:37,269.10,50,Exchange Continuous
1IV25160C,12:08:36,269.10,239,Exchange Continuous
1IV25160B,12:08:36,269.10,400,Exchange Continuous
1IV25160A,12:08:36,269.10,178,Exchange Continuous
1IV251609,12:08:36,269.10,204,Exchange Continuous
1IV251608,12:08:36,269.10,198,Exchange Continuous
1IV251607,12:08:36,269.05,7,Exchange Continuous
1IV251606,12:08:36,269.05,201,Exchange Continuous
1IV251605,12:08:36,269.00,197,Exchange Continuous
1IV251604,12:08:17,268.95,1 200,Exchange Continuous
1IV251603,12:08:17,268.95,240,Exchange Continuous
1IV251602,12:08:17,268.95,238,Exchange Continuous
1IV251601,12:08:17,268.95,196,Exchange Continuous
1IV251600,12:08:17,268.90,178,Exchange Continuous
1IV2515ZZ,12:08:17,268.90,238,Exchange Continuous
1IV2515ZY,12:08:17,268.90,418,Exchange Continuous
1IV2515ZX,12:08:17,268.90,43,Exchange Continuous
1IV2515ZW,12:08:17,268.90,70,Exchange Continuous
1IV2515ZV,12:08:17,268.90,492,Exchange Continuous
1IV2515ZU,12:08:17,268.90,203,Exchange Continuous
1IV2515ZT,12:08:03,268.95,1 316,Exchange Continuous
1IV2515ZS,12:08:03,268.95,535,Exchange Continuous
1IV2515ZR,12:08:03,268.95,5,Exchange Continuous
1IV2515ZQ,12:08:03,269.00,282,Exchange Continuous
1IV2515ZP,12:08:03,269.00,259,Exchange Continuous
1IV2515ZO,12:08:03,269.00,57,Exchange Continuous
1IV2515ZN,12:08:03,269.00,259,Exchange Continuous
1IV2515ZM,12:08:03,269.00,471,Exchange Continuous
1IV2515ZL,12:08:03,269.00,238,Exchange Continuous
1IV2515ZK,12:08:03,269.00,259,Exchange Continuous
1IV2515ZJ,12:08:03,269.00,31,Exchange Continuous
1IV2515ZI,12:08:03,269.00,70,Exchange Continuous
1IV2515ZH,12:08:03,269.00,215,Exchange Continuous
1IV2515YV,12:07:31,269.05,38,Exchange Continuous
1IV2515YU,12:07:31,269.05,235,Exchange Continuous
1IV2515YT,12:07:31,269.05,70,Exchange Continuous
1IV2515YS,12:07:31,269.05,100,Retail Matching Facility
1IV2515YR,12:07:24,269.00,245,Exchange Continuous
1IV2515YQ,12:07:24,269.00,179,Exchange Continuous
1IV2515YP,12:07:24,269.00,240,Exchange Continuous
1IV2515YO,12:07:24,269.00,240,Exchange Continuous
1IV2515YN,12:07:24,269.05,70,Exchange Continuous
1IV2515YM,12:07:24,269.05,400,Exchange Continuous
1IV2515YL,12:07:24,269.05,121,Exchange Continuous
1IV2515YK,12:07:24,269.05,316,Exchange Continuous
1IV2515YJ,12:07:24,269.05,240,Exchange Continuous
1IV2515YG,12:07:08,269.10,1,Retail Matching Facility
1IV2515YF,12:06:59,269.20,85,Exchange Continuous
1IV2515Y8,12:06:19,269.20,3,Retail Matching Facility
1IV2515Y7,12:06:18,269.20,35,Exchange Continuous
1IV2515Y6,12:06:09,269.25,316,Exchange Continuous
1IV2515Y5,12:06:09,269.25,357,Exchange Continuous
1IV2515Y4,12:06:09,269.25,327,Exchange Continuous
1IV2515Y3,12:06:09,269.25,357,Exchange Continuous
1IV2515Y2,12:06:09,269.25,240,Exchange Continuous
1IV2515Y1,12:06:09,269.25,357,Exchange Continuous
1IV2515Y0,12:06:09,269.25,70,Exchange Continuous
1IV2515XZ,12:06:09,269.25,17,Exchange Continuous
1IV2515XG,12:03:53,269.30,70,Exchange Continuous
1IV2515XF,12:03:53,269.30,20,Exchange Continuous
1IV2515XE,12:03:14,269.35,58,Exchange Continuous
1IV2515XD,12:03:14,269.35,55,Exchange Continuous
1IV2515XC,12:03:14,269.35,43,Exchange Continuous
1IV2515XB,12:03:12,269.40,79,Exchange Continuous
1IV2515XA,12:03:12,269.40,271,Exchange Continuous
1IV2515X9,12:03:12,269.40,271,Exchange Continuous
1IV2515X8,12:03:12,269.40,271,Exchange Continuous
1IV2515X7,12:03:11,269.40,271,Exchange Continuous
1IV2515X6,12:03:11,269.40,45,Exchange Continuous
1IV2515X5,12:03:11,269.40,271,Exchange Continuous
1IV2515X4,12:03:11,269.40,271,Exchange Continuous
1IV2515X3,12:03:11,269.40,45,Exchange Continuous
1IV2515X2,12:03:11,269.40,271,Exchange Continuous
1IV2515X1,12:03:11,269.40,207,Exchange Continuous
1IV2515X0,12:03:11,269.40,32,Exchange Continuous
1IV2515WZ,12:03:11,269.40,239,Exchange Continuous
1IV2515WY,12:03:11,269.40,168,Exchange Continuous
1IV2515WX,12:03:11,269.40,71,Exchange Continuous
1IV2515WW,12:03:11,269.40,200,Exchange Continuous
1IV2515WV,12:03:09,269.45,112,Exchange Continuous
1IV2515WU,12:03:01,269.45,256,Exchange Continuous
1IV2515WT,12:02:33,269.45,15,Retail Matching Facility
1IV2515WS,12:02:31,269.45,100,Retail Matching Facility
1IV2515WO,12:01:35,269.40,316,Exchange Continuous
1IV2515WN,12:01:35,269.40,11,Exchange Continuous
1IV2515WM,12:01:35,269.40,17,Exchange Continuous
1IV2515WL,12:01:35,269.40,5,Exchange Continuous
1IV2515WI,12:00:57,269.45,2,Exchange Continuous
1IV2515WF,12:00:55,269.45,34,Exchange Continuous
1IV2515WE,12:00:55,269.45,282,Exchange Continuous
1IV2515WD,12:00:55,269.45,370,Exchange Continuous
1IV2515WC,12:00:55,269.45,258,Exchange Continuous
1IV2515WB,12:00:55,269.45,796,Exchange Continuous
1IV2515WA,12:00:55,269.45,258,Exchange Continuous
1IV2515W9,12:00:55,269.45,796,Exchange Continuous
1IV2515W8,12:00:55,269.45,91,Exchange Continuous
1IV2515W7,12:00:55,269.45,258,Exchange Continuous
1IV2515W6,12:00:55,269.45,796,Exchange Continuous
1IV2515W5,12:00:55,269.45,242,Exchange Continuous
1IV2515W4,12:00:55,269.45,413,Exchange Continuous
1IV2515W3,12:00:51,269.50,50,Retail Matching Facility
1IV2515VZ,12:00:25,269.45,212,Exchange Continuous
1IV2515VY,12:00:25,269.45,20,Exchange Continuous
1IV2515VX,12:00:25,269.45,103,Exchange Continuous
1IV2515VW,12:00:21,269.45,645,Exchange Continuous
1IV2515VT,12:00:09,269.45,55,Exchange Continuous
1IV2515VS,12:00:09,269.40,339,Exchange Continuous
1IV2515VR,12:00:09,269.40,245,Exchange Continuous
1IV2515VQ,12:00:09,269.40,4,Exchange Continuous
1IV2515V7,11:59:20,269.35,7,Exchange Continuous
1IV2515UJ,11:57:25,269.40,59,Exchange Continuous
1IV2515UI,11:57:25,269.40,64,Exchange Continuous
1IV2515UH,11:57:25,269.40,47,Exchange Continuous
1IV2515UG,11:57:25,269.40,269,Exchange Continuous
1IV2515UF,11:57:25,269.40,189,Exchange Continuous
1IV2515UE,11:57:25,269.40,269,Exchange Continuous
1IV2515UD,11:57:25,269.40,1 733,Exchange Continuous
1IV2515UC,11:57:25,269.40,49,Exchange Continuous
1IV2515UB,11:57:25,269.40,276,Exchange Continuous
1IV2515UA,11:57:25,269.45,315,Exchange Continuous
1IV2515U9,11:57:25,269.45,281,Exchange Continuous
1IV2515U8,11:57:24,269.50,5,Exchange Continuous
1IV2515U7,11:57:24,269.50,188,Exchange Continuous
1IV2515TY,11:55:15,269.50,10,Retail Matching Facility
1IV2515TK,11:53:56,269.40,80,Exchange Continuous
1IV2515TJ,11:53:56,269.40,303,Exchange Continuous
1IV2515TD,11:53:20,269.40,534,Exchange Continuous
1IV2515TC,11:53:20,269.40,70,Exchange Continuous
1IV2515TB,11:53:20,269.40,303,Exchange Continuous
1IV2515T7,11:53:15,269.35,50,Exchange Continuous
1IV2515T6,11:53:15,269.40,170,Exchange Continuous
1IV2515T5,11:53:14,269.45,78,Exchange Continuous
1IV2515T4,11:53:14,269.45,349,Exchange Continuous
1IV2515T3,11:53:14,269.45,46,Exchange Continuous
1IV2515T2,11:53:14,269.45,303,Exchange Continuous
1IV2515T1,11:53:14,269.45,230,Exchange Continuous
1IV2515T0,11:53:14,269.45,339,Exchange Continuous
1IV2515SZ,11:53:14,269.45,10,Exchange Continuous
1IV2515SX,11:53:10,269.45,273,Exchange Continuous
1IV2515SW,11:53:10,269.45,18,Exchange Continuous
1IV2515SV,11:53:10,269.45,230,Exchange Continuous
1IV2515SU,11:53:10,269.45,227,Exchange Continuous
1IV2515SP,11:52:55,269.45,122,Exchange Continuous
1IV2515SO,11:52:55,269.45,230,Exchange Continuous
1IV2515SN,11:52:55,269.45,189,Exchange Continuous
1IV2515SM,11:52:55,269.45,349,Exchange Continuous
1IV2515SL,11:52:55,269.45,31,Exchange Continuous
1IV2515SK,11:52:55,269.45,149,Exchange Continuous
1IV2515SJ,11:52:55,269.45,230,Exchange Continuous
1IV2515SI,11:52:43,269.50,141,Exchange Continuous
1IV2515SH,11:52:41,269.45,10,Exchange Continuous
1IV2515RI,11:50:15,269.40,420,Exchange Continuous
1IV2515RH,11:50:15,269.40,443,Exchange Continuous
1IV2515RG,11:50:15,269.40,1,Exchange Continuous
1IV2515RF,11:50:15,269.40,219,Exchange Continuous
1IV2515RE,11:50:15,269.40,1,Exchange Continuous
1IV2515RD,11:50:15,269.40,223,Exchange Continuous
1IV2515RC,11:50:15,269.40,443,Exchange Continuous
1IV2515R7,11:50:00,269.45,32,Retail Matching Facility
1IV2515R4,11:49:04,269.40,267,Exchange Continuous
1IV2515QI,11:48:39,269.40,1 504,Exchange Continuous
1IV2515QH,11:48:39,269.40,272,Exchange Continuous
1IV2515QG,11:48:39,269.40,251,Exchange Continuous
1IV2515QF,11:48:39,269.40,70,Exchange Continuous
1IV2515QE,11:48:39,269.40,100,Exchange Continuous
1IV2515QD,11:48:39,269.40,303,Exchange Continuous
1IV2515PU,11:47:51,269.45,172,Exchange Continuous
1IV2515PT,11:47:51,269.45,78,Exchange Continuous
1IV2515PS,11:47:51,269.45,279,Exchange Continuous
1IV2515PM,11:46:38,269.45,1,Exchange Continuous
1IV2515PL,11:46:38,269.45,1,Exchange Continuous
1IV2515OH,11:44:36,269.65,137,Exchange Continuous
1IV2515OG,11:44:36,269.65,79,Exchange Continuous
1IV2515OF,11:44:36,269.65,101,Exchange Continuous
1IV2515OE,11:44:36,269.65,68,Exchange Continuous
1IV2515OD,11:44:36,269.65,45,Exchange Continuous
1IV2515OC,11:44:36,269.65,242,Exchange Continuous
1IV2515OA,11:44:29,269.70,261,Exchange Continuous
1IV2515O9,11:44:29,269.70,151,Exchange Continuous
1IV2515O8,11:44:29,269.70,300,Exchange Continuous
1IV2515O7,11:44:29,269.70,303,Exchange Continuous
1IV2515O6,11:44:29,269.70,148,Exchange Continuous
1IV2515O5,11:44:29,269.70,89,Exchange Continuous
1IV2515O4,11:44:29,269.70,362,Exchange Continuous
1IV2515O3,11:44:29,269.70,89,Exchange Continuous
1IV2515O2,11:44:29,269.70,86,Exchange Continuous
1IV2515O1,11:44:29,269.70,3,Exchange Continuous
1IV2515O0,11:44:29,269.70,300,Exchange Continuous
1IV2515NZ,11:44:29,269.70,148,Exchange Continuous
1IV2515NY,11:44:29,269.70,148,Exchange Continuous
1IV2515NX,11:44:29,269.70,303,Exchange Continuous
1IV2515NW,11:44:29,269.70,303,Exchange Continuous
1IV2515NV,11:44:29,269.70,70,Exchange Continuous
1IV2515NU,11:44:29,269.70,97,Exchange Continuous
1IV2515NT,11:44:29,269.70,451,Exchange Continuous
1IV2515NS,11:44:29,269.70,31,Exchange Continuous
1IV2515NR,11:44:29,269.70,38,Exchange Continuous
1IV2515NH,11:43:42,269.75,46,Exchange Continuous
1IV2515NG,11:43:42,269.75,257,Exchange Continuous
1IV2515NF,11:43:42,269.75,31,Exchange Continuous
1IV2515NE,11:43:42,269.75,160,Exchange Continuous
1IV2515N6,11:43:24,269.80,1 069,Exchange Continuous
1IV2515N5,11:43:24,269.80,35,Exchange Continuous
1IV2515N4,11:43:24,269.80,320,Exchange Continuous
1IV2515N3,11:43:22,269.80,872,Exchange Continuous
1IV2515N2,11:43:22,269.80,70,Exchange Continuous
1IV2515N1,11:43:22,269.80,58,Exchange Continuous
1IV2515N0,11:43:22,269.85,178,Exchange Continuous
1IV2515MZ,11:43:22,269.85,261,Exchange Continuous
1IV2515MY,11:43:22,269.80,261,Exchange Continuous
1IV2515MX,11:43:22,269.80,300,Exchange Continuous
1IV2515MW,11:43:21,269.75,1 000,Exchange Continuous
1IV2515MV,11:43:20,269.70,1 000,Exchange Continuous
1IV2515MU,11:43:19,269.70,349,Exchange Continuous
1IV2515MT,11:43:19,269.70,259,Exchange Continuous
1IV2515MS,11:43:19,269.70,392,Exchange Continuous
1IV2515MR,11:43:18,269.55,13,Exchange Continuous
1IV2515MQ,11:43:17,269.60,103,Exchange Continuous
1IV2515MP,11:43:17,269.60,303,Exchange Continuous
1IV2515MO,11:43:17,269.60,30,Exchange Continuous
1IV2515MN,11:43:17,269.55,261,Exchange Continuous
1IV2515MM,11:43:17,269.55,303,Exchange Continuous
1IV2515ML,11:43:16,269.55,430,Exchange Continuous
1IV2515MK,11:43:16,269.55,310,Exchange Continuous
1IV2515MJ,11:43:16,269.55,260,Exchange Continuous
1IV2515M9,11:42:50,269.45,9,Exchange Continuous
1IV2515M5,11:42:41,269.40,25,Exchange Continuous
1IV2515M4,11:42:41,269.40,196,Exchange Continuous
1IV2515M3,11:42:41,269.40,467,Exchange Continuous
1IV2515LT,11:41:44,269.35,140,Exchange Continuous
1IV2515LS,11:41:44,269.30,1 351,Exchange Continuous
1IV2515LR,11:41:44,269.30,99,Exchange Continuous
1IV2515LQ,11:41:44,269.30,99,Exchange Continuous
1IV2515LP,11:41:44,269.30,1 458,Exchange Continuous
1IV2515LO,11:41:44,269.30,126,Exchange Continuous
1IV2515LN,11:41:44,269.30,374,Exchange Continuous
1IV2515LI,11:41:06,269.40,273,Exchange Continuous
1IV2515LH,11:41:06,269.35,70,Exchange Continuous
1IV2515LG,11:41:06,269.35,303,Exchange Continuous
1IV2515LF,11:41:06,269.40,20,Exchange Continuous
1IV2515LE,11:41:06,269.35,240,Exchange Continuous
1IV2515LD,11:41:06,269.35,400,Exchange Continuous
1IV2515LC,11:41:06,269.35,239,Exchange Continuous
1IV2515LB,11:41:06,269.30,234,Exchange Continuous
1IV2515LA,11:41:06,269.30,1 200,Exchange Continuous
1IV2515L9,11:41:06,269.30,70,Exchange Continuous
1IV2515L8,11:41:06,269.25,70,Exchange Continuous
1IV2515L7,11:41:06,269.25,580,Retail Matching Facility
1IV2515L6,11:41:05,269.25,20,Retail Matching Facility
1IV2515KZ,11:40:24,269.20,173,Exchange Continuous
1IV2515KY,11:40:24,269.15,84,Exchange Continuous
1IV2515KQ,11:40:08,269.10,26,Exchange Continuous
1IV2515KP,11:40:08,269.05,20,Exchange Continuous
1IV2515KO,11:40:08,269.00,195,Exchange Continuous
1IV2515KN,11:40:08,269.00,56,Exchange Continuous
1IV2515KI,11:38:28,268.95,4,Exchange Continuous
1IV2515KH,11:38:28,268.95,750,Exchange Continuous
1IV2515K3,11:37:28,268.90,32,Exchange Continuous
1IV2515K2,11:37:28,268.90,271,Exchange Continuous
1IV2515K1,11:37:28,268.90,271,Exchange Continuous
1IV2515K0,11:37:28,268.90,271,Exchange Continuous
1IV2515JZ,11:37:26,268.95,17,Exchange Continuous
1IV2515JY,11:37:26,268.95,257,Exchange Continuous
1IV2515JX,11:37:26,268.95,257,Exchange Continuous
1IV2515JW,11:37:26,268.95,257,Exchange Continuous
1IV2515JV,11:37:26,268.95,46,Exchange Continuous
1IV2515JU,11:37:26,268.95,257,Exchange Continuous
1IV2515JT,11:37:26,268.95,81,Exchange Continuous
1IV2515JS,11:37:26,268.95,212,Exchange Continuous
1IV2515JR,11:37:26,268.95,257,Exchange Continuous
1IV2515J9,11:36:44,268.95,46,Exchange Continuous
1IV2515J8,11:36:44,268.95,257,Exchange Continuous
1IV2515J7,11:36:44,268.95,384,Exchange Continuous
1IV2515J6,11:36:44,268.95,257,Exchange Continuous
1IV2515J5,11:36:44,268.95,458,Exchange Continuous
1IV2515J4,11:36:44,268.95,400,Exchange Continuous
1IV2515J3,11:36:44,268.95,1 105,Exchange Continuous
1IV2515J2,11:36:44,268.95,264,Exchange Continuous
1IV2515IN,11:36:01,268.95,37,Exchange Continuous
1IV2515IM,11:36:01,268.95,93,Exchange Continuous
1IV2515IL,11:36:01,268.95,14,Retail Matching Facility
1IV2515HH,11:33:58,268.95,51,Exchange Continuous
1IV2515HG,11:33:58,268.95,161,Exchange Continuous
1IV2515HF,11:33:58,268.95,90,Exchange Continuous
1IV2515HE,11:33:58,268.95,303,Exchange Continuous
1IV2515HD,11:33:58,268.95,204,Exchange Continuous
1IV2515HC,11:33:58,268.95,95,Retail Matching Facility
1IV2515GN,11:32:52,269.00,235,Exchange Continuous
1IV2515GM,11:32:52,269.00,78,Exchange Continuous
1IV2515GL,11:32:52,269.00,236,Exchange Continuous
1IV2515GK,11:32:52,269.00,280,Retail Matching Facility
1IV2515FK,11:30:58,269.05,213,Exchange Continuous
1IV2515FJ,11:30:58,269.05,300,Exchange Continuous
1IV2515FI,11:30:58,269.05,643,Exchange Continuous
1IV2515FH,11:30:58,269.05,300,Exchange Continuous
1IV2515FG,11:30:58,269.05,644,Exchange Continuous
1IV2515FF,11:30:58,269.05,142,Exchange Continuous
1IV2515FE,11:30:57,269.05,157,Exchange Continuous
1IV2515FD,11:30:57,269.05,943,Exchange Continuous
1IV2515FC,11:30:56,269.05,943,Exchange Continuous
1IV2515FB,11:30:56,269.05,370,Exchange Continuous
1IV2515FA,11:30:56,269.05,943,Exchange Continuous
1IV2515F9,11:30:56,269.05,154,Exchange Continuous
1IV2515F8,11:30:56,269.05,388,Exchange Continuous
1IV2515EL,11:29:39,269.05,303,Exchange Continuous
1IV2515EK,11:29:39,269.05,130,Exchange Continuous
1IV2515EJ,11:29:39,269.05,80,Exchange Continuous
1IV2515EI,11:29:39,269.05,29,Exchange Continuous
1IV2515EG,11:29:01,269.10,30,Exchange Continuous
1IV2515EF,11:29:01,269.10,70,Exchange Continuous
1IV2515EE,11:28:55,269.05,20,Retail Matching Facility
1IV2515E6,11:27:58,269.05,281,Exchange Continuous
1IV2515E5,11:27:58,269.05,22,Exchange Continuous
1IV2515DV,11:27:52,269.10,87,Exchange Continuous
1IV2515DU,11:27:51,269.10,132,Exchange Continuous
1IV2515DT,11:27:51,269.10,219,Exchange Continuous
1IV2515DS,11:27:51,269.10,249,Exchange Continuous
1IV2515DR,11:27:51,269.10,64,Exchange Continuous
1IV2515DQ,11:27:51,269.10,36,Exchange Continuous
1IV2515DP,11:27:51,269.10,75,Exchange Continuous
1IV2515DO,11:27:51,269.10,144,Exchange Continuous
1IV2515DN,11:27:51,269.10,118,Exchange Continuous
1IV2515DM,11:27:51,269.10,249,Exchange Continuous
1IV2515DL,11:27:51,269.10,100,Exchange Continuous
1IV2515DK,11:27:51,269.10,219,Exchange Continuous
1IV2515DJ,11:27:51,269.10,212,Exchange Continuous
1IV2515DI,11:27:51,269.10,258,Exchange Continuous
1IV2515DH,11:27:51,269.10,249,Exchange Continuous
1IV2515DG,11:27:51,269.10,81,Exchange Continuous
1IV2515DF,11:27:51,269.10,64,Exchange Continuous
1IV2515D8,11:27:26,269.10,36,Exchange Continuous
1IV2515D6,11:27:18,269.10,400,Exchange Continuous
1IV2515D5,11:27:18,269.10,100,Exchange Continuous
1IV2515D4,11:27:06,269.10,64,Exchange Continuous
1IV2515D3,11:27:06,269.10,64,Exchange Continuous
1IV2515D2,11:26:51,269.10,11,Exchange Continuous
1IV2515CY,11:26:40,269.00,427,Exchange Continuous
1IV2515CX,11:26:40,268.95,11,Exchange Continuous
1IV2515CW,11:26:40,268.95,3,Exchange Continuous
1IV2515CS,11:26:10,268.95,1,Retail Matching Facility
1IV2515CR,11:25:39,268.90,6,Exchange Continuous
1IV2515CQ,11:25:39,268.85,2,Exchange Continuous
1IV2515CP,11:25:39,268.85,179,Exchange Continuous
1IV2515CO,11:25:39,268.85,239,Exchange Continuous
1IV2515CN,11:25:39,268.85,508,Exchange Continuous
1IV2515CM,11:25:39,268.85,303,Exchange Continuous
1IV2515CL,11:25:39,268.85,39,Retail Matching Facility
1IV2515CG,11:25:10,268.90,461,Exchange Continuous
1IV2515CF,11:25:10,268.90,90,Exchange Continuous
1IV2515CE,11:25:04,268.95,584,Exchange Continuous
1IV2515CC,11:25:00,269.05,70,Exchange Continuous
1IV2515CB,11:25:00,269.15,79,Exchange Continuous
1IV2515CA,11:25:00,269.15,57,Exchange Continuous
1IV2515C9,11:25:00,269.15,220,Exchange Continuous
1IV2515C8,11:25:00,269.15,648,Exchange Continuous
1IV2515C7,11:25:00,269.10,179,Exchange Continuous
1IV2515C6,11:25:00,269.10,303,Exchange Continuous
1IV2515C5,11:25:00,269.10,360,Exchange Continuous
1IV2515C4,11:25:00,269.10,233,Exchange Continuous
1IV2515C3,11:25:00,269.10,57,Exchange Continuous
1IV2515C2,11:25:00,269.05,67,Exchange Continuous
1IV2515C0,11:24:08,269.00,345,Exchange Continuous
1IV2515BZ,11:23:30,269.05,238,Exchange Continuous
1IV2515BY,11:23:30,269.05,122,Exchange Continuous
1IV2515BX,11:23:30,269.05,338,Exchange Continuous
1IV2515BW,11:23:30,269.05,81,Exchange Continuous
1IV2515BK,11:23:09,269.05,330,Retail Matching Facility
1IV2515BC,11:22:21,269.10,124,Exchange Continuous
1IV2515BB,11:22:21,269.10,118,Exchange Continuous
1IV2515BA,11:22:21,269.10,212,Exchange Continuous
1IV2515B9,11:22:16,269.15,215,Exchange Continuous
1IV2515B8,11:22:16,269.10,40,Exchange Continuous
1IV2515B6,11:21:37,269.00,303,Exchange Continuous
1IV2515AK,11:21:16,268.95,163,Exchange Continuous
1IV2515AJ,11:21:15,268.85,171,Exchange Continuous
1IV2515AI,11:21:15,268.85,70,Exchange Continuous
1IV2515AH,11:21:15,268.85,303,Exchange Continuous
1IV2515AG,11:21:15,268.85,20,Exchange Continuous
1IV2515AF,11:21:15,268.85,129,Exchange Continuous
1IV2515AE,11:21:08,268.90,2,Exchange Continuous
1IV2515AD,11:21:08,268.90,4,Exchange Continuous
1IV2515AC,11:21:08,268.95,60,Exchange Continuous
1IV2515AB,11:21:08,268.95,303,Exchange Continuous
1IV2515AA,11:21:08,268.95,437,Exchange Continuous
1IV2515A9,11:21:08,268.95,135,Exchange Continuous
1IV2515A8,11:21:08,268.95,147,Exchange Continuous
1IV2515A7,11:21:08,268.95,282,Exchange Continuous
1IV2515A6,11:21:08,268.95,8,Exchange Continuous
1IV2515A5,11:21:08,268.95,282,Exchange Continuous
1IV2515A4,11:21:08,268.95,155,Exchange Continuous
1IV2515A3,11:21:08,268.95,127,Exchange Continuous
1IV2515A0,11:20:52,269.00,39,Exchange Continuous
1IV25159Z,11:20:52,269.00,233,Exchange Continuous
1IV25159Y,11:20:52,269.00,50,Retail Matching Facility
1IV25159X,11:20:52,269.00,15,Retail Matching Facility
1IV25159W,11:20:51,269.05,150,Exchange Continuous
1IV25159V,11:20:51,269.05,268,Exchange Continuous
1IV25159U,11:20:51,269.05,35,Exchange Continuous
1IV25159T,11:20:51,269.05,268,Exchange Continuous
1IV25159S,11:20:51,269.05,268,Exchange Continuous
1IV25159R,11:20:51,269.05,509,Exchange Continuous
1IV25159Q,11:20:51,269.05,271,Exchange Continuous
1IV25159P,11:20:51,269.05,268,Exchange Continuous
1IV25159O,11:20:51,269.05,228,Exchange Continuous
1IV25159N,11:20:51,269.05,268,Exchange Continuous
1IV25159M,11:20:51,269.10,289,Exchange Continuous
1IV25159L,11:20:51,269.10,3,Exchange Continuous
1IV25159K,11:20:51,269.10,250,Exchange Continuous
1IV25159J,11:20:51,269.10,303,Exchange Continuous
1IV25159I,11:20:51,269.10,14,Exchange Continuous
1IV25159H,11:20:51,269.10,239,Exchange Continuous
1IV25159G,11:20:51,269.10,221,Exchange Continuous
1IV25159F,11:20:51,269.10,303,Exchange Continuous
1IV25159E,11:20:51,269.10,240,Exchange Continuous
1IV25159D,11:20:51,269.10,253,Exchange Continuous
1IV25159C,11:20:51,269.10,253,Exchange Continuous
1IV25159B,11:20:51,269.10,241,Exchange Continuous
1IV25159A,11:20:51,269.10,212,Exchange Continuous
1IV251599,11:20:51,269.10,253,Exchange Continuous
1IV251598,11:20:51,269.10,118,Exchange Continuous
1IV251597,11:20:51,269.10,216,Exchange Continuous
1IV251596,11:20:51,269.10,117,Exchange Continuous
1IV251595,11:20:51,269.10,70,Exchange Continuous
1IV251594,11:20:51,269.10,320,Exchange Continuous
1IV251593,11:20:51,269.10,303,Exchange Continuous
1IV251590,11:20:43,269.10,94,Exchange Continuous
1IV25158G,11:18:56,269.10,60,Retail Matching Facility
1IV251587,11:18:25,269.05,14,Exchange Continuous
1IV251586,11:18:25,269.05,10,Exchange Continuous
1IV251584,11:18:10,269.10,180,Exchange Continuous
1IV251583,11:18:10,269.10,221,Exchange Continuous
1IV251582,11:18:10,269.10,212,Exchange Continuous
1IV251581,11:18:10,269.10,221,Exchange Continuous
1IV251580,11:18:10,269.10,221,Exchange Continuous
1IV25157Z,11:18:10,269.10,365,Exchange Continuous
1IV25157Y,11:18:10,269.10,79,Exchange Continuous
1IV25157X,11:18:10,269.10,142,Exchange Continuous
1IV25157W,11:18:10,269.10,82,Exchange Continuous
1IV25157V,11:18:10,269.10,221,Exchange Continuous
1IV25157U,11:18:10,269.10,79,Exchange Continuous
1IV25157T,11:18:10,269.10,221,Exchange Continuous
1IV25157Q,11:16:49,269.10,251,Retail Matching Facility
1IV25157P,11:16:35,269.10,149,Exchange Continuous
1IV25157O,11:16:35,269.10,600,Retail Matching Facility
1IV25157N,11:16:15,269.00,114,Exchange Continuous
1IV25157M,11:16:12,269.05,227,Exchange Continuous
1IV25157L,11:16:12,269.05,303,Exchange Continuous
1IV25157K,11:16:12,269.05,570,Exchange Continuous
1IV25157J,11:16:08,269.05,303,Exchange Continuous
1IV25157I,11:16:08,269.05,873,Exchange Continuous
1IV25157H,11:16:07,269.05,570,Exchange Continuous
1IV25157G,11:16:07,269.05,303,Exchange Continuous
1IV25157F,11:16:07,269.05,449,Exchange Continuous
1IV25157E,11:16:07,269.05,424,Exchange Continuous
1IV25157D,11:16:07,269.05,25,Exchange Continuous
1IV25157C,11:16:07,269.05,256,Exchange Continuous
1IV25157B,11:16:07,269.05,109,Exchange Continuous
1IV25156Z,11:15:41,269.15,19,Exchange Continuous
1IV25156Y,11:15:41,269.15,354,Exchange Continuous
1IV25156X,11:15:41,269.15,225,Exchange Continuous
1IV25156W,11:15:41,269.15,91,Exchange Continuous
1IV25156V,11:15:41,269.15,422,Exchange Continuous
1IV25156U,11:15:41,269.15,303,Exchange Continuous
1IV251562,11:15:27,269.10,79,Exchange Continuous
1IV251561,11:15:27,269.10,79,Exchange Continuous
1IV251560,11:15:27,269.10,18,Retail Matching Facility
1IV25155Z,11:15:27,269.05,157,Exchange Continuous
1IV25155Y,11:15:27,269.05,233,Exchange Continuous
1IV25155X,11:15:18,269.05,223,Exchange Continuous
1IV25155W,11:15:18,269.05,163,Exchange Continuous
1IV25155V,11:15:18,269.00,77,Exchange Continuous
1IV25155U,11:15:18,269.00,77,Exchange Continuous
1IV25155T,11:15:12,268.95,70,Exchange Continuous
1IV25155S,11:15:12,268.95,7,Exchange Continuous
1IV25155R,11:15:12,268.95,10,Exchange Continuous
1IV25155Q,11:15:12,268.95,33,Exchange Continuous
1IV25155P,11:15:12,268.95,120,Exchange Continuous
1IV25154B,11:14:07,268.90,12,Exchange Continuous
1IV25154A,11:14:07,268.90,12,Exchange Continuous
1IV251549,11:14:07,268.90,172,Exchange Continuous
1IV251548,11:14:07,268.90,161,Exchange Continuous
1IV251547,11:14:04,268.85,64,Retail Matching Facility
1IV251546,11:14:03,268.85,40,Exchange Continuous
1IV25153M,11:13:12,268.85,20,Exchange Continuous
1IV25153L,11:13:12,268.85,20,Exchange Continuous
1IV25153K,11:13:12,268.90,2,Exchange Continuous
1IV25153J,11:13:12,268.85,164,Exchange Continuous
1IV25153I,11:13:12,268.85,70,Exchange Continuous
1IV25153F,11:13:07,268.85,240,Exchange Continuous
1IV25153E,11:13:07,268.85,303,Exchange Continuous
1IV25153D,11:13:07,268.85,167,Exchange Continuous
1IV25153C,11:13:07,268.85,40,Exchange Continuous
1IV25153B,11:13:07,268.85,360,Exchange Continuous
1IV25153A,11:13:07,268.85,567,Exchange Continuous
1IV251539,11:13:05,268.90,41,Exchange Continuous
1IV251538,11:13:04,268.95,303,Exchange Continuous
1IV25152V,11:12:56,268.95,113,Exchange Continuous
1IV25152T,11:12:29,268.90,237,Exchange Continuous
1IV25152S,11:12:29,268.90,186,Exchange Continuous
1IV25152R,11:12:29,268.90,257,Exchange Continuous
1IV25152Q,11:12:29,268.90,143,Exchange Continuous
1IV25152P,11:12:29,268.90,50,Exchange Continuous
1IV25152O,11:12:29,268.90,212,Exchange Continuous
1IV25152N,11:12:29,268.90,303,Exchange Continuous
1IV25152M,11:12:29,268.90,42,Retail Matching Facility
1IV25151M,11:11:18,268.85,167,Exchange Continuous
1IV25151L,11:11:08,268.85,32,Retail Matching Facility
1IV251517,11:11:02,268.80,4,Exchange Continuous
1IV251516,11:11:02,268.80,48,Exchange Continuous
1IV251515,11:11:02,268.80,143,Exchange Continuous
1IV251514,11:11:02,268.80,56,Exchange Continuous
1IV251513,11:11:02,268.80,70,Exchange Continuous
1IV251512,11:11:02,268.80,162,Exchange Continuous
1IV25150Z,11:10:57,268.80,70,Exchange Continuous
1IV25150Y,11:10:57,268.85,234,Exchange Continuous
1IV25150X,11:10:57,268.85,69,Exchange Continuous
1IV25150W,11:10:57,268.85,234,Exchange Continuous
1IV25150V,11:10:57,268.85,26,Exchange Continuous
1IV25150U,11:10:57,268.85,234,Exchange Continuous
1IV25150T,11:10:57,268.85,69,Exchange Continuous
1IV25150S,11:10:57,268.85,234,Exchange Continuous
1IV25150R,11:10:57,268.85,96,Exchange Continuous
1IV25150Q,11:10:57,268.85,69,Exchange Continuous
1IV25150P,11:10:57,268.85,165,Exchange Continuous
1IV25150O,11:10:57,268.85,240,Exchange Continuous
1IV25150N,11:10:57,268.85,234,Exchange Continuous
1IV25150M,11:10:57,268.85,171,Exchange Continuous
1IV25150L,11:10:57,268.85,69,Exchange Continuous
1IV25150K,11:10:57,268.85,171,Exchange Continuous
1IV25150J,11:10:57,268.85,63,Exchange Continuous
1IV25150I,11:10:57,268.85,240,Exchange Continuous
1IV25150H,11:10:57,268.85,234,Exchange Continuous
1IV25150G,11:10:57,268.85,151,Exchange Continuous
1IV25150F,11:10:57,268.85,89,Exchange Continuous
1IV25150E,11:10:57,268.85,255,Exchange Continuous
1IV251504,11:09:33,268.85,70,Exchange Continuous
1IV251503,11:09:33,268.85,129,Exchange Continuous
1IV251502,11:09:33,268.85,45,Exchange Continuous
1IV251501,11:09:30,268.85,234,Exchange Continuous
1IV251500,11:09:30,268.85,303,Exchange Continuous
1IV2514ZZ,11:09:30,268.85,5,Exchange Continuous
1IV2514ZW,11:09:17,268.90,108,Exchange Continuous
1IV2514ZV,11:09:17,268.90,70,Exchange Continuous
1IV2514ZU,11:09:13,268.90,35,Exchange Continuous
1IV2514ZT,11:09:13,268.90,261,Exchange Continuous
1IV2514ZS,11:09:13,268.90,261,Exchange Continuous
1IV2514ZR,11:09:12,268.90,42,Exchange Continuous
1IV2514ZQ,11:09:12,268.90,261,Exchange Continuous
1IV2514ZP,11:09:12,268.90,261,Exchange Continuous
1IV2514ZO,11:09:12,268.90,42,Exchange Continuous
1IV2514ZN,11:09:12,268.90,261,Exchange Continuous
1IV2514ZM,11:09:12,268.90,261,Exchange Continuous
1IV2514ZL,11:09:12,268.90,80,Exchange Continuous
1IV2514ZK,11:09:12,268.90,181,Exchange Continuous
1IV2514ZJ,11:09:12,268.90,80,Exchange Continuous
1IV2514ZI,11:09:12,268.90,117,Exchange Continuous
1IV2514ZH,11:09:12,268.90,261,Exchange Continuous
1IV2514ZG,11:09:12,268.90,142,Exchange Continuous
1IV2514ZF,11:09:10,268.95,196,Exchange Continuous
1IV2514ZE,11:09:10,268.95,244,Exchange Continuous
1IV2514ZD,11:09:10,268.95,31,Exchange Continuous
1IV2514Z2,11:08:15,268.90,157,Exchange Continuous
1IV2514Z1,11:08:15,268.90,49,Exchange Continuous
1IV2514Z0,11:08:15,268.90,212,Exchange Continuous
1IV2514YZ,11:08:15,268.90,41,Exchange Continuous
1IV2514YY,11:08:15,268.90,262,Exchange Continuous
1IV2514YX,11:08:15,268.90,40,Exchange Continuous
1IV2514YW,11:08:15,268.90,390,Retail Matching Facility
1IV2514YH,11:07:25,268.95,303,Exchange Continuous
1IV2514Y6,11:06:33,268.95,30,Retail Matching Facility
1IV2514Y5,11:06:23,269.00,10,Exchange Continuous
1IV2514Y4,11:06:23,269.00,10,Exchange Continuous
1IV2514Y2,11:06:09,269.10,50,Exchange Continuous
1IV2514Y1,11:06:06,269.10,93,Exchange Continuous
1IV2514Y0,11:06:02,269.15,212,Exchange Continuous
1IV2514XZ,11:05:50,269.20,70,Exchange Continuous
1IV2514XY,11:05:50,269.20,21,Exchange Continuous
1IV2514XX,11:05:43,269.20,15,Exchange Continuous
1IV2514XW,11:05:43,269.20,44,Exchange Continuous
1IV2514XV,11:05:43,269.20,44,Exchange Continuous
1IV2514XU,11:05:43,269.20,475,Exchange Continuous
1IV2514XT,11:05:43,269.20,684,Exchange Continuous
1IV2514XS,11:05:43,269.20,563,Exchange Continuous
1IV2514XR,11:05:43,269.20,235,Exchange Continuous
1IV2514XQ,11:05:43,269.20,303,Exchange Continuous
1IV2514XP,11:05:43,269.20,51,Exchange Continuous
1IV2514XO,11:05:43,269.25,320,Exchange Continuous
1IV2514XN,11:05:43,269.25,235,Exchange Continuous
1IV2514XM,11:05:43,269.25,303,Exchange Continuous
1IV2514XJ,11:05:17,269.30,26,Exchange Continuous
1IV2514XI,11:05:17,269.30,79,Exchange Continuous
1IV2514XH,11:05:17,269.30,26,Retail Matching Facility
1IV2514XF,11:05:05,269.25,105,Exchange Continuous
1IV2514XE,11:05:01,269.25,223,Retail Matching Facility
1IV2514XD,11:05:01,269.25,463,Exchange Continuous
1IV2514XC,11:05:01,269.25,92,Exchange Continuous
1IV2514XB,11:05:01,269.25,267,Retail Matching Facility
1IV2514XA,11:05:01,269.25,555,Retail Matching Facility
1IV2514X9,11:05:01,269.25,555,Exchange Continuous
1IV2514X8,11:05:01,269.25,645,Retail Matching Facility
1IV2514X7,11:05:01,269.25,555,Retail Matching Facility
1IV2514WX,11:04:36,269.30,30,Exchange Continuous
1IV2514WO,11:04:24,269.25,645,Retail Matching Facility
1IV2514WN,11:04:24,269.25,555,Retail Matching Facility
1IV2514WM,11:04:19,269.25,101,Exchange Continuous
1IV2514WL,11:04:15,269.30,19,Exchange Continuous
1IV2514WI,11:03:57,269.20,230,Exchange Continuous
1IV2514WH,11:03:57,269.20,230,Exchange Continuous
1IV2514W1,11:03:42,269.15,189,Exchange Continuous
1IV2514W0,11:03:42,269.15,101,Exchange Continuous
1IV2514VZ,11:03:42,269.15,23,Retail Matching Facility
1IV2514VO,11:02:47,269.15,212,Exchange Continuous
1IV2514VN,11:02:47,269.15,244,Exchange Continuous
1IV2514VM,11:02:47,269.20,239,Exchange Continuous
1IV2514VL,11:02:47,269.25,350,Exchange Continuous
1IV2514VK,11:02:47,269.25,47,Exchange Continuous
1IV2514VJ,11:02:47,269.25,47,Exchange Continuous
1IV2514VH,11:02:32,269.20,249,Exchange Continuous
1IV2514VG,11:02:32,269.20,238,Exchange Continuous
1IV2514VF,11:02:32,269.20,240,Exchange Continuous
1IV2514VE,11:02:32,269.20,142,Exchange Continuous
1IV2514VD,11:02:29,269.20,303,Exchange Continuous
1IV2514VC,11:02:29,269.20,42,Exchange Continuous
1IV2514VB,11:02:29,269.20,243,Exchange Continuous
1IV2514VA,11:02:29,269.20,189,Exchange Continuous
1IV2514V9,11:02:29,269.25,718,Exchange Continuous
1IV2514V8,11:02:29,269.25,503,Exchange Continuous
1IV2514V7,11:02:29,269.25,303,Exchange Continuous
1IV2514V6,11:02:29,269.25,88,Exchange Continuous
1IV2514V5,11:02:29,269.25,244,Exchange Continuous
1IV2514V4,11:02:28,269.25,259,Exchange Continuous
1IV2514V3,11:02:28,269.25,243,Exchange Continuous
1IV2514V2,11:02:28,269.30,80,Exchange Continuous
1IV2514V1,11:02:28,269.30,245,Exchange Continuous
1IV2514V0,11:02:28,269.30,263,Exchange Continuous
1IV2514UU,11:01:11,269.45,212,Exchange Continuous
1IV2514UT,11:01:11,269.50,358,Exchange Continuous
1IV2514US,11:01:01,269.25,192,Exchange Continuous
1IV2514UR,11:01:01,269.25,20,Exchange Continuous
1IV2514UJ,11:00:31,269.15,4,Exchange Continuous
1IV2514UF,11:00:11,269.20,72,Exchange Continuous
1IV2514UE,11:00:11,269.20,1,Exchange Continuous
1IV2514UA,11:00:02,269.20,191,Exchange Continuous
1IV2514U9,11:00:02,269.20,428,Exchange Continuous
1IV2514U8,11:00:02,269.20,144,Exchange Continuous
1IV2514U7,10:59:40,269.15,134,Exchange Continuous
1IV2514U6,10:59:40,269.15,55,Exchange Continuous
1IV2514U1,10:59:07,269.10,70,Exchange Continuous
1IV2514U0,10:59:07,269.10,141,Exchange Continuous
1IV2514TZ,10:59:07,269.10,337,Exchange Continuous
1IV2514TX,10:58:58,269.20,233,Exchange Continuous
1IV2514TW,10:58:58,269.20,552,Exchange Continuous
1IV2514TV,10:58:58,269.20,249,Exchange Continuous
1IV2514TU,10:58:57,269.20,303,Exchange Continuous
1IV2514TT,10:58:57,269.20,249,Exchange Continuous
1IV2514TS,10:58:57,269.20,303,Exchange Continuous
1IV2514TR,10:58:57,269.20,552,Exchange Continuous
1IV2514TQ,10:58:57,269.20,820,Exchange Continuous
1IV2514TP,10:58:57,269.25,175,Exchange Continuous
1IV2514TO,10:58:57,269.25,525,Exchange Continuous
1IV2514TN,10:58:57,269.25,272,Exchange Continuous
1IV2514TM,10:58:57,269.25,417,Exchange Continuous
1IV2514TL,10:58:57,269.25,272,Exchange Continuous
1IV2514TK,10:58:57,269.25,139,Exchange Continuous
1IV2514TJ,10:58:57,269.25,164,Exchange Continuous
1IV2514TI,10:58:57,269.25,108,Exchange Continuous
1IV2514TH,10:58:57,269.25,108,Exchange Continuous
1IV2514TG,10:58:57,269.25,212,Exchange Continuous
1IV2514TF,10:58:57,269.25,272,Exchange Continuous
1IV2514TE,10:58:57,269.25,205,Exchange Continuous
1IV2514TD,10:58:57,269.25,5,Exchange Continuous
1IV2514TC,10:58:57,269.25,28,Exchange Continuous
1IV2514TB,10:58:57,269.25,40,Exchange Continuous
1IV2514TA,10:58:57,269.25,35,Exchange Continuous
1IV2514SL,10:57:15,269.25,2,Exchange Continuous
1IV2514SK,10:57:15,269.25,2,Exchange Continuous
1IV2514SJ,10:57:08,269.20,39,Exchange Continuous
1IV2514SI,10:57:08,269.20,20,Exchange Continuous
1IV2514SH,10:57:02,269.25,4,Exchange Continuous
1IV2514SD,10:56:34,269.30,106,Exchange Continuous
1IV2514SC,10:56:33,269.35,157,Exchange Continuous
1IV2514SB,10:56:33,269.35,114,Exchange Continuous
1IV2514SA,10:56:33,269.35,114,Exchange Continuous
1IV2514S9,10:56:33,269.35,78,Exchange Continuous
1IV2514S8,10:56:33,269.35,463,Exchange Continuous
1IV2514S7,10:56:33,269.35,463,Exchange Continuous
1IV2514S6,10:56:33,269.35,131,Exchange Continuous
1IV2514S5,10:56:33,269.35,114,Exchange Continuous
1IV2514S4,10:56:33,269.35,349,Exchange Continuous
1IV2514S3,10:56:30,269.40,638,Exchange Continuous
1IV2514S2,10:56:30,269.40,212,Exchange Continuous
1IV2514S0,10:56:14,269.50,8,Retail Matching Facility
1IV2514RJ,10:55:48,269.50,2,Exchange Continuous
1IV2514RG,10:54:55,269.50,4,Exchange Continuous
1IV2514R7,10:54:08,269.45,70,Exchange Continuous
1IV2514R5,10:53:42,269.45,253,Exchange Continuous
1IV2514R4,10:53:42,269.45,47,Exchange Continuous
1IV2514R3,10:53:42,269.45,290,Exchange Continuous
1IV2514R2,10:53:42,269.45,10,Exchange Continuous
1IV2514R1,10:53:40,269.50,130,Exchange Continuous
1IV2514R0,10:53:40,269.55,33,Exchange Continuous
1IV2514QZ,10:53:40,269.55,179,Exchange Continuous
1IV2514QY,10:53:40,269.60,227,Exchange Continuous
1IV2514QX,10:53:40,269.60,70,Exchange Continuous
1IV2514QW,10:53:40,269.60,197,Exchange Continuous
1IV2514QV,10:53:40,269.60,337,Exchange Continuous
1IV2514QU,10:53:40,269.60,534,Exchange Continuous
1IV2514QT,10:53:40,269.60,534,Exchange Continuous
1IV2514QS,10:53:40,269.60,267,Exchange Continuous
1IV2514QR,10:53:40,269.60,267,Exchange Continuous
1IV2514QQ,10:53:39,269.65,1,Retail Matching Facility
1IV2514QP,10:53:32,269.65,337,Exchange Continuous
1IV2514QO,10:53:32,269.65,166,Exchange Continuous
1IV2514QN,10:53:32,269.65,81,Exchange Continuous
1IV2514QM,10:53:32,269.65,54,Exchange Continuous
1IV2514QH,10:51:36,269.70,58,Exchange Continuous
1IV2514QG,10:51:36,269.70,155,Exchange Continuous
1IV2514QF,10:51:36,269.70,6,Exchange Continuous
1IV2514QA,10:51:27,269.70,93,Exchange Continuous
1IV2514Q9,10:51:25,269.75,32,Exchange Continuous
1IV2514Q8,10:51:25,269.75,533,Exchange Continuous
1IV2514Q7,10:51:25,269.75,80,Exchange Continuous
1IV2514Q6,10:51:19,269.80,90,Exchange Continuous
1IV2514Q5,10:51:19,269.80,110,Exchange Continuous
1IV2514Q4,10:51:19,269.85,944,Exchange Continuous
1IV2514Q3,10:51:19,269.85,115,Exchange Continuous
1IV2514Q2,10:51:19,269.85,337,Exchange Continuous
1IV2514Q1,10:51:19,269.85,115,Exchange Continuous
1IV2514Q0,10:51:19,269.85,337,Exchange Continuous
1IV2514PZ,10:51:19,269.85,272,Exchange Continuous
1IV2514PY,10:51:19,269.85,30,Exchange Continuous
1IV2514PX,10:51:19,269.85,452,Exchange Continuous
1IV2514PW,10:51:19,269.85,9,Exchange Continuous
1IV2514PV,10:51:19,269.85,189,Exchange Continuous
1IV2514PU,10:51:19,269.85,270,Exchange Continuous
1IV2514PT,10:51:19,269.90,124,Exchange Continuous
1IV2514PS,10:51:19,269.90,234,Exchange Continuous
1IV2514PR,10:51:19,269.90,103,Exchange Continuous
1IV2514PQ,10:51:19,269.90,234,Exchange Continuous
1IV2514PP,10:51:19,269.90,71,Exchange Continuous
1IV2514PO,10:51:19,269.90,50,Exchange Continuous
1IV2514PN,10:51:19,269.90,234,Exchange Continuous
1IV2514PM,10:50:54,269.90,234,Exchange Continuous
1IV2514PL,10:50:54,269.90,234,Exchange Continuous
1IV2514PK,10:50:54,269.90,28,Exchange Continuous
1IV2514PJ,10:50:54,269.90,234,Exchange Continuous
1IV2514PI,10:50:54,269.90,31,Exchange Continuous
1IV2514PF,10:50:15,269.90,87,Exchange Continuous
1IV2514PE,10:50:15,269.90,526,Exchange Continuous
1IV2514PD,10:50:15,269.95,25,Exchange Continuous
1IV2514PC,10:50:15,269.95,25,Exchange Continuous
1IV2514OO,10:49:39,270.00,31,Exchange Continuous
1IV2514ON,10:49:34,270.10,7,Retail Matching Facility
1IV2514OC,10:48:08,270.00,33,Exchange Continuous
1IV2514OB,10:48:08,270.00,3,Exchange Continuous
1IV2514OA,10:47:58,270.05,305,Exchange Continuous
1IV2514O7,10:47:36,270.00,93,Exchange Continuous
1IV2514O3,10:47:14,270.05,662,Retail Matching Facility
1IV2514O2,10:47:14,270.10,211,Exchange Continuous
1IV2514O1,10:47:14,270.15,149,Exchange Continuous
1IV2514O0,10:47:14,270.20,70,Exchange Continuous
1IV2514NZ,10:47:14,270.20,118,Exchange Continuous
1IV2514NY,10:47:14,270.20,176,Exchange Continuous
1IV2514NX,10:47:14,270.20,439,Exchange Continuous
1IV2514NW,10:47:14,270.20,217,Exchange Continuous
1IV2514NR,10:46:52,270.25,70,Exchange Continuous
1IV2514NQ,10:46:44,270.20,207,Exchange Continuous
1IV2514NP,10:46:44,270.20,14,Exchange Continuous
1IV2514NO,10:46:44,270.20,56,Exchange Continuous
1IV2514N6,10:46:14,270.05,47,Exchange Continuous
1IV2514N5,10:46:13,270.05,81,Exchange Continuous
1IV2514N4,10:46:10,270.00,125,Exchange Continuous
1IV2514N3,10:46:06,269.90,254,Exchange Continuous
1IV2514N2,10:46:05,269.85,337,Exchange Continuous
1IV2514N1,10:46:05,269.85,755,Exchange Continuous
1IV2514N0,10:46:05,269.85,146,Exchange Continuous
1IV2514MZ,10:46:05,269.85,337,Exchange Continuous
1IV2514MY,10:46:05,269.85,483,Exchange Continuous
1IV2514MX,10:46:05,269.85,288,Exchange Continuous
1IV2514MW,10:46:05,269.85,130,Exchange Continuous
1IV2514MV,10:46:05,269.90,132,Exchange Continuous
1IV2514MU,10:46:05,269.90,242,Exchange Continuous
1IV2514MT,10:46:05,269.90,95,Exchange Continuous
1IV2514MS,10:46:05,269.90,242,Exchange Continuous
1IV2514MR,10:46:05,269.90,242,Exchange Continuous
1IV2514MQ,10:46:05,269.90,95,Exchange Continuous
1IV2514MP,10:46:05,269.90,242,Exchange Continuous
1IV2514MO,10:46:05,269.90,242,Exchange Continuous
1IV2514MN,10:46:05,269.90,95,Exchange Continuous
1IV2514MM,10:46:05,269.90,242,Exchange Continuous
1IV2514ML,10:46:05,269.90,242,Exchange Continuous
1IV2514MK,10:46:05,269.90,95,Exchange Continuous
1IV2514MJ,10:46:05,269.90,242,Exchange Continuous
1IV2514MI,10:46:05,269.90,125,Exchange Continuous
1IV2514MH,10:46:05,269.90,117,Exchange Continuous
1IV2514MG,10:46:05,269.90,117,Exchange Continuous
1IV2514MF,10:46:05,269.90,125,Exchange Continuous
1IV2514ME,10:46:05,269.90,95,Exchange Continuous
1IV2514MD,10:46:05,269.90,242,Exchange Continuous
1IV2514MC,10:46:05,269.90,242,Exchange Continuous
1IV2514MB,10:46:05,269.90,95,Exchange Continuous
1IV2514MA,10:46:05,269.90,242,Exchange Continuous
1IV2514M9,10:46:05,269.90,166,Exchange Continuous
1IV2514M8,10:46:05,269.90,242,Exchange Continuous
1IV2514M7,10:46:05,269.90,95,Exchange Continuous
1IV2514M6,10:46:05,269.90,242,Exchange Continuous
1IV2514M5,10:46:05,269.90,9,Exchange Continuous
1IV2514M4,10:46:05,269.90,10,Exchange Continuous
1IV2514M3,10:46:05,269.90,242,Exchange Continuous
1IV2514M2,10:46:05,269.90,166,Exchange Continuous
1IV2514M1,10:46:05,269.90,95,Exchange Continuous
1IV2514M0,10:46:05,269.90,242,Exchange Continuous
1IV2514LZ,10:46:05,269.90,76,Exchange Continuous
1IV2514LY,10:46:05,269.90,261,Exchange Continuous
1IV2514LX,10:46:05,269.90,166,Exchange Continuous
1IV2514LW,10:46:05,269.90,76,Exchange Continuous
1IV2514LV,10:46:05,269.90,261,Exchange Continuous
1IV2514LU,10:46:05,269.90,60,Exchange Continuous
1IV2514LT,10:46:05,269.90,242,Exchange Continuous
1IV2514LS,10:46:05,269.90,23,Exchange Continuous
1IV2514LR,10:46:05,269.90,238,Exchange Continuous
1IV2514LQ,10:46:05,269.90,242,Exchange Continuous
1IV2514LP,10:46:05,269.90,83,Exchange Continuous
1IV2514LO,10:46:05,269.90,83,Exchange Continuous
1IV2514LN,10:46:05,269.90,95,Exchange Continuous
1IV2514LM,10:46:05,269.90,242,Exchange Continuous
1IV2514LL,10:46:05,269.90,261,Exchange Continuous
1IV2514LK,10:46:05,269.90,158,Exchange Continuous
1IV2514LE,10:45:49,269.90,84,Exchange Continuous
1IV2514LD,10:45:49,269.90,299,Exchange Continuous
1IV2514LC,10:45:49,269.90,256,Exchange Continuous
1IV2514LB,10:45:49,269.90,70,Exchange Continuous
1IV2514LA,10:45:49,269.90,337,Exchange Continuous
1IV2514L9,10:45:45,269.90,2,Exchange Continuous
1IV2514L8,10:45:45,269.90,2,Exchange Continuous
1IV2514JS,10:40:58,269.70,212,Exchange Continuous
1IV2514JG,10:39:12,269.65,337,Exchange Continuous
1IV2514JE,10:38:52,269.65,36,Exchange Continuous
1IV2514JD,10:38:52,269.65,192,Exchange Continuous
1IV2514J5,10:38:24,269.70,40,Exchange Continuous
1IV2514J4,10:38:24,269.70,20,Exchange Continuous
1IV2514J3,10:38:24,269.75,1,Exchange Continuous
1IV2514J2,10:38:24,269.75,141,Exchange Continuous
1IV2514J1,10:38:24,269.75,337,Exchange Continuous
1IV2514J0,10:38:24,269.75,562,Exchange Continuous
1IV2514IZ,10:38:24,269.75,478,Exchange Continuous
1IV2514IY,10:38:24,269.75,406,Exchange Continuous
1IV2514IX,10:38:24,269.75,80,Exchange Continuous
1IV2514IW,10:38:24,269.75,34,Exchange Continuous
1IV2514IV,10:38:24,269.75,444,Exchange Continuous
1IV2514IU,10:38:24,269.80,462,Exchange Continuous
1IV2514IT,10:38:24,269.80,479,Exchange Continuous
1IV2514IS,10:38:24,269.80,261,Exchange Continuous
1IV2514IR,10:38:24,269.80,218,Exchange Continuous
1IV2514IQ,10:38:24,269.80,218,Exchange Continuous
1IV2514IP,10:38:24,269.80,130,Exchange Continuous
1IV2514IO,10:38:24,269.80,131,Exchange Continuous
1IV2514IN,10:38:24,269.80,99,Exchange Continuous
1IV2514IM,10:38:24,269.80,479,Exchange Continuous
1IV2514IL,10:38:24,269.80,275,Exchange Continuous
1IV2514IK,10:38:24,269.80,123,Exchange Continuous
1IV2514IJ,10:38:24,269.85,496,Exchange Continuous
1IV2514II,10:38:24,269.85,128,Exchange Continuous
1IV2514IH,10:38:24,269.85,277,Exchange Continuous
1IV2514IG,10:38:24,269.85,2 466,Exchange Continuous
1IV2514IF,10:38:24,269.85,78,Exchange Continuous
1IV2514IE,10:38:24,269.85,337,Exchange Continuous
1IV2514HW,10:37:44,269.90,1,Exchange Continuous
1IV2514HQ,10:36:46,269.95,205,Exchange Continuous
1IV2514HP,10:36:46,269.95,156,Exchange Continuous
1IV2514HO,10:36:46,269.95,49,Exchange Continuous
1IV2514HN,10:36:46,269.95,127,Exchange Continuous
1IV2514HM,10:36:46,269.95,105,Exchange Continuous
1IV2514HL,10:36:46,269.95,232,Exchange Continuous
1IV2514HK,10:36:46,269.95,188,Retail Matching Facility
1IV2514H8,10:36:28,270.05,172,Exchange Continuous
1IV2514H7,10:36:22,269.95,337,Exchange Continuous
1IV2514H6,10:36:22,269.95,233,Retail Matching Facility
1IV2514H5,10:36:22,269.95,302,Exchange Continuous
1IV2514H4,10:36:22,269.95,178,Exchange Continuous
1IV2514H3,10:36:22,269.95,40,Exchange Continuous
1IV2514H2,10:36:22,269.95,337,Exchange Continuous
1IV2514H1,10:36:22,269.95,555,Exchange Continuous
1IV2514H0,10:36:22,269.95,1 045,Exchange Continuous
1IV2514GZ,10:36:22,269.95,555,Exchange Continuous
1IV2514GY,10:36:22,269.95,555,Exchange Continuous
1IV2514GX,10:36:22,269.95,555,Exchange Continuous
1IV2514GW,10:36:22,269.95,4,Exchange Continuous
1IV2514GV,10:36:22,269.95,645,Retail Matching Facility
1IV2514GU,10:36:22,269.95,555,Retail Matching Facility
1IV2514GJ,10:34:52,269.90,337,Exchange Continuous
1IV2514GI,10:34:52,269.90,31,Exchange Continuous
1IV2514GH,10:34:52,269.90,24,Exchange Continuous
1IV2514GG,10:34:52,269.90,70,Exchange Continuous
1IV2514GE,10:34:46,269.90,420,Exchange Continuous
1IV2514G6,10:34:42,269.85,65,Exchange Continuous
1IV2514G5,10:34:42,269.85,143,Exchange Continuous
1IV2514G4,10:34:42,269.85,65,Exchange Continuous
1IV2514G3,10:34:42,269.85,337,Exchange Continuous
1IV2514G2,10:34:42,269.85,65,Exchange Continuous
1IV2514G1,10:34:42,269.85,480,Exchange Continuous
1IV2514G0,10:34:42,269.85,545,Exchange Continuous
1IV2514FZ,10:34:42,269.85,545,Exchange Continuous
1IV2514FY,10:34:38,269.90,40,Exchange Continuous
1IV2514FX,10:34:38,269.90,152,Exchange Continuous
1IV2514FC,10:34:25,269.95,9,Exchange Continuous
1IV2514FB,10:34:25,269.95,337,Exchange Continuous
1IV2514FA,10:34:25,269.95,117,Exchange Continuous
1IV2514F9,10:34:25,269.95,497,Exchange Continuous
1IV2514F8,10:34:25,269.95,207,Exchange Continuous
1IV2514F7,10:34:25,269.95,497,Exchange Continuous
1IV2514F6,10:34:25,269.95,117,Exchange Continuous
1IV2514F5,10:34:25,269.95,88,Exchange Continuous
1IV2514F4,10:34:25,269.95,614,Exchange Continuous
1IV2514F3,10:34:25,269.95,117,Exchange Continuous
1IV2514EN,10:33:51,270.00,70,Exchange Continuous
1IV2514EJ,10:33:45,270.05,73,Exchange Continuous
1IV2514EI,10:33:45,270.00,59,Exchange Continuous
1IV2514EH,10:33:45,270.00,41,Exchange Continuous
1IV2514EG,10:33:40,269.85,480,Exchange Continuous
1IV2514EF,10:33:40,269.85,271,Exchange Continuous
1IV2514EE,10:33:40,269.85,337,Exchange Continuous
1IV2514ED,10:33:40,269.85,31,Exchange Continuous
1IV2514EC,10:33:40,269.85,342,Exchange Continuous
1IV2514E8,10:33:11,269.90,128,Exchange Continuous
1IV2514D9,10:31:44,269.85,460,Exchange Continuous
1IV2514D8,10:31:44,269.85,184,Exchange Continuous
1IV2514D7,10:31:44,269.85,337,Exchange Continuous
1IV2514D6,10:31:44,269.85,339,Exchange Continuous
1IV2514D5,10:31:44,269.90,70,Exchange Continuous
1IV2514D4,10:31:44,269.90,337,Exchange Continuous
1IV2514D0,10:30:47,270.00,4,Retail Matching Facility
1IV2514CY,10:30:34,269.90,26,Retail Matching Facility
1IV2514CX,10:30:34,269.95,70,Exchange Continuous
1IV2514CW,10:30:34,269.95,337,Exchange Continuous
1IV2514CR,10:30:30,270.00,23,Retail Matching Facility
1IV2514CK,10:30:14,270.05,242,Exchange Continuous
1IV2514CJ,10:30:14,270.05,453,Exchange Continuous
1IV2514CI,10:30:12,270.05,453,Exchange Continuous
1IV2514CH,10:30:12,270.05,453,Exchange Continuous
1IV2514CD,10:30:09,270.10,11,Retail Matching Facility
1IV2514CC,10:30:06,270.05,116,Exchange Continuous
1IV2514CB,10:30:05,270.05,337,Exchange Continuous
1IV2514CA,10:30:05,270.05,60,Exchange Continuous
1IV2514C9,10:30:05,270.05,186,Exchange Continuous
1IV2514C8,10:30:05,270.05,453,Exchange Continuous
1IV2514C7,10:30:05,270.10,71,Exchange Continuous
1IV2514C6,10:30:05,270.10,266,Exchange Continuous
1IV2514C5,10:30:05,270.10,214,Exchange Continuous
1IV2514C4,10:30:05,270.10,266,Exchange Continuous
1IV2514C3,10:30:05,270.10,266,Exchange Continuous
1IV2514C2,10:30:05,270.10,237,Exchange Continuous
1IV2514C1,10:30:05,270.10,100,Exchange Continuous
1IV2514C0,10:30:05,270.10,137,Exchange Continuous
1IV2514BZ,10:30:05,270.10,129,Exchange Continuous
1IV2514BY,10:30:05,270.15,4,Exchange Continuous
1IV2514BX,10:30:05,270.15,337,Exchange Continuous
1IV2514BW,10:30:05,270.10,71,Exchange Continuous
1IV2514BV,10:30:05,270.10,266,Exchange Continuous
1IV2514BU,10:30:05,270.10,266,Exchange Continuous
1IV2514BT,10:30:05,270.10,71,Exchange Continuous
1IV2514BS,10:30:05,270.10,266,Exchange Continuous
1IV2514BR,10:30:05,270.10,208,Exchange Continuous
1IV2514BQ,10:30:05,270.10,213,Exchange Continuous
1IV2514BP,10:30:05,270.10,266,Exchange Continuous
1IV2514BO,10:30:05,270.10,227,Exchange Continuous
1IV2514BN,10:30:05,270.15,475,Exchange Continuous
1IV2514BM,10:30:05,270.15,39,Exchange Continuous
1IV2514BL,10:30:05,270.15,246,Exchange Continuous
1IV2514BK,10:30:05,270.15,70,Exchange Continuous
1IV2514BJ,10:30:05,270.15,420,Exchange Continuous
1IV2514BI,10:29:32,270.15,50,Exchange Continuous
1IV2514BH,10:29:32,270.15,20,Exchange Continuous
1IV2514B8,10:29:15,270.05,18,Exchange Continuous
1IV2514B6,10:28:41,269.95,58,Exchange Continuous
1IV2514B5,10:28:41,269.95,70,Exchange Continuous
1IV2514B4,10:28:38,269.95,260,Exchange Continuous
1IV2514B3,10:28:38,269.95,260,Exchange Continuous
1IV2514B2,10:28:38,269.95,260,Exchange Continuous
1IV2514B1,10:28:38,269.95,260,Exchange Continuous
1IV2514B0,10:28:38,269.95,104,Exchange Continuous
1IV2514AZ,10:28:38,269.95,70,Exchange Continuous
1IV2514AV,10:28:29,269.90,50,Exchange Continuous
1IV2514AU,10:28:29,269.80,500,Retail Matching Facility
1IV2514AT,10:28:29,269.75,23,Exchange Continuous
1IV2514AS,10:28:29,269.75,13,Exchange Continuous
1IV2514AR,10:28:29,269.75,36,Exchange Continuous
1IV2514AQ,10:28:29,269.75,7,Exchange Continuous
1IV2514AI,10:28:01,269.65,118,Exchange Continuous
1IV2514AH,10:28:01,269.65,480,Exchange Continuous
1IV2514AG,10:28:01,269.65,70,Exchange Continuous
1IV2514AF,10:28:01,269.65,272,Exchange Continuous
1IV2514AE,10:28:01,269.65,337,Exchange Continuous
1IV2514AD,10:28:01,269.65,239,Exchange Continuous
1IV2514AC,10:28:01,269.65,118,Exchange Continuous
1IV25149S,10:27:06,269.65,84,Exchange Continuous
1IV25149R,10:27:06,269.60,502,Exchange Continuous
1IV25149Q,10:27:06,269.60,100,Exchange Continuous
1IV25149P,10:27:06,269.60,73,Exchange Continuous
1IV25149O,10:27:06,269.60,100,Exchange Continuous
1IV25149N,10:26:54,269.55,50,Retail Matching Facility
1IV25149I,10:26:41,269.60,98,Exchange Continuous
1IV25149H,10:26:41,269.60,100,Exchange Continuous
1IV25149D,10:26:39,269.60,337,Exchange Continuous
1IV25149C,10:26:39,269.60,100,Exchange Continuous
1IV25149B,10:26:39,269.55,550,Exchange Continuous
1IV25149A,10:26:39,269.50,146,Exchange Continuous
1IV251499,10:26:39,269.50,197,Exchange Continuous
1IV25148E,10:25:40,269.40,292,Exchange Continuous
1IV25148D,10:25:40,269.40,33,Exchange Continuous
1IV25148B,10:25:34,269.25,23,Exchange Continuous
1IV25148A,10:25:10,269.20,3,Exchange Continuous
1IV251482,10:24:24,269.15,92,Exchange Continuous
1IV251481,10:24:21,269.15,257,Exchange Continuous
1IV251480,10:24:21,269.15,283,Exchange Continuous
1IV25147P,10:23:53,269.20,520,Exchange Continuous
1IV25147O,10:23:53,269.20,337,Exchange Continuous
1IV25147N,10:23:53,269.20,70,Exchange Continuous
1IV25147K,10:23:45,269.25,55,Exchange Continuous
1IV25147J,10:23:45,269.25,282,Exchange Continuous
1IV25147I,10:23:45,269.25,189,Exchange Continuous
1IV25147H,10:23:45,269.25,282,Exchange Continuous
1IV25147G,10:23:45,269.30,3,Exchange Continuous
1IV25147F,10:23:45,269.30,229,Exchange Continuous
1IV25147E,10:23:45,269.30,229,Exchange Continuous
1IV25147D,10:23:45,269.30,108,Exchange Continuous
1IV25147C,10:23:45,269.30,229,Exchange Continuous
1IV25147B,10:23:45,269.30,229,Exchange Continuous
1IV25147A,10:23:45,269.30,108,Exchange Continuous
1IV251479,10:23:45,269.30,229,Exchange Continuous
1IV251478,10:23:45,269.30,229,Exchange Continuous
1IV251477,10:23:45,269.30,108,Exchange Continuous
1IV251476,10:23:45,269.30,229,Exchange Continuous
1IV251475,10:23:45,269.30,41,Exchange Continuous
1IV251474,10:23:45,269.30,229,Exchange Continuous
1IV251473,10:23:45,269.30,229,Exchange Continuous
1IV251472,10:23:45,269.30,108,Exchange Continuous
1IV251471,10:23:45,269.30,229,Exchange Continuous
1IV251470,10:23:45,269.30,229,Exchange Continuous
1IV25146Z,10:23:45,269.30,229,Exchange Continuous
1IV25146Y,10:23:45,269.30,229,Exchange Continuous
1IV25146X,10:23:45,269.30,229,Exchange Continuous
1IV25146W,10:23:45,269.30,11,Exchange Continuous
1IV25146V,10:23:45,269.30,229,Exchange Continuous
1IV25146U,10:23:45,269.30,229,Exchange Continuous
1IV25146P,10:23:45,269.30,229,Exchange Continuous
1IV25146O,10:23:44,269.30,229,Exchange Continuous
1IV25146N,10:23:44,269.30,108,Exchange Continuous
1IV25146M,10:23:44,269.30,229,Exchange Continuous
1IV25146L,10:23:44,269.30,240,Exchange Continuous
1IV25146K,10:23:44,269.30,358,Exchange Continuous
1IV25146J,10:23:44,269.30,229,Exchange Continuous
1IV25146I,10:23:44,269.30,213,Exchange Continuous
1IV25146H,10:23:44,269.30,402,Exchange Continuous
1IV25146G,10:23:44,269.30,70,Exchange Continuous
1IV25146F,10:23:44,269.30,376,Exchange Continuous
1IV25145Z,10:23:14,269.30,381,Exchange Continuous
1IV25145Y,10:23:14,269.30,13,Exchange Continuous
1IV251457,10:21:43,269.30,13,Exchange Continuous
1IV251456,10:21:43,269.30,57,Exchange Continuous
1IV251455,10:21:42,269.30,337,Exchange Continuous
1IV25144P,10:21:28,269.30,253,Exchange Continuous
1IV25144O,10:21:28,269.30,253,Exchange Continuous
1IV25144N,10:21:28,269.30,231,Exchange Continuous
1IV25144M,10:21:22,269.30,118,Exchange Continuous
1IV25144L,10:21:22,269.30,196,Exchange Continuous
1IV25144K,10:21:22,269.30,29,Exchange Continuous
1IV25144J,10:21:22,269.30,300,Exchange Continuous
1IV25144I,10:21:22,269.25,70,Exchange Continuous
1IV25144H,10:21:22,269.25,33,Exchange Continuous
1IV25143V,10:20:48,269.05,117,Exchange Continuous
1IV25143U,10:20:48,269.05,298,Exchange Continuous
1IV25143T,10:20:48,269.00,70,Exchange Continuous
1IV25143S,10:20:48,269.00,363,Exchange Continuous
1IV25143R,10:20:48,269.00,6,Exchange Continuous
1IV25143Q,10:20:48,269.00,97,Exchange Continuous
1IV25143P,10:20:48,269.00,3,Exchange Continuous
1IV25143O,10:20:48,269.00,337,Exchange Continuous
1IV25143N,10:20:48,269.00,520,Exchange Continuous
1IV25143M,10:20:48,269.00,182,Exchange Continuous
1IV25143L,10:20:48,269.00,101,Exchange Continuous
1IV25143K,10:20:48,269.00,281,Exchange Continuous
1IV25143J,10:20:48,269.00,58,Exchange Continuous
1IV25143I,10:20:48,269.00,100,Exchange Continuous
1IV25143H,10:20:48,268.90,239,Exchange Continuous
1IV25143G,10:20:48,268.90,124,Exchange Continuous
1IV25143F,10:20:48,268.90,216,Exchange Continuous
1IV25143E,10:20:48,268.90,30,Retail Matching Facility
1IV25142R,10:19:25,269.00,70,Exchange Continuous
1IV25142Q,10:19:25,269.00,100,Exchange Continuous
1IV25142P,10:19:25,269.00,15,Retail Matching Facility
1IV25142I,10:18:25,268.90,91,Exchange Continuous
1IV25142C,10:18:01,268.80,47,Exchange Continuous
1IV25142B,10:17:52,268.75,353,Exchange Continuous
1IV251429,10:17:37,268.70,212,Exchange Continuous
1IV251428,10:17:37,268.70,39,Exchange Continuous
1IV251427,10:17:37,268.70,214,Exchange Continuous
1IV251426,10:17:27,268.75,70,Exchange Continuous
1IV251425,10:17:27,268.75,41,Exchange Continuous
1IV251424,10:17:27,268.75,122,Exchange Continuous
1IV251423,10:17:27,268.75,51,Exchange Continuous
1IV251422,10:17:27,268.75,143,Exchange Continuous
1IV251421,10:17:27,268.75,194,Exchange Continuous
1IV251420,10:17:27,268.75,233,Retail Matching Facility
1IV25141H,10:16:06,268.80,145,Exchange Continuous
1IV25141G,10:16:06,268.80,60,Exchange Continuous
1IV251418,10:16:03,268.75,480,Exchange Continuous
1IV251417,10:16:03,268.75,82,Exchange Continuous
1IV251416,10:16:03,268.75,480,Exchange Continuous
1IV251415,10:16:03,268.75,562,Exchange Continuous
1IV251413,10:16:02,268.80,287,Exchange Continuous
1IV251412,10:16:02,268.80,136,Exchange Continuous
1IV251411,10:16:01,268.80,337,Exchange Continuous
1IV251410,10:16:01,268.80,473,Exchange Continuous
1IV25140Z,10:16:01,268.80,473,Exchange Continuous
1IV25140Y,10:16:01,268.80,473,Exchange Continuous
1IV25140X,10:16:00,268.85,2 976,Exchange Continuous
1IV25140W,10:16:00,268.90,361,Exchange Continuous
1IV25140I,10:15:31,268.90,15,Retail Matching Facility
1IV25140D,10:15:07,268.90,70,Exchange Continuous
1IV25140C,10:15:07,268.90,266,Exchange Continuous
1IV25140B,10:15:07,268.90,413,Exchange Continuous
1IV25140A,10:15:07,268.90,67,Exchange Continuous
1IV251409,10:15:07,268.90,303,Exchange Continuous
1IV251408,10:15:07,268.90,379,Exchange Continuous
1IV251407,10:15:01,268.95,32,Exchange Continuous
1IV251406,10:15:01,268.90,41,Exchange Continuous
1IV251405,10:14:50,268.85,3,Exchange Continuous
1IV251404,10:14:50,268.85,4,Exchange Continuous
1IV251403,10:14:30,268.80,24,Exchange Continuous
1IV251402,10:14:30,268.80,81,Exchange Continuous
1IV251401,10:14:13,268.80,12,Exchange Continuous
1IV251400,10:14:13,268.80,48,Exchange Continuous
1IV2513ZZ,10:14:13,268.80,182,Exchange Continuous
1IV2513ZX,10:14:08,268.75,10,Exchange Continuous
1IV2513ZW,10:14:08,268.75,13,Exchange Continuous
1IV2513ZV,10:14:08,268.70,119,Exchange Continuous
1IV2513ZU,10:14:08,268.65,10,Exchange Continuous
1IV2513ZT,10:14:08,268.65,1,Exchange Continuous
1IV2513ZS,10:14:06,268.65,11,Exchange Continuous
1IV2513ZR,10:14:05,268.65,251,Exchange Continuous
1IV2513ZQ,10:14:05,268.65,251,Exchange Continuous
1IV2513ZP,10:14:05,268.65,229,Exchange Continuous
1IV2513ZO,10:14:05,268.65,251,Exchange Continuous
1IV2513ZN,10:14:05,268.65,52,Exchange Continuous
1IV2513ZM,10:14:05,268.65,251,Exchange Continuous
1IV2513ZL,10:14:05,268.65,251,Exchange Continuous
1IV2513ZK,10:14:05,268.65,398,Exchange Continuous
1IV2513ZJ,10:14:05,268.65,266,Exchange Continuous
1IV2513ZI,10:14:05,268.65,79,Exchange Continuous
1IV2513ZH,10:14:05,268.65,213,Exchange Continuous
1IV2513ZG,10:14:05,268.65,251,Exchange Continuous
1IV2513YO,10:12:56,268.65,213,Exchange Continuous
1IV2513YN,10:12:56,268.65,480,Exchange Continuous
1IV2513YM,10:12:56,268.65,145,Exchange Continuous
1IV2513YL,10:12:56,268.65,128,Exchange Continuous
1IV2513YK,10:12:56,268.65,303,Exchange Continuous
1IV2513YJ,10:12:56,268.65,81,Exchange Continuous
1IV2513YI,10:12:56,268.65,35,Exchange Continuous
1IV2513YH,10:12:56,268.65,361,Exchange Continuous
1IV2513YG,10:12:56,268.65,27,Exchange Continuous
1IV2513XS,10:12:05,268.70,150,Exchange Continuous
1IV2513XR,10:12:05,268.70,23,Exchange Continuous
1IV2513XQ,10:12:05,268.70,55,Exchange Continuous
1IV2513XP,10:12:05,268.70,96,Exchange Continuous
1IV2513WM,10:10:38,268.55,127,Exchange Continuous
1IV2513WG,10:10:36,268.45,56,Retail Matching Facility
1IV2513WA,10:10:09,268.45,7,Exchange Continuous
1IV2513W9,10:10:09,268.45,7,Exchange Continuous
1IV2513W8,10:10:08,268.40,13,Exchange Continuous
1IV2513W7,10:10:07,268.35,70,Exchange Continuous
1IV2513W6,10:10:07,268.35,278,Exchange Continuous
1IV2513V5,10:09:27,268.30,192,Exchange Continuous
1IV2513V4,10:09:27,268.30,111,Exchange Continuous
1IV2513V3,10:09:27,268.30,81,Exchange Continuous
1IV2513V2,10:09:20,268.30,70,Exchange Continuous
1IV2513V1,10:09:20,268.30,23,Exchange Continuous
1IV2513UY,10:09:07,268.25,36,Exchange Continuous
1IV2513UX,10:09:07,268.20,303,Exchange Continuous
1IV2513UW,10:08:38,268.10,385,Exchange Continuous
1IV2513UV,10:08:38,268.10,385,Exchange Continuous
1IV2513UU,10:08:36,268.15,28,Exchange Continuous
1IV2513UT,10:08:36,268.15,492,Exchange Continuous
1IV2513US,10:08:36,268.15,492,Exchange Continuous
1IV2513UR,10:08:36,268.15,505,Exchange Continuous
1IV2513UQ,10:08:36,268.15,275,Exchange Continuous
1IV2513UP,10:08:36,268.15,492,Exchange Continuous
1IV2513UO,10:08:36,268.15,303,Exchange Continuous
1IV2513UN,10:08:36,268.20,48,Exchange Continuous
1IV2513UK,10:08:22,268.25,80,Exchange Continuous
1IV2513UJ,10:08:22,268.30,181,Exchange Continuous
1IV2513UI,10:08:22,268.30,3 000,Exchange Continuous
1IV2513UE,10:08:16,268.35,33,Exchange Continuous
1IV2513UD,10:08:16,268.35,35,Exchange Continuous
1IV2513UC,10:08:05,268.30,213,Exchange Continuous
1IV2513UB,10:08:05,268.30,89,Exchange Continuous
1IV2513UA,10:08:05,268.30,134,Exchange Continuous
1IV2513U9,10:08:05,268.30,15,Exchange Continuous
1IV2513U8,10:07:54,268.35,275,Exchange Continuous
1IV2513U7,10:07:54,268.35,201,Exchange Continuous
1IV2513U6,10:07:54,268.35,303,Exchange Continuous
1IV2513U5,10:07:54,268.35,480,Exchange Continuous
1IV2513U4,10:07:54,268.35,25,Exchange Continuous
1IV2513U3,10:07:54,268.35,61,Retail Matching Facility
1IV2513U2,10:07:50,268.15,25,Exchange Continuous
1IV2513U1,10:07:50,268.10,29,Exchange Continuous
1IV2513U0,10:07:50,268.10,199,Exchange Continuous
1IV2513TZ,10:07:50,268.10,12,Exchange Continuous
1IV2513TY,10:07:50,268.05,129,Exchange Continuous
1IV2513TX,10:07:44,268.00,70,Exchange Continuous
1IV2513TW,10:07:44,268.00,215,Exchange Continuous
1IV2513TV,10:07:44,268.00,285,Exchange Continuous
1IV2513TP,10:07:21,268.05,33,Exchange Continuous
1IV2513TO,10:07:21,268.05,302,Exchange Continuous
1IV2513TN,10:07:10,268.00,62,Exchange Continuous
1IV2513TM,10:07:10,268.00,57,Exchange Continuous
1IV2513TL,10:07:10,267.95,82,Exchange Continuous
1IV2513TK,10:07:10,267.95,70,Exchange Continuous
1IV2513TJ,10:07:10,267.95,15,Exchange Continuous
1IV2513TI,10:07:07,267.90,303,Exchange Continuous
1IV2513TH,10:07:07,267.90,70,Exchange Continuous
1IV2513TG,10:07:07,267.90,54,Exchange Continuous
1IV2513TB,10:06:46,267.85,190,Exchange Continuous
1IV2513TA,10:06:46,267.85,207,Exchange Continuous
1IV2513T9,10:06:45,267.80,207,Exchange Continuous
1IV2513T8,10:06:45,267.80,500,Exchange Continuous
1IV2513T7,10:06:45,267.80,500,Exchange Continuous
1IV2513T6,10:06:41,267.90,1,Exchange Continuous
1IV2513T5,10:06:39,267.90,123,Exchange Continuous
1IV2513T4,10:06:39,267.95,2,Exchange Continuous
1IV2513T3,10:06:39,267.95,49,Exchange Continuous
1IV2513T2,10:06:39,267.95,480,Exchange Continuous
1IV2513T1,10:06:35,268.05,189,Exchange Continuous
1IV2513T0,10:06:35,268.05,669,Exchange Continuous
1IV2513SZ,10:06:35,268.05,303,Exchange Continuous
1IV2513SY,10:06:35,268.05,972,Exchange Continuous
1IV2513SX,10:06:35,268.05,1,Exchange Continuous
1IV2513SW,10:06:35,268.10,148,Exchange Continuous
1IV2513SV,10:06:35,268.10,12,Exchange Continuous
1IV2513SU,10:06:35,268.10,219,Exchange Continuous
1IV2513ST,10:06:35,268.10,12,Exchange Continuous
1IV2513SS,10:06:35,268.10,219,Exchange Continuous
1IV2513SR,10:06:35,268.10,12,Exchange Continuous
1IV2513SQ,10:06:35,268.10,655,Exchange Continuous
1IV2513SP,10:06:35,268.10,231,Exchange Continuous
1IV2513SO,10:06:35,268.10,72,Exchange Continuous
1IV2513SN,10:06:35,268.10,231,Exchange Continuous
1IV2513SM,10:06:35,268.10,79,Exchange Continuous
1IV2513SL,10:06:35,268.10,5,Exchange Continuous
1IV2513SK,10:06:35,268.10,231,Exchange Continuous
1IV2513SJ,10:06:35,268.10,571,Exchange Continuous
1IV2513SH,10:06:25,268.10,537,Exchange Continuous
1IV2513S5,10:05:46,268.10,1 000,Retail Matching Facility
1IV2513S4,10:05:45,268.10,16,Exchange Continuous
1IV2513S3,10:05:45,268.10,406,Exchange Continuous
1IV2513S2,10:05:45,268.10,16,Exchange Continuous
1IV2513S1,10:05:44,268.10,303,Exchange Continuous
1IV2513S0,10:05:44,268.05,84,Exchange Continuous
1IV2513RZ,10:05:44,268.05,15,Exchange Continuous
1IV2513RY,10:05:44,268.05,202,Exchange Continuous
1IV2513RX,10:05:44,268.00,240,Exchange Continuous
1IV2513RW,10:05:44,268.00,84,Exchange Continuous
1IV2513RV,10:05:44,268.00,303,Exchange Continuous
1IV2513RU,10:05:44,268.00,70,Exchange Continuous
1IV2513RT,10:05:37,267.95,14,Exchange Continuous
1IV2513RS,10:05:37,267.95,70,Exchange Continuous
1IV2513RR,10:05:37,267.95,303,Exchange Continuous
1IV2513RQ,10:05:37,267.95,600,Retail Matching Facility
1IV2513RO,10:05:29,267.85,42,Exchange Continuous
1IV2513RN,10:05:29,267.85,42,Exchange Continuous
1IV2513RM,10:05:29,267.85,406,Exchange Continuous
1IV2513RL,10:05:29,267.85,406,Exchange Continuous
1IV2513RK,10:05:29,267.90,15,Exchange Continuous
1IV2513RJ,10:05:29,267.90,70,Exchange Continuous
1IV2513RI,10:05:29,267.90,303,Exchange Continuous
1IV2513RH,10:05:29,267.90,211,Exchange Continuous
1IV2513RG,10:05:29,267.90,52,Exchange Continuous
1IV2513RF,10:05:24,267.90,303,Exchange Continuous
1IV2513RE,10:05:23,267.85,379,Exchange Continuous
1IV2513RD,10:05:23,267.80,38,Exchange Continuous
1IV2513RC,10:05:23,267.80,100,Exchange Continuous
1IV2513RB,10:05:20,267.75,198,Exchange Continuous
1IV2513RA,10:05:20,267.75,198,Exchange Continuous
1IV2513R9,10:05:20,267.65,303,Exchange Continuous
1IV2513R8,10:05:20,267.65,282,Exchange Continuous
1IV2513R7,10:05:20,267.70,303,Exchange Continuous
1IV2513R6,10:05:20,267.70,270,Exchange Continuous
1IV2513R5,10:05:20,267.70,11,Exchange Continuous
1IV2513R2,10:05:12,267.80,45,Exchange Continuous
1IV2513R1,10:05:12,267.80,224,Exchange Continuous
1IV2513R0,10:05:09,267.90,119,Exchange Continuous
1IV2513QZ,10:05:09,267.95,303,Exchange Continuous
1IV2513QY,10:05:09,268.00,240,Exchange Continuous
1IV2513QX,10:05:09,268.00,160,Exchange Continuous
1IV2513QW,10:05:09,268.00,202,Exchange Continuous
1IV2513QV,10:05:09,268.00,118,Exchange Continuous
1IV2513QU,10:05:09,268.00,70,Exchange Continuous
1IV2513QT,10:05:03,268.00,70,Exchange Continuous
1IV2513QS,10:05:03,268.00,270,Exchange Continuous
1IV2513QR,10:05:03,268.00,210,Exchange Continuous
1IV2513QQ,10:05:03,268.00,609,Exchange Continuous
1IV2513QP,10:05:03,268.00,131,Exchange Continuous
1IV2513QO,10:05:03,268.00,250,Exchange Continuous
1IV2513QN,10:05:03,268.00,100,Exchange Continuous
1IV2513QM,10:05:03,268.05,289,Exchange Continuous
1IV2513QL,10:05:03,268.05,50,Exchange Continuous
1IV2513QK,10:05:03,268.05,50,Exchange Continuous
1IV2513QJ,10:05:03,268.05,1 250,Exchange Continuous
1IV2513QI,10:05:03,268.15,240,Exchange Continuous
1IV2513QH,10:05:03,268.20,240,Exchange Continuous
1IV2513QG,10:05:03,268.20,184,Exchange Continuous
1IV2513QF,10:05:03,268.20,118,Exchange Continuous
1IV2513QE,10:05:03,268.20,360,Exchange Continuous
1IV2513QD,10:05:03,268.20,279,Exchange Continuous
1IV2513QC,10:05:03,268.20,160,Exchange Continuous
1IV2513QB,10:05:03,268.20,270,Exchange Continuous
1IV2513QA,10:05:03,268.15,1,Exchange Continuous
1IV2513Q9,10:05:03,268.15,240,Exchange Continuous
1IV2513Q8,10:05:03,268.15,190,Exchange Continuous
1IV2513Q7,10:05:03,268.15,70,Exchange Continuous
1IV2513Q6,10:05:03,268.15,300,Exchange Continuous
1IV2513Q5,10:05:03,268.15,194,Exchange Continuous
1IV2513Q4,10:05:03,268.15,417,Exchange Continuous
1IV2513Q2,10:04:51,268.10,520,Exchange Continuous
1IV2513Q1,10:04:51,268.10,100,Exchange Continuous
1IV2513Q0,10:04:51,268.10,4,Exchange Continuous
1IV2513PZ,10:04:50,268.20,186,Exchange Continuous
1IV2513PY,10:04:50,268.20,438,Exchange Continuous
1IV2513PX,10:04:50,268.20,176,Exchange Continuous
1IV2513PW,10:04:49,268.20,167,Exchange Continuous
1IV2513PV,10:04:49,268.20,2 492,Exchange Continuous
1IV2513PU,10:04:48,268.25,117,Exchange Continuous
1IV2513PT,10:04:48,268.30,294,Exchange Continuous
1IV2513PS,10:04:48,268.30,192,Exchange Continuous
1IV2513PR,10:04:48,268.30,194,Exchange Continuous
1IV2513PQ,10:04:48,268.30,303,Exchange Continuous
1IV2513PO,10:04:16,268.55,64,Exchange Continuous
1IV2513PN,10:04:16,268.55,303,Exchange Continuous
1IV2513PM,10:04:16,268.55,629,Exchange Continuous
1IV2513PL,10:04:16,268.55,474,Exchange Continuous
1IV2513PK,10:04:16,268.55,3,Exchange Continuous
1IV2513PJ,10:04:16,268.55,474,Exchange Continuous
1IV2513PI,10:04:16,268.55,625,Exchange Continuous
1IV2513PH,10:04:16,268.55,1,Exchange Continuous
1IV2513PG,10:04:16,268.60,97,Exchange Continuous
1IV2513PF,10:04:16,268.60,100,Exchange Continuous
1IV2513PE,10:04:16,268.60,100,Exchange Continuous
1IV2513PD,10:04:16,268.60,50,Exchange Continuous
1IV2513PC,10:04:16,268.60,50,Exchange Continuous
1IV2513PB,10:04:16,268.60,50,Exchange Continuous
1IV2513PA,10:04:16,268.60,50,Exchange Continuous
1IV2513P9,10:04:16,268.60,100,Exchange Continuous
1IV2513P8,10:04:16,268.60,203,Exchange Continuous
1IV2513P7,10:04:16,268.60,100,Exchange Continuous
1IV2513P6,10:04:16,268.60,100,Exchange Continuous
1IV2513P1,10:04:03,268.65,118,Exchange Continuous
1IV2513P0,10:04:03,268.65,303,Exchange Continuous
1IV2513OZ,10:04:03,268.65,1,Exchange Continuous
1IV2513OQ,10:04:01,268.75,213,Exchange Continuous
1IV2513OG,10:03:39,268.85,287,Exchange Continuous
1IV2513OF,10:03:39,268.85,96,Exchange Continuous
1IV2513OE,10:03:39,268.85,4,Exchange Continuous
1IV2513OD,10:03:23,268.80,33,Exchange Continuous
1IV2513OC,10:03:23,268.80,303,Exchange Continuous
1IV2513OB,10:03:23,268.80,20,Exchange Continuous
1IV2513OA,10:03:23,268.80,20,Exchange Continuous
1IV2513O9,10:03:23,268.80,5,Retail Matching Facility
1IV2513O8,10:03:21,268.85,401,Exchange Continuous
1IV2513O7,10:03:19,268.85,219,Exchange Continuous
1IV2513O6,10:03:19,268.85,12,Exchange Continuous
1IV2513O5,10:03:19,268.85,12,Exchange Continuous
1IV2513O4,10:03:19,268.85,28,Exchange Continuous
1IV2513O3,10:03:19,268.85,191,Exchange Continuous
1IV2513O2,10:03:15,268.80,218,Exchange Continuous
1IV2513O1,10:03:15,268.80,182,Exchange Continuous
1IV2513NZ,10:03:07,268.75,184,Exchange Continuous
1IV2513NY,10:03:07,268.75,1,Exchange Continuous
1IV2513NX,10:03:07,268.75,183,Exchange Continuous
1IV2513NT,10:03:00,268.70,151,Exchange Continuous
1IV2513NS,10:03:00,268.80,31,Exchange Continuous
1IV2513NR,10:03:00,268.80,2,Exchange Continuous
1IV2513NQ,10:03:00,268.80,70,Exchange Continuous
1IV2513NP,10:02:54,268.90,72,Exchange Continuous
1IV2513NO,10:02:54,268.90,81,Exchange Continuous
1IV2513NN,10:02:54,268.90,18,Exchange Continuous
1IV2513NM,10:02:54,268.90,43,Exchange Continuous
1IV2513NL,10:02:54,268.95,446,Exchange Continuous
1IV2513NK,10:02:54,269.00,72,Exchange Continuous
1IV2513NJ,10:02:54,269.00,170,Exchange Continuous
1IV2513NI,10:02:54,269.00,280,Exchange Continuous
1IV2513NH,10:02:54,269.00,45,Exchange Continuous
1IV2513NG,10:02:54,269.00,8,Exchange Continuous
1IV2513NF,10:02:54,269.00,50,Retail Matching Facility
1IV2513NE,10:02:54,269.00,15,Retail Matching Facility
1IV2513ND,10:02:54,269.00,300,Retail Matching Facility
1IV2513NC,10:02:54,269.00,30,Retail Matching Facility
1IV2513NB,10:02:54,269.05,303,Exchange Continuous
1IV2513NA,10:02:54,269.05,277,Exchange Continuous
1IV2513N9,10:02:54,269.05,5,Exchange Continuous
1IV2513N8,10:02:54,269.05,625,Exchange Continuous
1IV2513N7,10:02:54,269.05,264,Exchange Continuous
1IV2513N6,10:02:54,269.05,1,Exchange Continuous
1IV2513MU,10:02:13,269.10,228,Exchange Continuous
1IV2513MT,10:02:13,269.10,303,Exchange Continuous
1IV2513MS,10:02:13,269.10,51,Exchange Continuous
1IV2513MR,10:02:13,269.10,240,Exchange Continuous
1IV2513MQ,10:02:13,269.10,291,Exchange Continuous
1IV2513MP,10:02:13,269.10,531,Exchange Continuous
1IV2513MO,10:02:13,269.10,50,Exchange Continuous
1IV2513MN,10:02:13,269.10,1,Exchange Continuous
1IV2513MM,10:02:13,269.10,50,Retail Matching Facility
1IV2513ML,10:02:13,269.10,25,Retail Matching Facility
1IV2513MK,10:02:13,269.10,300,Retail Matching Facility
1IV2513MJ,10:02:13,269.15,21,Exchange Continuous
1IV2513MI,10:02:12,269.15,896,Exchange Continuous
1IV2513MH,10:02:12,269.15,896,Exchange Continuous
1IV2513MG,10:02:12,269.15,150,Exchange Continuous
1IV2513ME,10:02:08,269.20,271,Retail Matching Facility
1IV2513MA,10:01:27,269.10,9,Exchange Continuous
1IV2513LQ,10:00:32,269.15,303,Exchange Continuous
1IV2513LP,10:00:32,269.15,174,Exchange Continuous
1IV2513LO,10:00:32,269.15,25,Exchange Continuous
1IV2513LN,10:00:27,269.15,25,Retail Matching Facility
1IV2513LM,10:00:25,269.15,57,Exchange Continuous
1IV2513LL,10:00:23,269.20,416,Exchange Continuous
1IV2513LK,10:00:23,269.20,183,Exchange Continuous
1IV2513LJ,10:00:23,269.20,303,Exchange Continuous
1IV2513LI,10:00:23,269.20,183,Exchange Continuous
1IV2513LH,10:00:23,269.20,303,Exchange Continuous
1IV2513LG,10:00:23,269.20,486,Exchange Continuous
1IV2513LF,10:00:23,269.25,72,Exchange Continuous
1IV2513LD,10:00:05,269.35,303,Exchange Continuous
1IV2513LC,10:00:05,269.35,27,Exchange Continuous
1IV2513LB,10:00:05,269.35,303,Exchange Continuous
1IV2513L7,10:00:01,269.40,3,Exchange Continuous
1IV2513L6,10:00:01,269.40,34,Exchange Continuous
1IV2513L5,10:00:00,269.35,163,Exchange Continuous
1IV2513L4,10:00:00,269.35,26,Exchange Continuous
1IV2513L3,09:59:59,269.30,147,Exchange Continuous
1IV2513L2,09:59:59,269.30,400,Exchange Continuous
1IV2513L1,09:59:59,269.30,162,Exchange Continuous
1IV2513KS,09:57:48,269.45,37,Exchange Continuous
1IV2513KR,09:57:48,269.45,20,Exchange Continuous
1IV2513KQ,09:57:48,269.50,271,Exchange Continuous
1IV2513KP,09:57:48,269.50,190,Exchange Continuous
1IV2513KO,09:57:48,269.50,184,Exchange Continuous
1IV2513KN,09:57:48,269.50,303,Exchange Continuous
1IV2513KM,09:57:48,269.55,1 514,Exchange Continuous
1IV2513KL,09:57:48,269.55,531,Exchange Continuous
1IV2513KK,09:57:48,269.55,217,Exchange Continuous
1IV2513KJ,09:57:48,269.55,178,Exchange Continuous
1IV2513KI,09:57:48,269.55,271,Exchange Continuous
1IV2513KH,09:57:48,269.55,400,Exchange Continuous
1IV2513KG,09:57:48,269.55,260,Exchange Continuous
1IV2513KF,09:57:48,269.55,303,Exchange Continuous
1IV2513KE,09:57:48,269.60,1 631,Exchange Continuous
1IV2513KD,09:57:48,269.60,1 454,Exchange Continuous
1IV2513KC,09:57:48,269.60,500,Exchange Continuous
1IV2513KB,09:57:48,269.60,542,Exchange Continuous
1IV2513KA,09:57:48,269.60,400,Exchange Continuous
1IV2513K9,09:57:48,269.60,271,Exchange Continuous
1IV2513K8,09:57:48,269.60,303,Exchange Continuous
1IV2513K7,09:57:48,269.65,83,Exchange Continuous
1IV2513K6,09:57:48,269.65,171,Exchange Continuous
1IV2513K2,09:57:17,269.75,167,Exchange Continuous
1IV2513K1,09:57:17,269.75,16,Exchange Continuous
1IV2513K0,09:57:11,269.70,18,Exchange Continuous
1IV2513JZ,09:57:11,269.65,127,Exchange Continuous
1IV2513JY,09:57:11,269.65,3,Exchange Continuous
1IV2513JX,09:57:11,269.60,70,Exchange Continuous
1IV2513JW,09:57:11,269.60,233,Exchange Continuous
1IV2513JS,09:56:23,269.55,303,Exchange Continuous
1IV2513JR,09:56:23,269.55,38,Exchange Continuous
1IV2513JQ,09:56:23,269.55,3,Exchange Continuous
1IV2513JP,09:56:17,269.60,400,Exchange Continuous
1IV2513JO,09:56:17,269.60,79,Exchange Continuous
1IV2513JN,09:56:17,269.60,303,Exchange Continuous
1IV2513JB,09:55:50,269.65,70,Exchange Continuous
1IV2513JA,09:55:50,269.65,3,Exchange Continuous
1IV2513J9,09:55:50,269.65,16,Exchange Continuous
1IV2513J8,09:55:50,269.65,117,Exchange Continuous
1IV2513J2,09:54:54,269.55,70,Exchange Continuous
1IV2513J1,09:54:54,269.55,229,Exchange Continuous
1IV2513J0,09:54:54,269.55,49,Exchange Continuous
1IV2513IZ,09:54:54,269.55,120,Exchange Continuous
1IV2513IY,09:54:54,269.55,303,Exchange Continuous
1IV2513IX,09:54:54,269.55,53,Exchange Continuous
1IV2513IW,09:54:54,269.55,10,Exchange Continuous
1IV2513IV,09:54:54,269.55,4,Retail Matching Facility
1IV2513IR,09:54:23,269.55,312,Exchange Continuous
1IV2513IQ,09:54:23,269.55,75,Exchange Continuous
1IV2513IP,09:54:23,269.55,303,Exchange Continuous
1IV2513IO,09:54:23,269.55,80,Exchange Continuous
1IV2513IN,09:54:23,269.55,22,Exchange Continuous
1IV2513IM,09:54:23,269.55,458,Exchange Continuous
1IV2513IL,09:54:23,269.55,458,Exchange Continuous
1IV2513IK,09:54:23,269.55,66,Exchange Continuous
1IV2513IJ,09:54:23,269.55,458,Exchange Continuous
1IV2513II,09:54:23,269.55,500,Exchange Continuous
1IV2513IH,09:54:23,269.60,303,Exchange Continuous
1IV2513IG,09:54:23,269.60,5,Exchange Continuous
1IV2513IF,09:54:23,269.60,328,Exchange Continuous
1IV2513IE,09:54:23,269.60,152,Exchange Continuous
1IV2513ID,09:54:23,269.60,303,Exchange Continuous
1IV2513IC,09:54:23,269.60,455,Exchange Continuous
1IV2513IB,09:54:23,269.60,333,Exchange Continuous
1IV2513IA,09:54:23,269.60,122,Exchange Continuous
1IV2513I9,09:54:23,269.60,122,Exchange Continuous
1IV2513I8,09:54:23,269.60,122,Exchange Continuous
1IV2513I7,09:54:23,269.60,122,Exchange Continuous
1IV2513I6,09:54:23,269.60,211,Exchange Continuous
1IV2513I5,09:54:23,269.60,70,Exchange Continuous
1IV2513I4,09:54:23,269.65,100,Exchange Continuous
1IV2513I3,09:54:23,269.65,31,Exchange Continuous
1IV2513I2,09:54:23,269.65,126,Exchange Continuous
1IV2513I1,09:54:23,269.65,33,Exchange Continuous
1IV2513HS,09:53:42,269.75,176,Exchange Continuous
1IV2513HR,09:53:36,269.75,149,Exchange Continuous
1IV2513HM,09:53:02,269.75,70,Exchange Continuous
1IV2513HI,09:52:14,269.75,284,Exchange Continuous
1IV2513HH,09:52:14,269.75,30,Exchange Continuous
1IV2513HG,09:52:14,269.75,212,Exchange Continuous
1IV2513HF,09:52:14,269.75,133,Exchange Continuous
1IV2513HD,09:51:51,269.80,118,Exchange Continuous
1IV2513HB,09:51:33,269.75,15,Exchange Continuous
1IV2513GZ,09:51:21,269.85,100,Retail Matching Facility
1IV2513GY,09:51:20,269.80,303,Exchange Continuous
1IV2513GX,09:51:20,269.80,897,Exchange Continuous
1IV2513GW,09:51:20,269.80,303,Exchange Continuous
1IV2513GV,09:51:20,269.80,600,Retail Matching Facility
1IV2513GT,09:51:15,269.85,3,Exchange Continuous
1IV2513GS,09:51:15,269.85,165,Exchange Continuous
1IV2513GR,09:51:14,269.80,178,Exchange Continuous
1IV2513GQ,09:51:14,269.80,50,Exchange Continuous
1IV2513GP,09:51:02,269.90,167,Exchange Continuous
1IV2513GO,09:51:02,269.90,158,Exchange Continuous
1IV2513GN,09:51:02,269.90,162,Exchange Continuous
1IV2513GF,09:50:57,269.85,173,Exchange Continuous
1IV2513GE,09:50:57,269.80,285,Exchange Continuous
1IV2513GD,09:50:57,269.80,240,Exchange Continuous
1IV2513GC,09:50:57,269.85,323,Exchange Continuous
1IV2513GB,09:50:57,269.85,544,Exchange Continuous
1IV2513GA,09:50:57,269.85,767,Exchange Continuous
1IV2513G9,09:50:57,269.85,544,Exchange Continuous
1IV2513G8,09:50:57,269.85,240,Exchange Continuous
1IV2513G7,09:50:57,269.90,992,Exchange Continuous
1IV2513G6,09:50:57,269.90,567,Exchange Continuous
1IV2513G5,09:50:57,269.90,567,Exchange Continuous
1IV2513G4,09:50:57,269.95,144,Exchange Continuous
1IV2513G3,09:50:57,269.95,248,Exchange Continuous
1IV2513G2,09:50:57,269.95,16,Exchange Continuous
1IV2513G1,09:50:57,269.95,222,Exchange Continuous
1IV2513G0,09:50:57,269.95,154,Exchange Continuous
1IV2513FZ,09:50:54,270.05,196,Exchange Continuous
1IV2513FY,09:50:54,270.05,303,Exchange Continuous
1IV2513FX,09:50:54,270.05,214,Exchange Continuous
1IV2513FW,09:50:54,270.05,43,Exchange Continuous
1IV2513FV,09:50:54,270.05,275,Exchange Continuous
1IV2513FT,09:50:42,270.10,18,Exchange Continuous
1IV2513FS,09:50:42,270.00,293,Exchange Continuous
1IV2513FR,09:50:42,270.00,10,Exchange Continuous
1IV2513FQ,09:50:42,270.00,470,Exchange Continuous
1IV2513FP,09:50:42,270.00,10,Exchange Continuous
1IV2513FO,09:50:42,270.00,599,Exchange Continuous
1IV2513FN,09:50:42,270.00,1,Exchange Continuous
1IV2513FM,09:50:42,270.00,9,Exchange Continuous
1IV2513FL,09:50:42,270.00,293,Exchange Continuous
1IV2513FK,09:50:42,270.00,10,Exchange Continuous
1IV2513FJ,09:50:42,270.00,10,Exchange Continuous
1IV2513FI,09:50:42,270.00,10,Exchange Continuous
1IV2513FH,09:50:42,270.00,10,Exchange Continuous
1IV2513FG,09:50:42,270.00,293,Exchange Continuous
1IV2513FF,09:50:42,270.00,10,Exchange Continuous
1IV2513FE,09:50:42,270.00,10,Exchange Continuous
1IV2513FA,09:50:27,269.90,45,Exchange Continuous
1IV2513F9,09:50:27,269.90,45,Exchange Continuous
1IV2513EV,09:49:17,269.80,53,Exchange Continuous
1IV2513EU,09:49:17,269.85,78,Exchange Continuous
1IV2513ET,09:49:17,269.85,28,Exchange Continuous
1IV2513ES,09:49:17,269.85,29,Exchange Continuous
1IV2513ER,09:49:17,269.85,143,Exchange Continuous
1IV2513EQ,09:49:17,269.85,172,Exchange Continuous
1IV2513EP,09:49:17,269.85,106,Retail Matching Facility
1IV2513EI,09:48:21,270.00,97,Exchange Continuous
1IV2513EH,09:48:21,270.00,185,Exchange Continuous
1IV2513EG,09:48:21,270.00,327,Exchange Continuous
1IV2513EF,09:48:21,269.95,70,Exchange Continuous
1IV2513EE,09:48:21,269.95,185,Exchange Continuous
1IV2513ED,09:48:17,269.90,76,Exchange Continuous
1IV2513EC,09:48:17,269.90,24,Exchange Continuous
1IV2513EB,09:48:17,269.90,12,Exchange Continuous
1IV2513EA,09:48:17,269.90,12,Exchange Continuous
1IV2513E9,09:48:17,269.90,100,Retail Matching Facility
1IV2513E8,09:47:53,269.90,131,Exchange Continuous
1IV2513E4,09:47:43,269.70,70,Exchange Continuous
1IV2513E3,09:47:43,269.80,82,Exchange Continuous
1IV2513E2,09:47:43,269.70,240,Exchange Continuous
1IV2513E1,09:47:43,269.70,178,Exchange Continuous
1IV2513E0,09:47:43,269.75,177,Exchange Continuous
1IV2513DZ,09:47:43,269.75,303,Exchange Continuous
1IV2513DY,09:47:43,269.75,180,Exchange Continuous
1IV2513DX,09:47:43,269.80,286,Exchange Continuous
1IV2513DW,09:47:43,269.80,184,Exchange Continuous
1IV2513DV,09:47:43,269.80,240,Exchange Continuous
1IV2513DU,09:47:43,269.85,308,Exchange Continuous
1IV2513DT,09:47:43,269.90,49,Exchange Continuous
1IV2513DS,09:47:43,269.90,20,Exchange Continuous
1IV2513DR,09:47:43,269.90,464,Exchange Continuous
1IV2513DQ,09:47:43,269.90,2,Exchange Continuous
1IV2513DP,09:47:43,269.90,481,Exchange Continuous
1IV2513DO,09:47:43,269.90,464,Exchange Continuous
1IV2513DN,09:47:43,269.90,362,Exchange Continuous
1IV2513DM,09:47:43,269.90,119,Exchange Continuous
1IV2513DL,09:47:43,269.90,17,Exchange Continuous
1IV2513DK,09:47:43,269.90,464,Exchange Continuous
1IV2513DJ,09:47:43,269.90,61,Exchange Continuous
1IV2513DI,09:47:43,269.90,420,Exchange Continuous
1IV2513DH,09:47:43,269.90,61,Exchange Continuous
1IV2513DG,09:47:43,269.90,403,Exchange Continuous
1IV2513DF,09:47:43,269.90,83,Exchange Continuous
1IV2513DE,09:47:43,269.90,78,Exchange Continuous
1IV2513DD,09:47:43,269.90,320,Exchange Continuous
1IV2513DC,09:47:43,269.90,450,Exchange Continuous
1IV2513DB,09:47:43,269.90,1 200,Exchange Continuous
1IV2513DA,09:47:43,269.90,141,Exchange Continuous
1IV2513D9,09:47:43,269.90,240,Exchange Continuous
1IV2513D8,09:47:43,269.90,309,Exchange Continuous
1IV2513D7,09:47:43,269.95,547,Exchange Continuous
1IV2513D6,09:47:43,269.95,567,Exchange Continuous
1IV2513D5,09:47:43,269.95,302,Exchange Continuous
1IV2513D4,09:47:43,269.95,567,Exchange Continuous
1IV2513D3,09:47:43,269.95,202,Exchange Continuous
1IV2513D2,09:47:43,270.00,421,Exchange Continuous
1IV2513D1,09:47:43,270.00,303,Exchange Continuous
1IV2513D0,09:47:43,270.00,293,Exchange Continuous
1IV2513CZ,09:47:43,270.00,1,Exchange Continuous
1IV2513CY,09:47:43,270.00,85,Exchange Continuous
1IV2513CX,09:47:43,270.00,240,Exchange Continuous
1IV2513CW,09:47:43,270.00,70,Exchange Continuous
1IV2513C6,09:46:24,270.05,167,Exchange Continuous
1IV2513C5,09:46:24,270.05,50,Exchange Continuous
1IV2513C4,09:46:20,270.05,71,Exchange Continuous
1IV2513C3,09:46:20,270.05,165,Exchange Continuous
1IV2513C2,09:46:20,270.05,56,Exchange Continuous
1IV2513C1,09:46:20,270.05,221,Exchange Continuous
1IV2513C0,09:46:20,270.05,139,Exchange Continuous
1IV2513BZ,09:46:20,270.05,154,Exchange Continuous
1IV2513BY,09:46:20,270.05,221,Exchange Continuous
1IV2513BX,09:46:19,270.05,459,Exchange Continuous
1IV2513BW,09:46:19,270.05,221,Exchange Continuous
1IV2513BV,09:46:19,270.05,295,Exchange Continuous
1IV2513BU,09:46:19,270.05,45,Exchange Continuous
1IV2513BT,09:46:19,270.05,69,Exchange Continuous
1IV2513BS,09:46:19,270.05,221,Exchange Continuous
1IV2513BR,09:46:19,270.05,50,Exchange Continuous
1IV2513BQ,09:46:16,270.10,1,Exchange Continuous
1IV2513BP,09:46:12,270.05,303,Exchange Continuous
1IV2513BO,09:46:12,270.15,750,Retail Matching Facility
1IV2513AJ,09:45:34,270.05,129,Exchange Continuous
1IV2513AI,09:45:34,270.00,333,Exchange Continuous
1IV2513AH,09:45:34,270.00,30,Exchange Continuous
1IV2513AG,09:45:34,270.00,349,Retail Matching Facility
1IV2513AF,09:45:34,270.00,1 096,Retail Matching Facility
1IV2513AE,09:45:34,270.00,50,Exchange Continuous
1IV2513AD,09:45:34,270.00,405,Exchange Continuous
1IV2513AC,09:45:34,270.00,1 000,Exchange Continuous
1IV2513AB,09:45:34,269.95,600,Retail Matching Facility
1IV2513AA,09:45:21,269.80,50,Retail Matching Facility
1IV2513A9,09:45:21,269.85,6,Exchange Continuous
1IV25139W,09:45:04,269.80,79,Exchange Continuous
1IV25139S,09:44:56,269.80,5,Retail Matching Facility
1IV25139R,09:44:54,269.80,65,Exchange Continuous
1IV25139N,09:44:53,269.75,15,Exchange Continuous
1IV25139M,09:44:52,269.65,364,Exchange Continuous
1IV25139L,09:44:52,269.65,20,Exchange Continuous
1IV25139K,09:44:52,269.60,240,Exchange Continuous
1IV25139J,09:44:52,269.60,70,Exchange Continuous
1IV25139I,09:44:52,269.60,314,Exchange Continuous
1IV25139H,09:44:52,269.60,303,Exchange Continuous
1IV25139G,09:44:52,269.60,3,Exchange Continuous
1IV251395,09:44:27,269.55,192,Exchange Continuous
1IV251394,09:44:27,269.55,303,Exchange Continuous
1IV251393,09:44:27,269.55,495,Exchange Continuous
1IV251392,09:44:27,269.55,138,Exchange Continuous
1IV251390,09:44:18,269.55,194,Exchange Continuous
1IV25138Z,09:44:18,269.55,70,Exchange Continuous
1IV25138Y,09:44:08,269.50,161,Exchange Continuous
1IV25138W,09:43:50,269.45,3,Exchange Continuous
1IV25138V,09:43:45,269.45,20,Retail Matching Facility
1IV25138S,09:43:24,269.45,1,Retail Matching Facility
1IV25138O,09:43:06,269.35,70,Exchange Continuous
1IV25138N,09:43:06,269.35,3,Exchange Continuous
1IV25138L,09:43:03,269.30,187,Exchange Continuous
1IV25138K,09:43:03,269.30,70,Exchange Continuous
1IV25138J,09:43:03,269.30,87,Exchange Continuous
1IV25138I,09:43:03,269.30,23,Exchange Continuous
1IV25138A,09:42:30,269.25,174,Exchange Continuous
1IV251380,09:42:17,269.40,5,Retail Matching Facility
1IV25137Z,09:42:10,269.40,72,Exchange Continuous
1IV25137Y,09:42:10,269.40,72,Exchange Continuous
1IV25137X,09:42:10,269.40,119,Exchange Continuous
1IV25137T,09:41:52,269.50,19,Exchange Continuous
1IV25137S,09:41:52,269.50,448,Exchange Continuous
1IV25137R,09:41:52,269.50,49,Exchange Continuous
1IV25137Q,09:41:49,269.55,102,Exchange Continuous
1IV25137P,09:41:48,269.60,326,Exchange Continuous
1IV25137O,09:41:48,269.60,287,Exchange Continuous
1IV25137N,09:41:48,269.65,22,Exchange Continuous
1IV25137M,09:41:48,269.65,642,Exchange Continuous
1IV25137L,09:41:48,269.65,642,Exchange Continuous
1IV25137K,09:41:48,269.65,440,Exchange Continuous
1IV25137J,09:41:48,269.65,303,Exchange Continuous
1IV25137I,09:41:48,269.65,1 385,Exchange Continuous
1IV25137H,09:41:48,269.65,1 385,Exchange Continuous
1IV25137G,09:41:48,269.65,611,Exchange Continuous
1IV25137F,09:41:48,269.65,387,Exchange Continuous
1IV25137E,09:41:48,269.65,998,Exchange Continuous
1IV25137D,09:41:48,269.65,90,Exchange Continuous
1IV25137C,09:41:48,269.65,521,Exchange Continuous
1IV25137B,09:41:48,269.65,1 385,Exchange Continuous
1IV251378,09:41:41,269.70,421,Exchange Continuous
1IV251375,09:41:34,269.70,716,Exchange Continuous
1IV25136X,09:41:32,269.70,70,Exchange Continuous
1IV25136W,09:41:32,269.70,189,Exchange Continuous
1IV25136V,09:41:32,269.70,303,Exchange Continuous
1IV25136U,09:41:32,269.70,162,Exchange Continuous
1IV25136T,09:41:31,269.75,900,Retail Matching Facility
1IV25136S,09:41:31,269.75,600,Retail Matching Facility
1IV25135W,09:40:50,269.50,347,Exchange Continuous
1IV25135V,09:40:50,269.50,270,Exchange Continuous
1IV25135U,09:40:50,269.50,4,Exchange Continuous
1IV25135T,09:40:50,269.50,386,Exchange Continuous
1IV25135S,09:40:50,269.50,163,Exchange Continuous
1IV25135R,09:40:50,269.50,226,Exchange Continuous
1IV25135Q,09:40:50,269.55,18,Exchange Continuous
1IV25135P,09:40:43,269.45,85,Exchange Continuous
1IV25135O,09:40:42,269.40,6,Exchange Continuous
1IV25135N,09:40:42,269.40,83,Exchange Continuous
1IV25135M,09:40:42,269.40,89,Exchange Continuous
1IV25135L,09:40:36,269.35,45,Exchange Continuous
1IV25135K,09:40:36,269.35,258,Exchange Continuous
1IV25135J,09:40:36,269.35,174,Exchange Continuous
1IV25135H,09:40:24,269.35,79,Exchange Continuous
1IV25135G,09:40:24,269.35,119,Exchange Continuous
1IV25135F,09:40:24,269.35,171,Exchange Continuous
1IV251352,09:39:53,269.35,18,Retail Matching Facility
1IV25134C,09:38:00,269.45,342,Retail Matching Facility
1IV25134A,09:37:47,269.45,663,Retail Matching Facility
1IV251343,09:37:36,269.45,75,Retail Matching Facility
1IV251341,09:37:22,269.50,11,Exchange Continuous
1IV251340,09:37:22,269.50,47,Exchange Continuous
1IV25133Z,09:37:22,269.50,174,Exchange Continuous
1IV25133Y,09:37:21,269.45,87,Exchange Continuous
1IV25133X,09:37:21,269.45,87,Exchange Continuous
1IV25133W,09:37:21,269.40,70,Exchange Continuous
1IV25133V,09:37:21,269.40,165,Exchange Continuous
1IV25133U,09:37:09,269.35,303,Exchange Continuous
1IV25133T,09:37:09,269.35,410,Exchange Continuous
1IV25133S,09:37:09,269.35,30,Exchange Continuous
1IV25133R,09:37:02,269.40,166,Exchange Continuous
1IV25133Q,09:37:02,269.40,173,Exchange Continuous
1IV25133P,09:37:02,269.40,303,Exchange Continuous
1IV25133O,09:37:02,269.35,169,Exchange Continuous
1IV25133N,09:37:02,269.40,1 000,Exchange Continuous
1IV25133M,09:37:02,269.40,5,Exchange Continuous
1IV25133H,09:36:37,269.55,4,Exchange Continuous
1IV25133G,09:36:37,269.55,163,Exchange Continuous
1IV25133B,09:36:33,269.45,45,Exchange Continuous
1IV25133A,09:36:33,269.45,303,Exchange Continuous
1IV251339,09:36:33,269.50,303,Exchange Continuous
1IV251338,09:36:33,269.50,358,Exchange Continuous
1IV251337,09:36:33,269.50,459,Exchange Continuous
1IV251336,09:36:33,269.50,494,Exchange Continuous
1IV251335,09:36:33,269.50,459,Exchange Continuous
1IV251334,09:36:33,269.50,383,Exchange Continuous
1IV251333,09:36:33,269.50,28,Exchange Continuous
1IV251332,09:36:33,269.50,1,Exchange Continuous
1IV251331,09:36:33,269.55,1 326,Exchange Continuous
1IV251330,09:36:33,269.55,1 229,Exchange Continuous
1IV25132Z,09:36:33,269.55,97,Exchange Continuous
1IV25132O,09:36:09,269.70,115,Retail Matching Facility
1IV25131Y,09:35:55,269.65,70,Exchange Continuous
1IV25131X,09:35:55,269.65,8,Exchange Continuous
1IV25131V,09:35:38,269.60,27,Exchange Continuous
1IV25131U,09:35:38,269.60,100,Exchange Continuous
1IV25131T,09:35:38,269.60,340,Exchange Continuous
1IV25131S,09:35:38,269.60,100,Exchange Continuous
1IV25131R,09:35:38,269.60,479,Exchange Continuous
1IV25131Q,09:35:38,269.60,61,Exchange Continuous
1IV25131P,09:35:29,269.65,70,Exchange Continuous
1IV25131O,09:35:29,269.65,300,Exchange Continuous
1IV25131N,09:35:29,269.65,267,Exchange Continuous
1IV25131M,09:35:29,269.65,80,Exchange Continuous
1IV25131L,09:35:29,269.65,462,Exchange Continuous
1IV25131K,09:35:29,269.65,451,Exchange Continuous
1IV25131J,09:35:29,269.65,451,Exchange Continuous
1IV25131I,09:35:29,269.65,462,Exchange Continuous
1IV25131H,09:35:29,269.65,288,Exchange Continuous
1IV25131G,09:35:29,269.65,625,Exchange Continuous
1IV25131F,09:35:29,269.70,1 000,Exchange Continuous
1IV251319,09:35:12,269.75,70,Exchange Continuous
1IV251312,09:34:56,269.85,3,Exchange Continuous
1IV25130T,09:34:47,269.75,63,Exchange Continuous
1IV25130S,09:34:47,269.70,103,Exchange Continuous
1IV25130R,09:34:47,269.70,3,Exchange Continuous
1IV25130Q,09:34:47,269.70,122,Exchange Continuous
1IV251302,09:33:47,269.65,70,Exchange Continuous
1IV251301,09:33:47,269.65,37,Exchange Continuous
1IV251300,09:33:47,269.65,35,Exchange Continuous
1IV2512ZZ,09:33:47,269.65,164,Exchange Continuous
1IV2512ZY,09:33:47,269.60,39,Exchange Continuous
1IV2512ZW,09:33:46,269.60,100,Exchange Continuous
1IV2512ZV,09:33:46,269.60,295,Exchange Continuous
1IV2512ZU,09:33:46,269.60,295,Exchange Continuous
1IV2512ZT,09:33:46,269.60,300,Exchange Continuous
1IV2512ZS,09:33:46,269.60,100,Exchange Continuous
1IV2512ZR,09:33:46,269.65,303,Exchange Continuous
1IV2512ZQ,09:33:45,269.70,140,Exchange Continuous
1IV2512ZP,09:33:45,269.75,591,Exchange Continuous
1IV2512ZO,09:33:45,269.75,370,Exchange Continuous
1IV2512ZN,09:33:45,269.75,1,Exchange Continuous
1IV2512ZM,09:33:45,269.75,1 065,Exchange Continuous
1IV2512ZL,09:33:39,269.85,55,Exchange Continuous
1IV2512ZK,09:33:34,269.90,70,Exchange Continuous
1IV2512ZJ,09:33:32,269.90,290,Exchange Continuous
1IV2512ZI,09:33:32,269.95,212,Exchange Continuous
1IV2512ZE,09:33:31,270.00,1 199,Exchange Continuous
1IV2512ZD,09:33:31,270.00,472,Exchange Continuous
1IV2512ZC,09:33:31,270.05,1 283,Exchange Continuous
1IV2512ZB,09:33:31,270.05,974,Exchange Continuous
1IV2512ZA,09:33:31,270.05,527,Exchange Continuous
1IV2512Z9,09:33:31,270.05,933,Exchange Continuous
1IV2512Z8,09:33:31,270.05,303,Exchange Continuous
1IV2512Z7,09:33:31,270.10,303,Exchange Continuous
1IV2512Z6,09:33:31,270.10,1 556,Exchange Continuous
1IV2512Z5,09:33:31,270.10,300,Exchange Continuous
1IV2512Z4,09:33:31,270.10,511,Exchange Continuous
1IV2512YW,09:33:02,270.15,70,Exchange Continuous
1IV2512YV,09:33:02,270.15,288,Exchange Continuous
1IV2512YU,09:33:02,270.15,303,Exchange Continuous
1IV2512YL,09:32:33,270.05,80,Exchange Continuous
1IV2512YK,09:32:33,270.10,289,Exchange Continuous
1IV2512YJ,09:32:33,270.10,400,Exchange Continuous
1IV2512YI,09:32:33,270.10,240,Exchange Continuous
1IV2512YH,09:32:33,270.10,70,Exchange Continuous
1IV2512YG,09:32:33,270.10,303,Exchange Continuous
1IV2512YF,09:32:31,270.10,155,Exchange Continuous
1IV2512YE,09:32:31,270.05,154,Exchange Continuous
1IV2512YD,09:32:31,270.05,155,Exchange Continuous
1IV2512YC,09:32:19,270.10,303,Exchange Continuous
1IV2512YB,09:32:19,270.10,400,Exchange Continuous
1IV2512Y7,09:32:03,270.10,3,Exchange Continuous
1IV2512Y6,09:32:02,269.95,228,Exchange Continuous
1IV2512Y4,09:31:58,269.85,163,Exchange Continuous
1IV2512Y3,09:31:58,269.85,164,Exchange Continuous
1IV2512Y2,09:31:58,269.85,10,Exchange Continuous
1IV2512XZ,09:31:56,269.75,118,Exchange Continuous
1IV2512XY,09:31:56,269.75,1,Exchange Continuous
1IV2512XX,09:31:56,269.75,154,Exchange Continuous
1IV2512XW,09:31:53,269.65,146,Exchange Continuous
1IV2512XV,09:31:53,269.65,96,Exchange Continuous
1IV2512XT,09:31:34,269.70,16,Exchange Continuous
1IV2512XS,09:31:34,269.70,70,Exchange Continuous
1IV2512XQ,09:31:21,269.65,125,Exchange Continuous
1IV2512XP,09:31:21,269.65,104,Exchange Continuous
1IV2512XO,09:31:21,269.65,50,Exchange Continuous
1IV2512XN,09:31:15,269.60,33,Exchange Continuous
1IV2512XM,09:31:15,269.60,100,Exchange Continuous
1IV2512XB,09:30:53,269.75,303,Exchange Continuous
1IV2512XA,09:30:53,269.75,110,Retail Matching Facility
1IV2512X9,09:30:46,269.75,165,Exchange Continuous
1IV2512X8,09:30:35,269.70,240,Exchange Continuous
1IV2512X7,09:30:35,269.70,87,Exchange Continuous
1IV2512X6,09:30:35,269.70,216,Exchange Continuous
1IV2512X5,09:30:35,269.70,161,Exchange Continuous
1IV2512X4,09:30:35,269.70,70,Exchange Continuous
1IV2512X3,09:30:35,269.70,178,Exchange Continuous
1IV2512WY,09:30:31,269.70,40,Exchange Continuous
1IV2512WT,09:30:28,269.75,92,Exchange Continuous
1IV2512WS,09:30:28,269.75,62,Exchange Continuous
1IV2512WR,09:30:28,269.75,194,Exchange Continuous
1IV2512WQ,09:30:28,269.75,303,Exchange Continuous
1IV2512WP,09:30:28,269.75,23,Exchange Continuous
1IV2512WO,09:30:28,269.75,497,Exchange Continuous
1IV2512WN,09:30:28,269.75,256,Exchange Continuous
1IV2512WM,09:30:28,269.75,241,Exchange Continuous
1IV2512WI,09:30:27,269.80,113,Exchange Continuous
1IV2512WH,09:30:27,269.80,100,Exchange Continuous
1IV2512WG,09:30:27,269.80,203,Exchange Continuous
1IV2512WF,09:30:27,269.80,100,Exchange Continuous
1IV2512WE,09:30:27,269.80,100,Exchange Continuous
1IV2512WD,09:30:27,269.80,184,Exchange Continuous
1IV2512WC,09:30:27,269.80,100,Exchange Continuous
1IV2512WB,09:30:27,269.80,100,Exchange Continuous
1IV2512WA,09:30:27,269.80,184,Exchange Continuous
1IV2512W9,09:30:19,269.90,163,Exchange Continuous
1IV2512W2,09:30:06,270.05,240,Exchange Continuous
1IV2512W1,09:30:06,270.00,140,Retail Matching Facility
1IV2512VU,09:30:00,269.95,303,Exchange Continuous
1IV2512VM,09:29:32,270.00,70,Exchange Continuous
1IV2512VL,09:29:32,270.00,400,Exchange Continuous
1IV2512VK,09:29:27,270.00,2,Exchange Continuous
1IV2512VJ,09:29:23,269.95,42,Exchange Continuous
1IV2512VI,09:29:23,269.95,70,Exchange Continuous
1IV2512VG,09:29:21,269.95,223,Exchange Continuous
1IV2512VF,09:29:09,270.00,303,Exchange Continuous
1IV2512VE,09:29:09,269.95,400,Exchange Continuous
1IV2512VD,09:29:09,270.00,70,Exchange Continuous
1IV2512VC,09:29:09,270.05,300,Exchange Continuous
1IV2512VB,09:29:09,270.05,97,Exchange Continuous
1IV2512VA,09:29:09,270.05,303,Exchange Continuous
1IV2512V9,09:29:09,270.15,70,Exchange Continuous
1IV2512V8,09:29:09,270.15,134,Exchange Continuous
1IV2512V7,09:29:09,270.15,2,Exchange Continuous
1IV2512V6,09:29:09,270.15,240,Exchange Continuous
1IV2512V5,09:29:04,270.10,70,Exchange Continuous
1IV2512V4,09:29:04,270.15,245,Exchange Continuous
1IV2512V3,09:29:04,270.15,230,Exchange Continuous
1IV2512V2,09:29:04,270.15,303,Exchange Continuous
1IV2512V1,09:29:04,270.10,204,Exchange Continuous
1IV2512V0,09:29:04,270.10,18,Exchange Continuous
1IV2512UK,09:28:50,270.05,309,Exchange Continuous
1IV2512UC,09:28:33,270.00,303,Exchange Continuous
1IV2512UB,09:28:27,270.05,303,Exchange Continuous
1IV2512UA,09:28:24,270.00,70,Exchange Continuous
1IV2512U9,09:28:24,269.95,303,Exchange Continuous
1IV2512U8,09:28:24,269.95,111,Exchange Continuous
1IV2512U7,09:28:24,269.95,289,Exchange Continuous
1IV2512U6,09:28:24,269.95,120,Exchange Continuous
1IV2512U5,09:28:24,269.95,285,Exchange Continuous
1IV2512U4,09:28:24,269.95,18,Exchange Continuous
1IV2512U3,09:28:24,269.95,262,Exchange Continuous
1IV2512U2,09:28:24,269.95,262,Exchange Continuous
1IV2512U1,09:28:24,269.95,138,Exchange Continuous
1IV2512U0,09:28:24,269.95,262,Exchange Continuous
1IV2512TZ,09:28:24,269.95,280,Exchange Continuous
1IV2512TY,09:28:24,270.00,50,Exchange Continuous
1IV2512TX,09:28:24,270.00,280,Exchange Continuous
1IV2512TW,09:28:24,270.00,775,Exchange Continuous
1IV2512TV,09:28:24,270.00,209,Exchange Continuous
1IV2512TU,09:28:24,270.00,657,Exchange Continuous
1IV2512TT,09:28:24,270.00,1,Exchange Continuous
1IV2512TS,09:28:24,270.00,100,Exchange Continuous
1IV2512TR,09:28:24,270.00,286,Exchange Continuous
1IV2512TQ,09:28:24,270.00,3,Exchange Continuous
1IV2512TP,09:28:24,270.00,17,Exchange Continuous
1IV2512TO,09:28:24,270.00,50,Exchange Continuous
1IV2512TN,09:28:24,270.00,200,Exchange Continuous
1IV2512TM,09:28:19,270.05,387,Exchange Continuous
1IV2512TL,09:28:19,270.05,465,Exchange Continuous
1IV2512TK,09:28:19,270.05,49,Exchange Continuous
1IV2512TJ,09:28:19,270.05,416,Exchange Continuous
1IV2512TI,09:28:19,270.05,49,Exchange Continuous
1IV2512TH,09:28:18,270.05,105,Exchange Continuous
1IV2512TG,09:28:18,270.05,84,Exchange Continuous
1IV2512TF,09:28:18,270.05,381,Exchange Continuous
1IV2512TE,09:28:18,270.10,58,Exchange Continuous
1IV2512TD,09:28:18,270.10,21,Exchange Continuous
1IV2512TC,09:28:18,270.10,11,Exchange Continuous
1IV2512TB,09:28:18,270.10,89,Exchange Continuous
1IV2512TA,09:28:18,270.10,64,Exchange Continuous
1IV2512T9,09:28:18,270.10,100,Exchange Continuous
1IV2512SZ,09:28:05,270.10,100,Exchange Continuous
1IV2512SY,09:28:05,270.10,715,Exchange Continuous
1IV2512SX,09:28:05,270.10,400,Exchange Continuous
1IV2512SW,09:28:05,270.10,287,Exchange Continuous
1IV2512SV,09:28:05,270.10,303,Exchange Continuous
1IV2512SU,09:28:05,270.10,100,Exchange Continuous
1IV2512ST,09:28:00,270.20,159,Exchange Continuous
1IV2512SS,09:28:00,270.10,706,Exchange Continuous
1IV2512SR,09:28:00,270.10,288,Exchange Continuous
1IV2512SQ,09:28:00,270.10,303,Exchange Continuous
1IV2512SP,09:28:00,270.10,100,Exchange Continuous
1IV2512SO,09:27:54,270.20,70,Exchange Continuous
1IV2512SN,09:27:54,270.20,20,Retail Matching Facility
1IV2512SK,09:27:36,270.20,303,Exchange Continuous
1IV2512SJ,09:27:36,270.20,191,Exchange Continuous
1IV2512SI,09:27:36,270.20,156,Exchange Continuous
1IV2512SH,09:27:36,270.20,70,Exchange Continuous
1IV2512RJ,09:26:50,270.15,50,Exchange Continuous
1IV2512RI,09:26:50,270.15,303,Exchange Continuous
1IV2512RH,09:26:49,270.20,132,Exchange Continuous
1IV2512RG,09:26:49,270.20,132,Exchange Continuous
1IV2512RF,09:26:49,270.30,220,Exchange Continuous
1IV2512RE,09:26:49,270.30,303,Exchange Continuous
1IV2512RD,09:26:49,270.25,158,Exchange Continuous
1IV2512RC,09:26:49,270.20,1 200,Exchange Continuous
1IV2512RB,09:26:49,270.20,287,Exchange Continuous
1IV2512RA,09:26:49,270.20,303,Exchange Continuous
1IV2512R9,09:26:49,270.20,500,Exchange Continuous
1IV2512R8,09:26:49,270.25,400,Exchange Continuous
1IV2512R7,09:26:49,270.25,240,Exchange Continuous
1IV2512R6,09:26:49,270.25,303,Exchange Continuous
1IV2512R5,09:26:49,270.25,287,Exchange Continuous
1IV2512R4,09:26:49,270.25,178,Exchange Continuous
1IV2512R3,09:26:49,270.30,184,Exchange Continuous
1IV2512R2,09:26:49,270.30,287,Exchange Continuous
1IV2512R1,09:26:49,270.30,400,Exchange Continuous
1IV2512R0,09:26:49,270.30,303,Exchange Continuous
1IV2512QZ,09:26:49,270.30,627,Exchange Continuous
1IV2512QY,09:26:49,270.35,287,Exchange Continuous
1IV2512QX,09:26:49,270.35,400,Exchange Continuous
1IV2512QW,09:26:49,270.35,303,Exchange Continuous
1IV2512QA,09:26:34,270.40,50,Exchange Continuous
1IV2512Q9,09:26:34,270.40,50,Exchange Continuous
1IV2512Q8,09:26:30,270.40,537,Exchange Continuous
1IV2512Q7,09:26:29,270.40,263,Exchange Continuous
1IV2512Q6,09:26:29,270.40,537,Exchange Continuous
1IV2512Q5,09:26:29,270.40,1 200,Retail Matching Facility
1IV2512Q4,09:26:29,270.50,22,Exchange Continuous
1IV2512PW,09:26:21,270.60,21,Exchange Continuous
1IV2512PV,09:26:21,270.60,283,Exchange Continuous
1IV2512PU,09:26:21,270.60,20,Exchange Continuous
1IV2512PT,09:26:21,270.60,283,Exchange Continuous
1IV2512PS,09:26:21,270.60,283,Exchange Continuous
1IV2512PR,09:26:21,270.60,283,Exchange Continuous
1IV2512PQ,09:26:21,270.60,20,Exchange Continuous
1IV2512PP,09:26:21,270.60,283,Exchange Continuous
1IV2512PO,09:26:21,270.60,283,Exchange Continuous
1IV2512PN,09:26:21,270.60,30,Exchange Continuous
1IV2512PM,09:26:21,270.60,283,Exchange Continuous
1IV2512PL,09:26:21,270.60,283,Exchange Continuous
1IV2512PK,09:26:21,270.60,30,Retail Matching Facility
1IV2512PE,09:26:07,270.65,274,Exchange Continuous
1IV2512PD,09:26:07,270.65,70,Exchange Continuous
1IV2512PC,09:26:07,270.65,70,Exchange Continuous
1IV2512PA,09:26:02,270.65,15,Exchange Continuous
1IV2512P9,09:26:02,270.65,85,Exchange Continuous
1IV2512P8,09:26:02,270.70,10,Exchange Continuous
1IV2512P3,09:25:32,270.75,70,Exchange Continuous
1IV2512P2,09:25:32,270.75,259,Exchange Continuous
1IV2512P1,09:25:24,270.85,70,Exchange Continuous
1IV2512P0,09:25:24,270.85,598,Exchange Continuous
1IV2512OZ,09:25:24,270.85,1 348,Exchange Continuous
1IV2512OP,09:25:16,270.85,13,Exchange Continuous
1IV2512OO,09:25:15,270.85,724,Exchange Continuous
1IV2512ON,09:25:15,270.95,220,Exchange Continuous
1IV2512OM,09:25:15,270.95,248,Exchange Continuous
1IV2512OL,09:25:14,270.95,55,Exchange Continuous
1IV2512OK,09:25:14,270.95,248,Exchange Continuous
1IV2512OJ,09:25:14,270.95,248,Exchange Continuous
1IV2512OI,09:25:14,270.95,55,Exchange Continuous
1IV2512OH,09:25:14,270.95,248,Exchange Continuous
1IV2512OG,09:25:14,270.95,248,Exchange Continuous
1IV2512OF,09:25:14,270.95,248,Exchange Continuous
1IV2512OE,09:25:14,270.95,55,Exchange Continuous
1IV2512OD,09:25:14,270.95,248,Exchange Continuous
1IV2512OC,09:25:14,270.95,248,Exchange Continuous
1IV2512OB,09:25:14,270.95,248,Exchange Continuous
1IV2512OA,09:25:14,270.95,40,Exchange Continuous
1IV2512O9,09:25:14,270.95,128,Exchange Continuous
1IV2512O8,09:25:14,270.95,40,Exchange Continuous
1IV2512O7,09:25:14,270.95,80,Exchange Continuous
1IV2512O6,09:25:14,270.95,248,Exchange Continuous
1IV2512O5,09:25:14,270.95,192,Exchange Continuous
1IV2512O4,09:25:14,270.95,56,Exchange Continuous
1IV2512O3,09:25:14,270.95,192,Exchange Continuous
1IV2512O2,09:25:14,270.95,248,Exchange Continuous
1IV2512O1,09:25:14,270.95,304,Exchange Continuous
1IV2512O0,09:25:14,270.95,4,Exchange Continuous
1IV2512NZ,09:25:14,270.95,52,Exchange Continuous
1IV2512NY,09:25:14,270.95,98,Exchange Continuous
1IV2512NX,09:25:14,270.95,98,Exchange Continuous
1IV2512NW,09:25:14,270.95,52,Exchange Continuous
1IV2512NV,09:25:14,270.95,196,Exchange Continuous
1IV2512NU,09:25:14,270.95,52,Exchange Continuous
1IV2512NT,09:25:14,270.95,248,Exchange Continuous
1IV2512NS,09:25:14,270.95,248,Exchange Continuous
1IV2512NR,09:25:14,270.95,248,Exchange Continuous
1IV2512NQ,09:25:14,270.95,4,Exchange Continuous
1IV2512NO,09:25:00,270.90,5,Exchange Continuous
1IV2512NN,09:24:46,270.80,1 626,Exchange Continuous
1IV2512NL,09:24:26,270.95,96,Exchange Continuous
1IV2512NK,09:24:26,270.90,4,Exchange Continuous
1IV2512NJ,09:24:25,270.85,303,Exchange Continuous
1IV2512NI,09:24:25,270.85,440,Exchange Continuous
1IV2512NH,09:24:21,270.90,440,Exchange Continuous
1IV2512NG,09:24:21,270.90,240,Exchange Continuous
1IV2512NF,09:24:21,270.90,294,Exchange Continuous
1IV2512NE,09:24:21,270.90,100,Exchange Continuous
1IV2512ND,09:24:21,270.90,270,Exchange Continuous
1IV2512NC,09:24:21,270.85,70,Exchange Continuous
1IV2512NB,09:24:21,270.85,3,Exchange Continuous
1IV2512N2,09:23:41,270.75,275,Retail Matching Facility
1IV2512MW,09:23:17,270.90,3,Exchange Continuous
1IV2512MJ,09:22:00,271.00,170,Exchange Continuous
1IV2512MI,09:22:00,271.00,18,Exchange Continuous
1IV2512MH,09:22:00,271.00,118,Exchange Continuous
1IV2512MG,09:22:00,270.95,3,Exchange Continuous
1IV2512MF,09:21:54,270.80,374,Exchange Continuous
1IV2512ME,09:21:54,270.80,10,Exchange Continuous
1IV2512MD,09:21:53,270.85,70,Exchange Continuous
1IV2512MC,09:21:53,270.85,294,Exchange Continuous
1IV2512MB,09:21:53,270.85,380,Exchange Continuous
1IV2512MA,09:21:53,270.85,303,Exchange Continuous
1IV2512M9,09:21:50,270.90,70,Exchange Continuous
1IV2512M4,09:21:04,270.90,548,Exchange Continuous
1IV2512M3,09:21:04,270.90,870,Exchange Continuous
1IV2512M2,09:21:04,270.90,275,Exchange Continuous
1IV2512M1,09:21:04,270.90,273,Exchange Continuous
1IV2512M0,09:21:04,270.90,569,Exchange Continuous
1IV2512LZ,09:21:04,270.90,303,Exchange Continuous
1IV2512LY,09:21:03,271.00,100,Exchange Continuous
1IV2512LX,09:21:02,271.00,1 050,Exchange Continuous
1IV2512LW,09:20:59,271.10,295,Exchange Continuous
1IV2512LV,09:20:59,271.10,70,Exchange Continuous
1IV2512LU,09:20:59,271.10,681,Exchange Continuous
1IV2512LT,09:20:59,271.10,320,Exchange Continuous
1IV2512LS,09:20:59,271.10,14,Exchange Continuous
1IV2512LR,09:20:59,271.10,303,Exchange Continuous
1IV2512LQ,09:20:54,271.20,99,Exchange Continuous
1IV2512LO,09:20:48,271.25,1 127,Exchange Continuous
1IV2512LN,09:20:48,271.25,215,Exchange Continuous
1IV2512LM,09:20:48,271.25,1 000,Exchange Continuous
1IV2512LL,09:20:48,271.30,303,Exchange Continuous
1IV2512LK,09:20:48,271.30,103,Exchange Continuous
1IV2512LJ,09:20:48,271.40,70,Exchange Continuous
1IV2512LI,09:20:48,271.35,555,Exchange Continuous
1IV2512LH,09:20:48,271.35,486,Exchange Continuous
1IV2512LG,09:20:48,271.35,303,Exchange Continuous
1IV2512LF,09:20:48,271.35,486,Exchange Continuous
1IV2512LE,09:20:48,271.35,679,Exchange Continuous
1IV2512LD,09:20:48,271.35,298,Exchange Continuous
1IV2512LC,09:20:48,271.35,349,Exchange Continuous
1IV2512L1,09:20:15,271.45,32,Retail Matching Facility
1IV2512L0,09:20:06,271.40,303,Exchange Continuous
1IV2512KZ,09:20:06,271.40,70,Exchange Continuous
1IV2512KY,09:20:06,271.40,903,Exchange Continuous
1IV2512KP,09:19:50,271.45,20,Exchange Continuous
1IV2512KO,09:19:50,271.45,7,Exchange Continuous
1IV2512KN,09:19:50,271.45,13,Exchange Continuous
1IV2512KL,09:19:31,271.40,146,Exchange Continuous
1IV2512KK,09:19:31,271.45,942,Exchange Continuous
1IV2512KJ,09:19:28,271.50,794,Exchange Continuous
1IV2512KF,09:19:25,271.55,62,Retail Matching Facility
1IV2512KE,09:19:16,271.55,221,Exchange Continuous
1IV2512KD,09:19:16,271.55,270,Exchange Continuous
1IV2512KC,09:19:16,271.55,270,Exchange Continuous
1IV2512KB,09:19:16,271.55,33,Exchange Continuous
1IV2512KA,09:19:16,271.55,300,Exchange Continuous
1IV2512K4,09:19:03,271.55,16,Exchange Continuous
1IV2512K3,09:19:03,271.55,6,Exchange Continuous
1IV2512K2,09:19:03,271.55,15,Exchange Continuous
1IV2512K1,09:19:03,271.55,7,Exchange Continuous
1IV2512K0,09:19:03,271.55,7,Retail Matching Facility
1IV2512JW,09:18:43,271.50,334,Exchange Continuous
1IV2512JV,09:18:43,271.50,77,Exchange Continuous
1IV2512JU,09:18:43,271.50,456,Exchange Continuous
1IV2512JT,09:18:43,271.50,179,Exchange Continuous
1IV2512JS,09:18:43,271.50,303,Exchange Continuous
1IV2512JR,09:18:43,271.50,12,Exchange Continuous
1IV2512JQ,09:18:43,271.50,533,Exchange Continuous
1IV2512JP,09:18:43,271.50,90,Exchange Continuous
1IV2512JO,09:18:43,271.50,392,Exchange Continuous
1IV2512JN,09:18:43,271.50,243,Exchange Continuous
1IV2512JJ,09:18:31,271.55,215,Exchange Continuous
1IV2512JI,09:18:31,271.55,303,Exchange Continuous
1IV2512JH,09:18:31,271.55,303,Exchange Continuous
1IV2512JG,09:18:31,271.55,45,Exchange Continuous
1IV2512JF,09:18:25,271.60,40,Exchange Continuous
1IV2512JE,09:18:25,271.60,303,Exchange Continuous
1IV2512JD,09:18:25,271.65,100,Exchange Continuous
1IV2512JC,09:18:25,271.65,32,Exchange Continuous
1IV2512JB,09:18:25,271.65,271,Exchange Continuous
1IV2512JA,09:18:25,271.65,271,Exchange Continuous
1IV2512J9,09:18:25,271.65,32,Exchange Continuous
1IV2512J8,09:18:25,271.65,271,Exchange Continuous
1IV2512J7,09:18:25,271.65,271,Exchange Continuous
1IV2512J6,09:18:25,271.65,32,Exchange Continuous
1IV2512J5,09:18:25,271.65,271,Exchange Continuous
1IV2512J4,09:18:25,271.65,271,Exchange Continuous
1IV2512J3,09:18:25,271.65,32,Exchange Continuous
1IV2512J2,09:18:25,271.65,271,Exchange Continuous
1IV2512J1,09:18:25,271.65,71,Exchange Continuous
1IV2512J0,09:18:25,271.65,200,Exchange Continuous
1IV2512IZ,09:18:25,271.65,49,Exchange Continuous
1IV2512IY,09:18:25,271.65,271,Exchange Continuous
1IV2512IX,09:18:25,271.65,176,Exchange Continuous
1IV2512IW,09:18:25,271.65,95,Exchange Continuous
1IV2512IV,09:18:25,271.65,176,Exchange Continuous
1IV2512IU,09:18:25,271.65,32,Exchange Continuous
1IV2512IT,09:18:25,271.65,271,Exchange Continuous
1IV2512IS,09:18:25,271.65,784,Exchange Continuous
1IV2512IR,09:18:25,271.65,176,Exchange Continuous
1IV2512IQ,09:18:25,271.65,95,Exchange Continuous
1IV2512IP,09:18:25,271.65,29,Exchange Continuous
1IV2512IO,09:18:25,271.65,271,Exchange Continuous
1IV2512IN,09:18:25,271.65,148,Exchange Continuous
1IV2512IM,09:18:25,271.65,95,Exchange Continuous
1IV2512IL,09:18:25,271.65,176,Exchange Continuous
1IV2512IK,09:18:25,271.65,1 431,Exchange Continuous
1IV2512IJ,09:18:25,271.65,243,Exchange Continuous
1IV2512II,09:18:25,271.65,28,Exchange Continuous
1IV2512IH,09:18:25,271.65,275,Exchange Continuous
1IV2512IG,09:18:25,271.65,271,Exchange Continuous
1IV2512IF,09:18:25,271.65,436,Exchange Continuous
1IV2512IE,09:18:25,271.65,271,Exchange Continuous
1IV2512ID,09:18:25,271.65,436,Exchange Continuous
1IV2512IA,09:18:05,271.65,1,Exchange Continuous
1IV2512I9,09:17:43,271.60,14,Exchange Continuous
1IV2512I8,09:17:43,271.60,250,Exchange Continuous
1IV2512I7,09:17:43,271.50,367,Exchange Continuous
1IV2512I6,09:17:43,271.50,360,Exchange Continuous
1IV2512I5,09:17:43,271.50,303,Exchange Continuous
1IV2512I4,09:17:41,271.55,1,Exchange Continuous
1IV2512I3,09:17:41,271.55,1,Exchange Continuous
1IV2512I0,09:17:28,271.45,695,Exchange Continuous
1IV2512HZ,09:17:28,271.45,369,Exchange Continuous
1IV2512HY,09:17:28,271.45,47,Exchange Continuous
1IV2512HX,09:17:28,271.45,110,Exchange Continuous
1IV2512HW,09:17:28,271.45,146,Exchange Continuous
1IV2512HV,09:17:28,271.45,223,Exchange Continuous
1IV2512HU,09:17:28,271.45,223,Exchange Continuous
1IV2512HT,09:17:28,271.45,369,Exchange Continuous
1IV2512HS,09:17:28,271.45,223,Exchange Continuous
1IV2512HR,09:17:28,271.45,249,Exchange Continuous
1IV2512HQ,09:17:28,271.45,120,Exchange Continuous
1IV2512HP,09:17:28,271.45,163,Exchange Continuous
1IV2512HO,09:17:28,271.45,60,Exchange Continuous
1IV2512HN,09:17:28,271.45,369,Exchange Continuous
1IV2512HM,09:17:28,271.45,309,Exchange Continuous
1IV2512HL,09:17:28,271.45,223,Exchange Continuous
1IV2512HK,09:17:28,271.45,60,Exchange Continuous
1IV2512HJ,09:17:28,271.45,309,Exchange Continuous
1IV2512HI,09:17:28,271.45,60,Exchange Continuous
1IV2512HH,09:17:28,271.45,163,Exchange Continuous
1IV2512HG,09:17:28,271.45,369,Exchange Continuous
1IV2512HF,09:17:28,271.45,223,Exchange Continuous
1IV2512HE,09:17:28,271.45,309,Exchange Continuous
1IV2512HD,09:17:28,271.45,156,Exchange Continuous
1IV2512HC,09:17:28,271.45,369,Exchange Continuous
1IV2512HB,09:17:28,271.45,7,Exchange Continuous
1IV2512H5,09:17:05,271.45,3,Exchange Continuous
1IV2512H1,09:16:57,271.40,178,Exchange Continuous
1IV2512H0,09:16:57,271.40,119,Exchange Continuous
1IV2512GZ,09:16:57,271.40,162,Exchange Continuous
1IV2512GY,09:16:57,271.40,269,Exchange Continuous
1IV2512GX,09:16:57,271.40,279,Exchange Continuous
1IV2512GW,09:16:57,271.40,281,Exchange Continuous
1IV2512GT,09:16:45,271.50,61,Retail Matching Facility
1IV2512GR,09:16:37,271.40,3,Retail Matching Facility
1IV2512GM,09:16:28,271.40,337,Exchange Continuous
1IV2512GL,09:16:28,271.40,1,Exchange Continuous
1IV2512GK,09:16:24,271.40,44,Exchange Continuous
1IV2512GH,09:16:16,271.40,123,Exchange Continuous
1IV2512GG,09:16:16,271.40,877,Retail Matching Facility
1IV2512GD,09:16:05,271.25,121,Exchange Continuous
1IV2512GC,09:16:02,271.20,303,Exchange Continuous
1IV2512G9,09:15:52,271.10,2,Exchange Continuous
1IV2512G1,09:15:11,271.15,15,Retail Matching Facility
1IV2512FR,09:15:01,271.15,400,Exchange Continuous
1IV2512FM,09:15:00,271.20,303,Exchange Continuous
1IV2512FG,09:14:53,271.15,1 000,Retail Matching Facility
1IV2512F7,09:14:33,270.95,6,Exchange Continuous
1IV2512F6,09:14:33,270.90,584,Exchange Continuous
1IV2512F5,09:14:33,270.90,336,Exchange Continuous
1IV2512F4,09:14:33,270.90,80,Exchange Continuous
1IV2512F3,09:14:33,270.90,113,Exchange Continuous
1IV2512F2,09:14:33,270.90,95,Exchange Continuous
1IV2512F1,09:14:33,270.90,208,Exchange Continuous
1IV2512F0,09:14:33,270.90,1 000,Retail Matching Facility
1IV2512EZ,09:14:28,270.80,185,Exchange Continuous
1IV2512EY,09:14:28,270.75,97,Exchange Continuous
1IV2512EX,09:14:28,270.75,175,Exchange Continuous
1IV2512EW,09:14:28,270.75,206,Retail Matching Facility
1IV2512EN,09:14:08,270.75,407,Exchange Continuous
1IV2512EM,09:14:08,270.75,10,Exchange Continuous
1IV2512EJ,09:14:06,270.75,54,Exchange Continuous
1IV2512EI,09:14:06,270.75,129,Exchange Continuous
1IV2512EH,09:14:06,270.75,350,Retail Matching Facility
1IV2512EG,09:14:06,270.75,50,Exchange Continuous
1IV2512E7,09:13:51,270.70,93,Exchange Continuous
1IV2512E6,09:13:51,270.70,117,Exchange Continuous
1IV2512E5,09:13:51,270.65,805,Exchange Continuous
1IV2512E4,09:13:43,270.60,211,Exchange Continuous
1IV2512E3,09:13:43,270.60,630,Exchange Continuous
1IV2512E2,09:13:43,270.60,58,Retail Matching Facility
1IV2512DY,09:13:16,270.75,9,Exchange Continuous
1IV2512DX,09:13:16,270.75,9,Exchange Continuous
1IV2512DW,09:13:10,270.85,6,Exchange Continuous
1IV2512DV,09:13:10,270.85,4,Exchange Continuous
1IV2512DU,09:13:10,270.85,16,Exchange Continuous
1IV2512DT,09:13:10,270.85,2,Exchange Continuous
1IV2512DS,09:13:10,270.90,142,Exchange Continuous
1IV2512DR,09:13:10,270.90,119,Exchange Continuous
1IV2512DQ,09:13:10,270.90,281,Exchange Continuous
1IV2512DP,09:13:10,270.90,235,Exchange Continuous
1IV2512DO,09:13:10,270.90,46,Exchange Continuous
1IV2512DN,09:13:10,270.90,2 000,Exchange Continuous
1IV2512DM,09:13:10,270.90,1,Exchange Continuous
1IV2512DK,09:13:06,270.95,251,Exchange Continuous
1IV2512DI,09:13:04,270.95,1 372,Exchange Continuous
1IV2512DH,09:13:04,270.95,1 075,Exchange Continuous
1IV2512DG,09:13:04,270.95,470,Exchange Continuous
1IV2512DF,09:13:04,270.95,83,Exchange Continuous
1IV2512DE,09:13:04,271.00,400,Exchange Continuous
1IV2512DD,09:13:04,271.00,263,Exchange Continuous
1IV2512DC,09:13:04,271.00,303,Exchange Continuous
1IV2512DB,09:13:04,271.00,74,Exchange Continuous
1IV2512D1,09:12:54,271.15,15,Retail Matching Facility
1IV2512D0,09:12:51,271.20,195,Exchange Continuous
1IV2512CZ,09:12:51,271.20,262,Exchange Continuous
1IV2512CY,09:12:51,271.20,303,Exchange Continuous
1IV2512CX,09:12:51,271.20,240,Exchange Continuous
1IV2512CV,09:12:16,271.20,439,Exchange Continuous
1IV2512CU,09:12:16,271.20,439,Exchange Continuous
1IV2512CT,09:12:16,271.20,257,Exchange Continuous
1IV2512CS,09:12:16,271.25,258,Exchange Continuous
1IV2512CQ,09:12:00,271.40,157,Exchange Continuous
1IV2512CP,09:12:00,271.40,303,Exchange Continuous
1IV2512CO,09:11:59,271.35,50,Exchange Continuous
1IV2512CN,09:11:57,271.20,1 495,Exchange Continuous
1IV2512CM,09:11:57,271.20,1 495,Exchange Continuous
1IV2512CL,09:11:57,271.15,400,Exchange Continuous
1IV2512CK,09:11:57,271.20,303,Exchange Continuous
1IV2512CJ,09:11:57,271.20,180,Exchange Continuous
1IV2512CI,09:11:57,271.20,252,Exchange Continuous
1IV2512CH,09:11:57,271.25,189,Exchange Continuous
1IV2512CG,09:11:57,271.25,252,Exchange Continuous
1IV2512CF,09:11:57,271.30,400,Exchange Continuous
1IV2512CE,09:11:57,271.30,303,Exchange Continuous
1IV2512CD,09:11:57,271.30,188,Exchange Continuous
1IV2512CC,09:11:57,271.30,252,Exchange Continuous
1IV2512CB,09:11:57,271.35,1 030,Exchange Continuous
1IV2512CA,09:11:57,271.35,556,Exchange Continuous
1IV2512C9,09:11:57,271.35,400,Exchange Continuous
1IV2512C8,09:11:57,271.35,303,Exchange Continuous
1IV2512C7,09:11:57,271.35,250,Exchange Continuous
1IV2512C6,09:11:57,271.40,621,Exchange Continuous
1IV2512C5,09:11:57,271.40,510,Exchange Continuous
1IV2512C2,09:11:38,271.75,540,Exchange Continuous
1IV2512C1,09:11:38,271.75,427,Exchange Continuous
1IV2512C0,09:11:32,271.80,499,Exchange Continuous
1IV2512BZ,09:11:32,271.80,534,Exchange Continuous
1IV2512BX,09:11:30,271.80,499,Exchange Continuous
1IV2512BW,09:11:30,271.80,534,Exchange Continuous
1IV2512BV,09:11:30,271.80,249,Exchange Continuous
1IV2512BU,09:11:30,271.80,499,Exchange Continuous
1IV2512BT,09:11:30,271.80,534,Exchange Continuous
1IV2512BS,09:11:30,271.80,525,Exchange Continuous
1IV2512BR,09:11:30,271.85,228,Exchange Continuous
1IV2512BQ,09:11:23,271.85,400,Exchange Continuous
1IV2512BP,09:11:23,271.85,522,Exchange Continuous
1IV2512BO,09:11:19,271.90,46,Exchange Continuous
1IV2512BN,09:11:19,271.85,554,Exchange Continuous
1IV2512BH,09:10:57,271.80,365,Exchange Continuous
1IV2512BG,09:10:57,271.80,155,Exchange Continuous
1IV2512BF,09:10:57,271.80,138,Exchange Continuous
1IV2512BE,09:10:57,271.80,303,Exchange Continuous
1IV2512BB,09:10:40,272.05,260,Exchange Continuous
1IV2512BA,09:10:40,272.05,51,Exchange Continuous
1IV2512B9,09:10:40,272.05,878,Exchange Continuous
1IV2512B8,09:10:40,272.05,537,Exchange Continuous
1IV2512B7,09:10:40,272.05,462,Exchange Continuous
1IV2512B6,09:10:40,272.10,70,Exchange Continuous
1IV2512B5,09:10:40,272.05,4,Exchange Continuous
1IV2512B4,09:10:40,272.05,537,Exchange Continuous
1IV2512B3,09:10:40,272.05,462,Exchange Continuous
1IV2512B2,09:10:40,272.05,537,Exchange Continuous
1IV2512B1,09:10:40,272.10,405,Exchange Continuous
1IV2512AV,09:10:34,272.15,240,Exchange Continuous
1IV2512AU,09:10:34,272.10,3,Exchange Continuous
1IV2512AR,09:10:24,271.95,188,Exchange Continuous
1IV2512AQ,09:10:24,271.95,303,Exchange Continuous
1IV2512AP,09:10:24,271.95,50,Retail Matching Facility
1IV2512AC,09:10:00,272.10,671,Exchange Continuous
1IV2512AB,09:10:00,272.10,381,Exchange Continuous
1IV2512AA,09:10:00,272.10,495,Exchange Continuous
1IV2512A9,09:10:00,272.10,303,Exchange Continuous
1IV2512A8,09:10:00,272.10,118,Exchange Continuous
1IV2512A3,09:09:37,272.20,240,Exchange Continuous
1IV2512A2,09:09:37,272.20,303,Exchange Continuous
1IV2512A1,09:09:37,272.20,70,Exchange Continuous
1IV2512A0,09:09:37,272.20,146,Exchange Continuous
1IV25129Z,09:09:35,272.30,75,Exchange Continuous
1IV25129Y,09:09:35,272.30,10,Exchange Continuous
1IV25129X,09:09:34,272.40,134,Exchange Continuous
1IV25129W,09:09:34,272.40,70,Exchange Continuous
1IV25129V,09:09:34,272.40,303,Exchange Continuous
1IV25129Q,09:09:21,272.65,19,Exchange Continuous
1IV25129P,09:09:21,272.65,462,Exchange Continuous
1IV25129O,09:09:21,272.65,91,Exchange Continuous
1IV25129N,09:09:21,272.65,220,Exchange Continuous
1IV25129M,09:09:21,272.65,184,Exchange Continuous
1IV25129L,09:09:21,272.65,462,Exchange Continuous
1IV25129K,09:09:21,272.65,20,Exchange Continuous
1IV25129J,09:09:21,272.65,506,Exchange Continuous
1IV25129I,09:09:21,272.65,507,Exchange Continuous
1IV25129H,09:09:21,272.65,378,Exchange Continuous
1IV25129G,09:09:21,272.65,84,Exchange Continuous
1IV25129F,09:09:21,272.65,562,Exchange Continuous
1IV25129E,09:09:21,272.65,93,Exchange Continuous
1IV25129D,09:09:21,272.65,400,Exchange Continuous
1IV25129C,09:09:21,272.65,13,Exchange Continuous
1IV25129B,09:09:21,272.65,147,Exchange Continuous
1IV25129A,09:09:21,272.65,360,Exchange Continuous
1IV251299,09:09:21,272.65,462,Exchange Continuous
1IV251298,09:09:21,272.65,562,Exchange Continuous
1IV251297,09:09:21,272.65,506,Exchange Continuous
1IV251296,09:09:21,272.65,507,Exchange Continuous
1IV251295,09:09:21,272.65,240,Exchange Continuous
1IV251294,09:09:21,272.65,462,Exchange Continuous
1IV251293,09:09:21,272.65,562,Exchange Continuous
1IV251292,09:09:21,272.65,506,Exchange Continuous
1IV251291,09:09:21,272.65,507,Exchange Continuous
1IV251290,09:09:21,272.70,70,Exchange Continuous
1IV25128Z,09:09:20,272.85,37,Retail Matching Facility
1IV25128U,09:09:05,272.80,33,Exchange Continuous
1IV25128L,09:08:42,272.75,625,Exchange Continuous
1IV25128K,09:08:35,272.70,62,Retail Matching Facility
1IV25128J,09:08:35,272.75,216,Exchange Continuous
1IV25128I,09:08:35,272.75,8,Exchange Continuous
1IV25128H,09:08:35,272.65,56,Exchange Continuous
1IV25128G,09:08:35,272.65,56,Exchange Continuous
1IV25128F,09:08:35,272.65,25,Exchange Continuous
1IV25128E,09:08:34,272.60,131,Exchange Continuous
1IV25128D,09:08:34,272.60,410,Exchange Continuous
1IV25128C,09:08:31,272.50,61,Retail Matching Facility
1IV25128B,09:08:31,272.50,50,Retail Matching Facility
1IV25128A,09:08:28,272.50,357,Exchange Continuous
1IV251289,09:08:28,272.50,50,Exchange Continuous
1IV251288,09:08:28,272.45,200,Exchange Continuous
1IV251287,09:08:28,272.45,200,Exchange Continuous
1IV251286,09:08:28,272.45,200,Exchange Continuous
1IV251285,09:08:28,272.45,199,Exchange Continuous
1IV251284,09:08:28,272.45,1,Exchange Continuous
1IV251283,09:08:26,272.45,200,Exchange Continuous
1IV251281,09:08:17,272.40,261,Exchange Continuous
1IV251280,09:08:17,272.40,261,Exchange Continuous
1IV25127Z,09:08:17,272.40,58,Exchange Continuous
1IV25127S,09:07:51,272.30,494,Exchange Continuous
1IV25127O,09:07:45,272.20,625,Exchange Continuous
1IV25127N,09:07:43,272.25,103,Exchange Continuous
1IV25127M,09:07:37,272.20,105,Exchange Continuous
1IV25127K,09:07:32,272.20,600,Exchange Continuous
1IV25127J,09:07:32,272.30,19,Exchange Continuous
1IV25127I,09:07:32,272.25,102,Exchange Continuous
1IV25127H,09:07:32,272.20,360,Exchange Continuous
1IV25127G,09:07:32,272.20,101,Exchange Continuous
1IV25127F,09:07:32,272.15,109,Exchange Continuous
1IV25127E,09:07:32,272.10,109,Exchange Continuous
1IV25127D,09:07:32,272.05,50,Exchange Continuous
1IV25127C,09:07:32,272.05,360,Exchange Continuous
1IV25127B,09:07:32,272.05,105,Exchange Continuous
1IV25127A,09:07:32,272.00,105,Exchange Continuous
1IV251279,09:07:32,272.00,303,Exchange Continuous
1IV251278,09:07:32,271.95,237,Exchange Continuous
1IV251277,09:07:32,271.95,78,Exchange Continuous
1IV251276,09:07:32,272.05,320,Exchange Continuous
1IV251275,09:07:32,272.05,72,Exchange Continuous
1IV251274,09:07:32,272.10,2 121,Exchange Continuous
1IV251273,09:07:32,272.10,2 291,Exchange Continuous
1IV251272,09:07:32,272.10,833,Exchange Continuous
1IV251271,09:07:32,272.10,536,Exchange Continuous
1IV251270,09:07:32,272.10,554,Exchange Continuous
1IV25126Z,09:07:32,272.10,513,Exchange Continuous
1IV25126Y,09:07:32,272.10,648,Exchange Continuous
1IV25126X,09:07:32,272.10,303,Exchange Continuous
1IV25126W,09:07:32,272.10,240,Exchange Continuous
1IV25126V,09:07:32,272.10,216,Exchange Continuous
1IV25126U,09:07:32,272.15,70,Exchange Continuous
1IV25126T,09:07:32,272.15,303,Exchange Continuous
1IV25126Q,09:07:24,272.30,100,Retail Matching Facility
1IV25126P,09:07:20,272.30,145,Exchange Continuous
1IV25126O,09:07:20,272.30,145,Exchange Continuous
1IV25126N,09:07:20,272.30,130,Retail Matching Facility
1IV25126M,09:07:14,272.25,70,Exchange Continuous
1IV25126L,09:07:14,272.25,160,Exchange Continuous
1IV25126K,09:07:14,272.25,240,Exchange Continuous
1IV25126J,09:07:14,272.25,480,Exchange Continuous
1IV25126I,09:07:07,272.30,45,Retail Matching Facility
1IV25126B,09:07:03,272.30,400,Exchange Continuous
1IV25126A,09:07:03,272.30,95,Exchange Continuous
1IV251269,09:07:03,272.30,129,Exchange Continuous
1IV251268,09:07:02,272.25,39,Exchange Continuous
1IV251267,09:07:02,272.25,42,Exchange Continuous
1IV251266,09:07:02,272.25,58,Exchange Continuous
1IV25125X,09:06:56,272.15,240,Exchange Continuous
1IV25125W,09:06:56,272.15,70,Exchange Continuous
1IV25125V,09:06:51,272.20,693,Exchange Continuous
1IV25125U,09:06:51,272.20,97,Exchange Continuous
1IV25125T,09:06:51,272.20,214,Exchange Continuous
1IV25125S,09:06:48,272.15,493,Exchange Continuous
1IV25125R,09:06:48,272.15,241,Exchange Continuous
1IV25125Q,09:06:48,272.20,303,Exchange Continuous
1IV25125P,09:06:48,272.15,261,Exchange Continuous
1IV25125O,09:06:48,272.15,241,Exchange Continuous
1IV25125N,09:06:48,272.15,493,Exchange Continuous
1IV25125M,09:06:48,272.15,261,Exchange Continuous
1IV25125L,09:06:48,272.15,241,Exchange Continuous
1IV25125K,09:06:48,272.15,493,Exchange Continuous
1IV25125J,09:06:48,272.15,502,Exchange Continuous
1IV25125I,09:06:48,272.15,493,Exchange Continuous
1IV25125H,09:06:48,272.15,644,Exchange Continuous
1IV25125G,09:06:48,272.20,1 225,Exchange Continuous
1IV25125F,09:06:48,272.20,70,Exchange Continuous
1IV25125E,09:06:42,272.20,9,Exchange Continuous
1IV25125D,09:06:42,272.20,294,Exchange Continuous
1IV25125C,09:06:42,272.25,280,Exchange Continuous
1IV25125B,09:06:42,272.25,213,Exchange Continuous
1IV25125A,09:06:42,272.25,96,Exchange Continuous
1IV251259,09:06:42,272.20,77,Exchange Continuous
1IV251258,09:06:42,272.20,214,Exchange Continuous
1IV251257,09:06:42,272.20,97,Exchange Continuous
1IV251255,09:06:41,272.10,70,Exchange Continuous
1IV251253,09:06:38,272.10,37,Exchange Continuous
1IV251252,09:06:38,272.15,207,Exchange Continuous
1IV251251,09:06:38,272.15,96,Exchange Continuous
1IV251250,09:06:38,272.20,303,Exchange Continuous
1IV25124Z,09:06:38,272.25,213,Exchange Continuous
1IV25124Y,09:06:38,272.25,94,Exchange Continuous
1IV25124X,09:06:38,272.20,97,Exchange Continuous
1IV25124W,09:06:38,272.20,213,Exchange Continuous
1IV25124V,09:06:38,272.20,240,Exchange Continuous
1IV25124U,09:06:38,272.15,213,Exchange Continuous
1IV25124T,09:06:38,272.15,98,Exchange Continuous
1IV25124S,09:06:38,272.15,155,Exchange Continuous
1IV25124R,09:06:38,272.15,147,Exchange Continuous
1IV25124Q,09:06:38,272.05,90,Exchange Continuous
1IV25124P,09:06:38,272.05,110,Exchange Continuous
1IV25124O,09:06:38,272.05,85,Exchange Continuous
1IV25124N,09:06:38,272.05,170,Exchange Continuous
1IV25124M,09:06:38,272.05,85,Exchange Continuous
1IV25124L,09:06:38,272.05,70,Exchange Continuous
1IV25124K,09:06:38,272.05,170,Exchange Continuous
1IV25124J,09:06:38,272.05,280,Exchange Continuous
1IV25124I,09:06:38,272.05,450,Exchange Continuous
1IV25124H,09:06:38,272.05,450,Exchange Continuous
1IV25124G,09:06:38,272.05,483,Exchange Continuous
1IV25124F,09:06:38,272.05,70,Exchange Continuous
1IV25124E,09:06:38,272.05,450,Exchange Continuous
1IV25124D,09:06:34,272.10,70,Exchange Continuous
1IV25124C,09:06:34,272.10,22,Exchange Continuous
1IV251247,09:06:16,272.15,239,Exchange Continuous
1IV251246,09:06:16,272.15,239,Exchange Continuous
1IV251245,09:06:16,272.15,70,Exchange Continuous
1IV251244,09:06:16,272.15,240,Exchange Continuous
1IV251243,09:06:16,272.15,165,Exchange Continuous
1IV251242,09:06:16,272.15,74,Exchange Continuous
1IV251240,09:06:14,272.15,239,Exchange Continuous
1IV25123Z,09:06:14,272.15,78,Exchange Continuous
1IV25123Y,09:06:14,272.15,70,Exchange Continuous
1IV25123X,09:06:05,272.00,21,Exchange Continuous
1IV25123W,09:06:05,272.00,2,Exchange Continuous
1IV25123V,09:06:05,271.95,23,Exchange Continuous
1IV25123U,09:06:05,271.95,144,Exchange Continuous
1IV25123T,09:06:05,271.95,144,Exchange Continuous
1IV25123S,09:06:05,271.95,23,Retail Matching Facility
1IV25123G,09:05:50,271.85,208,Exchange Continuous
1IV25123F,09:05:50,271.85,276,Exchange Continuous
1IV25123E,09:05:50,271.85,211,Exchange Continuous
1IV25123D,09:05:50,271.85,81,Exchange Continuous
1IV25123C,09:05:50,271.85,303,Exchange Continuous
1IV25123B,09:05:50,271.85,240,Exchange Continuous
1IV251239,09:05:48,271.95,55,Exchange Continuous
1IV251238,09:05:48,271.95,165,Exchange Continuous
1IV251237,09:05:48,271.95,338,Exchange Continuous
1IV251236,09:05:44,271.80,490,Retail Matching Facility
1IV251230,09:05:37,271.80,9,Exchange Continuous
1IV25122Z,09:05:37,271.80,64,Exchange Continuous
1IV25122Y,09:05:37,271.80,176,Exchange Continuous
1IV25122X,09:05:37,271.80,10,Exchange Continuous
1IV25122M,09:05:26,271.80,460,Exchange Continuous
1IV25122L,09:05:26,271.80,240,Exchange Continuous
1IV25122K,09:05:26,271.80,401,Exchange Continuous
1IV25122J,09:05:26,271.80,112,Exchange Continuous
1IV25122I,09:05:26,271.80,220,Exchange Continuous
1IV25122H,09:05:26,271.80,100,Retail Matching Facility
1IV251229,09:05:15,271.70,100,Exchange Continuous
1IV251220,09:04:49,271.55,129,Exchange Continuous
1IV25121Z,09:04:49,271.50,57,Exchange Continuous
1IV25121Y,09:04:49,271.50,98,Exchange Continuous
1IV25121X,09:04:49,271.45,129,Exchange Continuous
1IV25121W,09:04:49,271.40,290,Retail Matching Facility
1IV25121G,09:04:09,271.30,17,Exchange Continuous
1IV25121F,09:04:09,271.30,9,Retail Matching Facility
1IV25121D,09:04:01,271.45,2,Retail Matching Facility
1IV25121C,09:03:58,271.35,100,Exchange Continuous
1IV25121B,09:03:58,271.35,300,Retail Matching Facility
1IV25121A,09:03:55,271.45,183,Exchange Continuous
1IV251219,09:03:55,271.45,84,Exchange Continuous
1IV251218,09:03:55,271.45,198,Exchange Continuous
1IV251217,09:03:55,271.45,84,Exchange Continuous
1IV251216,09:03:55,271.45,198,Exchange Continuous
1IV251215,09:03:55,271.45,42,Exchange Continuous
1IV251214,09:03:55,271.45,198,Exchange Continuous
1IV251213,09:03:55,271.45,42,Exchange Continuous
1IV251212,09:03:55,271.45,42,Exchange Continuous
1IV251211,09:03:55,271.45,78,Exchange Continuous
1IV251210,09:03:55,271.45,42,Exchange Continuous
1IV25120Z,09:03:55,271.45,240,Exchange Continuous
1IV25120Y,09:03:55,271.45,38,Exchange Continuous
1IV25120X,09:03:55,271.45,82,Exchange Continuous
1IV25120W,09:03:55,271.45,200,Exchange Continuous
1IV25120V,09:03:55,271.45,80,Exchange Continuous
1IV25120U,09:03:55,271.45,240,Exchange Continuous
1IV25120T,09:03:55,271.45,42,Exchange Continuous
1IV25120S,09:03:55,271.45,240,Exchange Continuous
1IV25120R,09:03:55,271.45,42,Exchange Continuous
1IV25120Q,09:03:55,271.45,240,Exchange Continuous
1IV25120P,09:03:55,271.45,38,Exchange Continuous
1IV25120O,09:03:55,271.45,282,Exchange Continuous
1IV25120N,09:03:55,271.45,282,Exchange Continuous
1IV25120M,09:03:55,271.45,282,Exchange Continuous
1IV25120L,09:03:55,271.45,282,Exchange Continuous
1IV25120K,09:03:55,271.45,11,Exchange Continuous
1IV25120H,09:03:39,271.40,343,Exchange Continuous
1IV25120G,09:03:39,271.35,107,Exchange Continuous
1IV25120F,09:03:38,271.30,500,Exchange Continuous
1IV251209,09:03:01,271.30,637,Exchange Continuous
1IV251208,09:03:01,271.30,363,Exchange Continuous
1IV251207,09:03:01,271.30,211,Exchange Continuous
1IV251206,09:03:01,271.30,303,Exchange Continuous
1IV251205,09:02:51,271.35,80,Retail Matching Facility
1IV251204,09:02:49,271.40,63,Exchange Continuous
1IV251200,09:02:40,271.40,625,Exchange Continuous
1IV2511ZK,09:02:12,271.40,241,Exchange Continuous
1IV2511ZJ,09:02:12,271.45,283,Exchange Continuous
1IV2511ZI,09:02:12,271.45,240,Exchange Continuous
1IV2511ZH,09:02:12,271.45,439,Exchange Continuous
1IV2511ZG,09:02:12,271.45,439,Exchange Continuous
1IV2511ZF,09:02:12,271.45,439,Exchange Continuous
1IV2511ZE,09:02:12,271.45,439,Exchange Continuous
1IV2511ZD,09:02:12,271.45,439,Exchange Continuous
1IV2511ZC,09:02:12,271.50,103,Exchange Continuous
1IV2511ZB,09:02:12,271.50,234,Exchange Continuous
1IV2511ZA,09:02:12,271.50,175,Exchange Continuous
1IV2511YJ,09:01:47,271.55,303,Exchange Continuous
1IV2511YI,09:01:47,271.65,272,Exchange Continuous
1IV2511YH,09:01:25,271.70,358,Exchange Continuous
1IV2511YG,09:01:25,271.65,19,Exchange Continuous
1IV2511YD,09:01:13,271.50,78,Exchange Continuous
1IV2511XW,09:00:39,271.65,19,Exchange Continuous
1IV2511XV,09:00:39,271.70,355,Exchange Continuous
1IV2511XU,09:00:39,271.70,444,Exchange Continuous
1IV2511XT,09:00:39,271.70,444,Exchange Continuous
1IV2511XS,09:00:39,271.70,285,Exchange Continuous
1IV2511XR,09:00:39,271.70,444,Exchange Continuous
1IV2511XQ,09:00:39,271.70,444,Exchange Continuous
1IV2511XP,09:00:39,271.70,38,Exchange Continuous
1IV2511XO,09:00:39,271.70,247,Exchange Continuous
1IV2511XN,09:00:39,271.75,240,Exchange Continuous
1IV2511XM,09:00:39,271.75,70,Exchange Continuous
1IV2511P3,09:00:09,271.85,12,Exchange Continuous
1IV2511P2,09:00:09,271.85,240,Exchange Continuous
1IV2511P1,09:00:09,271.85,70,Exchange Continuous
1IV2511OS,09:00:09,272.00,30,Exchange Continuous
1IV2511OR,09:00:09,272.00,25,Exchange Continuous
1IV2511KS,09:00:02,271.30,1,Opening
1IV2511KR,09:00:02,271.30,499,Opening
1IV2511KQ,09:00:02,271.30,522,Opening
1IV2511KP,09:00:02,271.30,35,Opening
1IV2511KO,09:00:02,271.30,93,Opening
1IV2511KN,09:00:02,271.30,2,Opening
1IV2511KM,09:00:02,271.30,11,Opening
1IV2511KL,09:00:02,271.30,36,Opening
1IV2511KK,09:00:02,271.30,1 753,Opening
1IV2511KJ,09:00:02,271.30,504,Opening
1IV2511KI,09:00:02,271.30,743,Opening
1IV2511KH,09:00:02,271.30,1,Opening
1IV2511KG,09:00:02,271.30,250,Opening
1IV2511KF,09:00:02,271.30,6,Opening
1IV2511KE,09:00:02,271.30,2,Opening
1IV2511KD,09:00:02,271.30,4,Opening
1IV2511KC,09:00:02,271.30,9,Opening
1IV2511KB,09:00:02,271.30,4,Opening
1IV2511KA,09:00:02,271.30,1,Opening
1IV2511K9,09:00:02,271.30,5,Opening
1IV2511K8,09:00:02,271.30,25,Opening
1IV2511K7,09:00:02,271.30,2,Opening
1IV2511K6,09:00:02,271.30,18,Opening
1IV2511K5,09:00:02,271.30,1,Opening
1IV2511K4,09:00:02,271.30,1,Opening
1IV2511K3,09:00:02,271.30,3,Opening
1IV2511K2,09:00:02,271.30,1,Opening
1IV2511K1,09:00:02,271.30,1,Opening
1IV2511K0,09:00:02,271.30,1,Opening
1IV2511JZ,09:00:02,271.30,3,Opening
1IV2511JY,09:00:02,271.30,7,Opening
1IV2511JX,09:00:02,271.30,11,Opening
1IV2511JW,09:00:02,271.30,1,Opening
1IV2511JV,09:00:02,271.30,1,Opening
1IV2511JU,09:00:02,271.30,1,Opening
1IV2511JT,09:00:02,271.30,6,Opening
1IV2511JS,09:00:02,271.30,24,Opening
1IV2511JR,09:00:02,271.30,5,Opening
1IV2511JQ,09:00:02,271.30,2,Opening
1IV2511JP,09:00:02,271.30,1,Opening
1IV2511JO,09:00:02,271.30,5,Opening
1IV2511JN,09:00:02,271.30,12,Opening
1IV2511JM,09:00:02,271.30,5,Opening
1IV2511JL,09:00:02,271.30,9,Opening
1IV2511JK,09:00:02,271.30,8,Opening
1IV2511JJ,09:00:02,271.30,4,Opening
1IV2511JI,09:00:02,271.30,60,Opening
1IV2511JH,09:00:02,271.30,10,Opening
1IV2511JG,09:00:02,271.30,48,Opening
1IV2511JF,09:00:02,271.30,6,Opening
1IV2511JE,09:00:02,271.30,37,Opening
1IV2511JD,09:00:02,271.30,6,Opening
1IV2511JC,09:00:02,271.30,1,Opening
1IV2511JB,09:00:02,271.30,2,Opening
1IV2511JA,09:00:02,271.30,36,Opening
1IV2511J9,09:00:02,271.30,4,Opening
1IV2511J8,09:00:02,271.30,9,Opening
1IV2511J7,09:00:02,271.30,27,Opening
1IV2511J6,09:00:02,271.30,8,Opening
1IV2511J5,09:00:02,271.30,183,Opening
1IV2511J4,09:00:02,271.30,14,Opening
1IV2511J3,09:00:02,271.30,57,Opening
1IV2511J2,09:00:02,271.30,1,Opening
1IV2511J1,09:00:02,271.30,75,Opening
1IV2511J0,09:00:02,271.30,6,Opening
1IV2511IZ,09:00:02,271.30,2,Opening
1IV2511IY,09:00:02,271.30,11,Opening
1IV2511IX,09:00:02,271.30,56,Opening
1IV2511IW,09:00:02,271.30,64,Opening
1IV2511IV,09:00:02,271.30,176,Opening
1IV2511IU,09:00:02,271.30,4,Opening
1IV2511IT,09:00:02,271.30,19,Opening
1IV2511IS,09:00:02,271.30,5,Opening
1IV2511IR,09:00:02,271.30,1,Opening
1IV2511IQ,09:00:02,271.30,10,Opening
1IV2511IP,09:00:02,271.30,18,Opening
1IV2511IO,09:00:02,271.30,100,Opening
1IV2511IN,09:00:02,271.30,171,Opening
1IV2511IM,09:00:02,271.30,39,Opening
1IV2511IL,09:00:02,271.30,794,Opening
1IV2511IK,09:00:02,271.30,504,Opening
1IV2511IJ,09:00:02,271.30,1 074,Opening
1IV2511II,09:00:02,271.30,1 600,Opening
1IV2511IH,09:00:02,271.30,10,Opening
1IV2511IG,09:00:02,271.30,4,Opening
1IV2511IF,09:00:02,271.30,40,Opening
1IV2511IE,09:00:02,271.30,460,Opening
1IV2511ID,09:00:02,271.30,1 997,Opening
1IV2511IC,09:00:02,271.30,357,Opening
1IV2511IB,09:00:02,271.30,480,Opening
1IV2511IA,09:00:02,271.30,546,Opening
1IV2511I9,09:00:02,271.30,308,Opening
1IV2511I8,09:00:02,271.30,392,Opening
1IV2511I7,09:00:02,271.30,560,Opening
1IV2511I6,09:00:02,271.30,421,Opening
1IV2511I5,09:00:02,271.30,20,Opening
1IV2511I4,09:00:02,271.30,21,Opening
1IV2511I3,09:00:02,271.30,1,Opening
1IV2511I2,09:00:02,271.30,893,Opening
1IV2511I1,09:00:02,271.30,380,Opening
1IV2511I0,09:00:02,271.30,137,Opening
1IV2511HZ,09:00:02,271.30,1 163,Opening
1IV2511HY,09:00:02,271.30,461,Opening
1IV2511HX,09:00:02,271.30,6,Opening
1IV2511HW,09:00:02,271.30,10,Opening
1IV2511HV,09:00:02,271.30,1 050,Opening
1IV2511HU,09:00:02,271.30,35,Opening
1IV2511HT,09:00:02,271.30,1 275,Opening
1IV2511HS,09:00:02,271.30,1,Opening
1IV2511HR,09:00:02,271.30,1 670,Opening
1IV2511HQ,09:00:02,271.30,536,Opening
1IV2511HP,09:00:02,271.30,495,Opening
1IV2511HO,09:00:02,271.30,1,Opening
1IV2511HN,09:00:02,271.30,10,Opening
1IV2511HM,09:00:02,271.30,86,Opening
1IV2511HL,09:00:02,271.30,12,Opening
1IV2511HK,09:00:02,271.30,19,Opening
1IV2511HJ,09:00:02,271.30,62,Opening
1IV2511HI,09:00:02,271.30,55,Opening
1IV2511HH,09:00:02,271.30,650,Opening
1IV2511HG,09:00:02,271.30,333,Opening
1IV2511HF,09:00:02,271.30,3 429,Opening
1IV2511HE,09:00:02,271.30,85,Opening
1IV2511HD,09:00:02,271.30,1 096,Opening
1IV2511HC,09:00:02,271.30,305,Opening
1IV2511HB,09:00:02,271.30,200,Opening
1IV2511HA,09:00:02,271.30,500,Opening
1IV2511H9,09:00:02,271.30,564,Opening
1IV2511H8,09:00:02,271.30,7,Opening
1IV2511H7,09:00:02,271.30,1,Opening
1IV2511H6,09:00:02,271.30,45,Opening
1IV2511H5,09:00:02,271.30,2,Opening
1IV2511H4,09:00:02,271.30,1,Opening
1IV2511H3,09:00:02,271.30,8,Opening
1IV2511H2,09:00:02,271.30,24,Opening
1IV2511H1,09:00:02,271.30,2,Opening
1IV2511H0,09:00:02,271.30,97,Opening
1IV2511GZ,09:00:02,271.30,37,Opening
1IV2511GY,09:00:02,271.30,1,Opening
1IV2511GX,09:00:02,271.30,15,Opening
1IV2511GW,09:00:02,271.30,6,Opening
1IV2511GV,09:00:02,271.30,4,Opening
1IV2511GU,09:00:02,271.30,2,Opening
1IV2511GT,09:00:02,271.30,29,Opening
1IV2511GS,09:00:02,271.30,249,Opening
1IV2511GR,09:00:02,271.30,1,Opening
1IV2511GQ,09:00:02,271.30,5,Opening
1IV2511GP,09:00:02,271.30,5,Opening
1IV2511GO,09:00:02,271.30,4,Opening
1IV2511GN,09:00:02,271.30,2,Opening
1IV2511GM,09:00:02,271.30,3,Opening
1IV2511GL,09:00:02,271.30,4,Opening
1IV2511GK,09:00:02,271.30,3,Opening
1IV2511GJ,09:00:02,271.30,1,Opening
1IV2511GI,09:00:02,271.30,3,Opening
1IV2511GH,09:00:02,271.30,1,Opening
1IV2511GG,09:00:02,271.30,3,Opening
1IV2511GF,09:00:02,271.30,378,Opening
1IV2511GE,09:00:02,271.30,26,Opening
1IV2511GD,09:00:02,271.30,10,Opening
1IV2511GC,09:00:02,271.30,201,Opening
1IV2511GB,09:00:02,271.30,171,Opening
1IV2511GA,09:00:02,271.30,1 057,Opening
1IV2511G9,09:00:02,271.30,681,Opening
1IV2511G8,09:00:02,271.30,5,Opening
1IV2511G7,09:00:02,271.30,157,Opening
1IV2511G6,09:00:02,271.30,341,Opening
1IV2511G5,09:00:02,271.30,42,Opening
1IV2511G4,09:00:02,271.30,5,Opening
1IV2511G3,09:00:02,271.30,1 433,Opening
1IV2511G2,09:00:02,271.30,32,Opening
1IV2511G1,09:00:02,271.30,9,Opening
1IV2511G0,09:00:02,271.30,16,Opening
1IV2511FZ,09:00:02,271.30,80,Opening
1IV2511FY,09:00:02,271.30,32,Opening
1IV2511FX,09:00:02,271.30,20,Opening
1IV2511FW,09:00:02,271.30,1,Opening
1IV2511FV,09:00:02,271.30,484,Opening
1IV2511FU,09:00:02,271.30,13,Opening
1IV2511FT,09:00:02,271.30,36,Opening
1IV2511FS,09:00:02,271.30,6,Opening
1IV2511FR,09:00:02,271.30,9,Opening
1IV2511FQ,09:00:02,271.30,300,Opening
1IV2511FP,09:00:02,271.30,1,Opening
1IV2511FO,09:00:02,271.30,2,Opening
1IV2511FN,09:00:02,271.30,191,Opening
1IV2511FM,09:00:02,271.30,176,Opening
5DD16VUM,08:33:28,265.02,106,OffBook On Exchange
